
1	50052	100078	100130	249580	150732	

2	50044	100048	100128	249484	150708	

3	50041	100038	100126	249472	150680	

4	50038	100016	100136	249392	150672	

5	50035	100004	100136	249358	150658	
5	
0	0	1	0	0	0	1	0	0	0	1	0	1	1	0	0	0	1	1	1	0	1	2	1	1	1	0	1	0	0	0	0	0	0	1	0	0	1	1	0	1	0	1	0	0	0	0	1	1	0	1	0	0	0	0	0	0	0	0	1	1	0	0	1	0	1	0	1	0	0	0	0	0	0	1	0	0	0	0	1	0	1	1	0	1	0	1	1	0	0	1	0	0	0	0	1	1	0	0	0	
1	0	1	1	1	0	0	0	1	0	0	1	1	1	1	1	1	0	0	0	0	0	0	0	1	0	1	0	0	0	1	0	1	1	0	0	2	0	1	0	1	0	0	0	0	1	1	0	1	1	1	1	1	0	1	1	0	0	1	0	0	1	1	1	0	0	0	1	1	1	0	1	1	0	0	1	0	1	0	2	1	0	0	0	1	1	1	0	0	1	0	1	1	1	0	1	1	0	0	0	
1	0	0	1	1	0	1	0	1	1	1	1	0	1	0	1	1	1	0	1	0	0	0	1	1	2	1	0	1	0	0	0	0	0	1	1	0	1	1	1	0	1	1	1	0	1	1	1	1	1	1	0	1	0	0	1	1	1	0	0	1	0	2	1	1	1	1	1	0	1	1	0	1	1	0	0	1	0	0	1	1	1	1	0	0	1	1	2	0	0	0	0	0	0	1	1	0	0	0	1	
0	1	1	1	0	1	0	0	1	1	0	0	1	0	2	1	0	1	0	0	0	0	1	0	1	0	0	0	2	0	0	1	0	0	0	1	1	0	1	1	0	0	0	0	0	1	1	1	0	1	1	1	1	1	1	0	1	0	0	2	1	1	1	0	1	0	1	0	0	0	0	0	1	1	0	0	0	1	0	1	0	0	0	1	0	1	0	0	1	1	0	1	1	1	0	0	0	0	1	1	
1	0	1	1	1	2	0	1	1	2	0	1	0	0	1	0	1	1	0	0	0	1	0	1	0	1	1	1	0	1	1	1	1	0	1	1	1	1	0	1	1	0	1	1	1	1	1	1	0	0	1	1	0	1	0	0	0	2	0	1	1	1	0	0	0	1	1	1	2	0	0	0	1	0	0	2	1	1	1	0	0	1	0	1	0	0	0	0	1	1	1	0	1	1	0	0	0	1	1	1	
1	1	0	0	0	0	1	1	0	0	0	0	1	1	1	1	0	1	1	1	1	0	1	1	0	0	1	0	1	0	1	1	1	0	0	1	1	0	1	1	0	0	0	0	1	0	1	1	0	0	1	2	0	1	0	0	1	1	1	1	0	0	0	1	0	1	1	0	1	1	0	0	1	1	1	1	1	1	0	1	0	0	1	0	1	1	0	1	0	0	1	1	1	1	1	1	1	1	1	1	
1	0	0	0	0	0	0	1	0	1	0	0	1	0	1	0	0	1	0	1	1	0	0	1	0	0	1	0	0	1	1	0	0	0	0	1	0	0	0	0	1	1	0	0	1	1	0	1	0	0	1	0	1	1	0	1	0	0	1	1	1	0	1	0	1	2	1	1	1	0	0	1	0	1	1	2	1	0	1	1	1	1	1	1	1	0	1	1	0	1	1	0	0	1	1	1	1	0	1	1	
0	0	0	0	0	0	1	1	1	1	0	1	1	0	1	1	1	1	0	0	0	1	0	0	1	0	0	0	0	0	1	1	1	0	0	0	0	0	1	1	1	2	2	0	1	1	1	1	1	0	0	0	0	1	1	0	0	0	0	0	1	0	1	1	0	1	0	1	1	1	1	1	0	0	1	0	1	1	0	0	1	1	0	1	1	0	0	1	0	1	0	0	1	1	1	1	1	0	1	1	
0	0	0	1	1	1	0	0	1	1	1	0	1	0	0	2	0	1	1	1	1	1	0	0	1	0	1	0	1	0	0	1	0	1	1	1	1	0	0	0	1	0	1	0	0	1	1	1	1	0	1	0	1	0	0	1	0	0	0	1	1	0	0	1	0	0	1	1	1	1	1	0	0	0	1	1	1	0	1	0	2	1	0	0	0	1	0	0	1	1	1	0	0	1	1	1	1	0	0	0	
0	0	0	1	1	1	0	2	0	0	1	0	1	0	1	0	0	0	0	0	1	1	1	1	0	1	0	1	0	1	0	0	1	1	0	1	0	0	1	1	1	0	1	1	0	0	1	0	0	0	0	0	1	1	1	0	0	0	0	0	1	1	0	1	0	0	0	0	0	0	0	1	1	1	1	0	0	0	1	0	0	1	2	1	0	1	0	1	0	0	1	1	1	1	0	0	1	0	0	0	
1	1	1	0	0	1	0	0	2	1	1	0	1	1	1	0	1	2	0	0	1	1	0	0	0	0	1	0	0	0	1	1	0	0	0	0	1	1	0	0	1	1	0	0	1	0	1	0	1	1	0	0	0	1	0	1	1	1	1	0	1	0	1	1	1	1	0	0	0	1	0	0	0	0	1	1	0	0	0	1	1	0	0	0	0	1	2	0	1	1	1	0	0	0	1	1	1	0	1	0	
0	0	1	0	1	1	0	0	1	0	0	1	0	0	0	0	1	0	1	1	1	1	1	0	1	1	0	0	0	0	1	0	1	1	0	2	0	1	1	1	1	0	1	0	1	0	1	0	0	0	0	1	0	2	0	0	1	0	1	1	0	0	0	1	0	1	0	0	0	0	0	1	0	1	0	1	1	1	1	1	0	2	0	1	0	0	1	1	0	1	0	0	1	1	0	1	0	1	1	1	
1	1	1	0	1	0	0	1	0	1	1	1	0	1	1	1	1	0	0	0	1	0	0	1	0	0	0	0	0	1	1	0	0	1	0	0	0	0	0	1	1	1	0	2	0	0	1	1	0	1	1	0	1	2	1	1	2	1	1	0	1	1	0	0	1	0	0	0	0	1	1	0	0	1	0	1	1	0	1	0	0	1	0	0	0	0	0	0	1	1	1	0	0	1	1	1	1	1	0	1	
1	1	1	1	1	0	1	1	0	1	1	1	0	0	2	0	1	1	0	0	0	0	0	1	0	1	0	0	0	1	0	0	1	0	0	1	0	1	1	0	1	0	1	1	0	1	0	0	0	1	0	0	0	1	0	0	0	0	1	0	0	1	0	1	0	0	0	1	1	1	2	1	0	0	1	0	1	1	0	1	1	0	0	0	0	1	0	1	0	1	1	1	1	0	1	0	1	1	0	1	
1	1	1	1	0	0	1	1	1	0	1	1	0	1	0	0	1	1	1	0	1	1	0	0	1	0	0	0	0	1	0	1	1	0	0	1	1	1	0	0	1	0	0	2	0	0	1	0	1	0	1	0	1	1	0	0	1	0	0	1	1	0	1	1	1	0	0	1	0	1	0	0	1	0	0	1	0	0	0	1	0	0	1	1	0	1	1	0	1	0	1	0	0	0	0	0	0	0	0	1	
1	1	0	1	1	0	0	0	0	0	0	0	1	1	0	1	1	1	1	0	0	1	0	0	1	0	1	1	0	1	1	1	1	1	0	0	1	1	0	0	1	0	1	0	0	1	0	1	0	2	1	1	0	1	1	0	1	1	0	0	0	1	1	0	0	0	0	0	1	0	0	0	1	1	0	1	1	1	1	0	0	1	0	0	1	1	0	1	0	1	0	1	1	0	0	1	0	0	0	1	
0	0	1	1	0	0	1	0	1	0	0	0	1	0	1	1	0	2	0	1	1	1	0	0	0	0	1	1	0	1	0	0	0	1	1	0	0	1	1	2	1	0	1	1	1	1	0	0	0	1	1	0	1	0	1	0	1	1	1	1	0	0	0	0	1	2	0	1	1	1	1	1	1	0	0	1	1	1	1	1	1	0	0	0	1	0	1	1	1	1	0	0	0	1	1	1	0	0	0	1	
2	1	0	0	0	1	0	1	1	0	1	0	0	1	0	1	0	1	0	0	1	1	0	1	0	1	1	0	0	2	0	0	0	1	0	1	1	1	0	1	1	0	1	0	0	1	1	0	1	0	0	1	0	0	0	1	0	1	1	1	1	0	0	0	0	0	1	1	0	1	1	0	0	0	1	1	0	1	0	1	0	1	1	0	0	1	1	1	1	1	2	1	0	0	1	1	1	0	1	1	
1	1	0	0	1	1	1	0	1	2	0	0	0	1	0	1	1	1	1	1	0	1	0	1	0	0	1	0	0	1	0	1	1	0	0	0	0	0	1	0	0	0	1	0	1	1	0	1	0	1	0	1	0	1	1	1	1	1	1	0	0	0	1	0	1	1	1	0	0	0	1	1	1	1	1	2	0	0	0	0	1	1	1	1	0	1	1	1	0	2	1	0	1	0	0	0	1	0	1	0	
0	0	1	2	1	0	1	1	0	0	1	0	1	1	1	0	0	0	1	1	0	0	1	1	0	1	0	1	0	0	0	0	0	0	0	0	0	1	1	1	1	1	0	0	0	0	1	0	1	0	0	1	1	0	1	1	1	1	1	0	1	0	1	0	1	1	1	0	0	1	0	0	0	1	0	1	1	1	0	0	1	0	1	0	0	0	0	1	0	1	1	1	1	1	0	1	1	1	1	1	
0	1	0	0	1	0	0	0	0	0	1	0	1	0	1	2	1	0	0	0	1	0	0	1	1	0	1	1	0	0	1	0	1	0	0	1	0	0	1	1	1	1	1	0	1	0	0	0	1	1	1	1	0	0	0	0	1	0	1	1	0	1	0	1	0	1	0	0	0	0	1	1	1	0	1	1	2	0	1	1	0	1	0	0	0	2	1	0	0	0	1	1	1	1	1	0	1	1	0	0	
1	0	0	1	0	0	1	1	1	1	0	1	1	1	1	1	0	0	1	1	1	1	0	1	1	1	1	1	0	0	1	0	0	0	1	0	1	0	0	1	0	0	0	0	1	0	0	0	0	1	0	0	0	1	0	0	1	0	0	1	1	1	1	0	0	0	0	0	0	1	1	0	1	0	2	0	0	0	0	1	0	0	0	1	0	1	0	0	1	0	1	1	0	0	0	0	1	1	0	0	
1	1	0	0	0	1	0	1	0	0	1	1	0	0	1	0	1	1	1	0	0	0	0	0	0	1	0	1	0	1	1	1	1	1	0	0	0	1	0	1	1	0	0	0	0	1	2	1	1	0	1	1	1	1	0	0	1	1	1	1	0	1	0	1	1	1	1	0	0	2	1	1	0	0	0	0	1	1	1	0	1	1	1	0	0	1	1	0	1	0	1	0	0	1	0	0	0	1	1	0	
1	1	0	1	0	0	1	1	2	1	0	0	0	2	1	1	0	0	1	1	1	0	1	1	1	1	0	1	1	0	1	0	1	2	0	0	0	0	1	0	0	0	1	1	1	1	1	0	0	0	1	0	0	1	0	0	0	0	0	0	0	0	0	1	1	0	0	1	1	2	0	0	1	0	2	1	0	0	1	0	0	1	0	1	1	1	2	0	1	0	1	2	1	0	0	0	0	0	0	0	
1	1	0	0	1	0	0	0	0	1	0	1	1	0	1	1	1	1	0	0	1	1	1	2	1	0	0	1	0	1	0	1	1	1	1	1	0	1	1	0	1	1	1	1	0	0	0	0	0	0	0	0	1	1	1	0	0	1	1	1	1	1	0	1	1	1	1	1	1	0	1	0	0	1	0	1	0	1	0	1	0	1	0	1	0	0	0	1	1	1	1	0	0	1	0	2	0	1	1	0	
0	1	0	0	1	1	1	1	0	1	1	2	0	0	0	0	1	1	0	0	0	0	1	1	0	0	1	1	1	1	1	1	1	1	1	0	1	1	0	0	0	0	0	1	1	0	1	1	0	1	0	1	0	0	0	0	1	0	0	1	1	0	1	0	1	0	1	1	1	1	1	0	0	0	1	1	0	0	0	1	0	0	0	1	0	1	0	0	1	1	0	1	0	1	1	0	1	0	1	1	
0	2	1	0	0	0	1	1	0	0	1	0	1	1	0	0	0	1	1	0	0	0	0	0	0	0	0	1	0	0	1	0	1	1	0	1	0	1	0	1	1	0	0	0	1	1	1	2	0	1	1	1	0	0	1	0	0	1	1	1	0	0	0	0	0	0	0	1	0	0	0	0	1	0	0	1	1	1	1	0	0	1	1	0	0	1	1	0	1	0	1	0	0	1	2	0	1	1	0	0	
1	0	0	0	1	0	0	0	1	0	0	0	1	0	1	0	0	1	2	1	0	1	0	1	1	1	0	1	0	0	0	1	0	0	1	1	0	0	0	1	0	0	2	0	1	1	2	0	0	0	0	1	1	0	1	0	1	0	0	1	1	1	0	1	1	1	0	0	2	1	0	0	1	1	1	0	1	1	1	0	1	1	1	1	1	0	0	1	0	0	0	1	1	0	0	0	1	1	1	0	
0	0	0	0	0	0	1	0	0	0	0	1	0	0	1	0	0	1	2	0	1	0	0	1	1	1	0	0	1	1	0	0	1	1	1	1	1	1	0	1	1	1	0	1	1	1	0	0	0	0	1	1	1	1	1	0	1	0	1	1	1	1	1	0	0	1	0	0	1	0	1	0	0	0	1	2	0	0	0	1	0	0	0	1	1	1	1	0	0	0	0	1	0	0	0	0	1	1	1	0	
1	1	0	0	1	0	0	0	1	1	0	1	1	1	0	0	2	1	0	1	1	1	1	0	0	0	1	1	1	1	1	0	0	0	0	1	0	1	0	0	0	1	1	0	1	0	1	0	1	0	0	1	0	1	0	1	1	0	1	1	1	0	2	1	0	1	0	1	0	0	0	1	0	1	1	1	1	1	1	1	0	0	0	1	1	0	1	1	1	0	0	1	2	1	0	1	2	0	1	0	
0	0	0	1	1	0	0	0	1	0	0	1	0	0	0	0	0	0	0	1	0	1	1	0	2	1	0	0	0	0	1	0	0	1	0	1	0	0	0	2	1	1	1	1	1	1	1	1	0	0	1	0	0	0	1	0	0	0	1	1	0	0	1	1	1	0	1	0	0	0	1	1	0	1	0	0	1	1	1	0	0	1	0	1	1	0	0	1	1	0	0	1	0	0	1	1	1	1	1	1	
0	1	0	1	1	0	0	1	1	1	1	1	1	1	1	0	1	1	1	1	0	0	0	1	2	0	1	1	0	1	0	0	0	1	0	1	1	0	1	1	0	0	1	1	1	1	1	0	0	1	0	0	1	0	1	0	0	0	1	0	1	1	0	0	1	1	1	0	1	0	0	1	1	1	1	1	0	0	1	1	0	0	0	1	1	1	0	0	0	1	1	0	2	0	1	1	1	1	0	0	
1	0	1	0	1	0	1	0	1	1	0	0	0	0	0	1	0	1	0	0	1	1	1	0	0	1	1	0	0	1	1	1	0	0	1	0	0	1	1	0	0	0	1	1	1	0	0	0	1	1	1	1	0	0	1	1	1	0	1	0	1	0	1	1	0	0	0	0	1	0	0	1	1	0	0	0	0	0	0	1	1	0	0	0	0	1	0	0	0	0	1	0	1	0	0	0	0	0	1	1	
1	1	1	0	0	0	0	1	1	1	0	0	0	0	1	0	0	1	2	1	0	1	2	1	1	1	0	1	0	1	1	1	1	0	2	0	1	1	0	0	1	0	0	0	1	1	0	2	1	0	1	1	1	1	1	1	0	1	0	0	0	0	1	0	0	0	0	0	0	1	0	1	0	1	1	1	0	1	1	1	0	1	0	0	1	1	0	0	1	1	1	1	1	1	1	1	1	1	0	0	
1	1	1	1	1	0	0	0	1	1	1	0	0	1	1	1	0	0	0	0	0	0	0	1	0	0	1	0	1	1	1	0	0	1	1	0	0	0	0	1	1	1	1	1	0	1	0	0	1	0	0	1	1	1	1	0	1	0	1	0	0	1	1	1	1	0	1	0	0	0	0	0	1	0	0	1	1	0	0	1	0	1	0	1	1	1	1	1	0	1	2	0	1	1	1	0	0	0	0	0	
0	0	1	0	1	0	1	0	0	1	1	0	0	0	1	1	0	1	1	1	1	1	1	0	1	0	0	1	0	0	1	1	0	0	1	0	1	0	1	1	0	0	0	0	1	0	0	1	1	1	0	1	1	1	1	1	1	0	0	0	0	1	1	1	0	0	0	1	0	1	1	0	1	1	1	1	0	0	1	0	0	0	0	1	1	1	0	0	0	1	2	0	0	0	0	0	0	0	0	0	
1	1	2	1	1	0	0	1	0	1	0	0	0	0	1	0	2	0	1	0	0	1	1	0	1	0	1	1	0	0	1	0	0	0	0	1	1	1	0	0	0	0	0	0	1	0	1	1	1	0	0	0	1	1	1	0	0	1	0	0	1	0	1	1	1	1	1	0	0	1	0	1	0	0	1	0	0	0	0	1	0	1	1	0	1	0	1	1	0	0	0	1	0	0	1	1	0	0	0	0	
1	0	0	0	0	0	0	0	1	1	0	1	0	1	0	1	1	2	1	0	0	1	1	0	0	0	0	1	0	1	0	0	0	0	0	1	1	0	1	1	1	1	1	1	0	2	1	1	1	1	0	0	1	1	0	1	0	0	1	1	0	1	0	0	1	0	1	1	1	0	0	1	1	1	0	0	1	0	1	0	0	0	0	2	1	1	1	0	0	1	1	1	0	1	0	0	1	1	0	0	
1	0	1	0	0	0	0	0	0	1	1	1	1	0	1	0	0	0	1	0	1	0	1	0	0	0	0	0	1	1	1	1	1	0	1	0	1	1	1	0	1	0	0	0	0	1	0	1	1	0	1	0	0	0	1	0	1	0	0	1	1	1	1	0	0	0	1	1	1	1	0	1	1	0	1	1	0	2	1	2	1	0	1	0	0	1	0	0	0	1	1	1	0	0	1	0	0	1	0	1	
2	1	1	0	0	1	2	0	1	1	0	0	1	1	1	0	1	0	1	1	0	0	1	1	0	0	0	0	0	0	1	0	0	1	0	0	0	1	1	1	0	1	1	0	0	1	0	1	0	0	1	0	1	1	0	1	0	0	1	0	1	1	0	0	1	1	0	1	0	1	0	1	1	1	1	0	0	2	1	1	1	1	1	1	0	0	0	0	0	1	0	1	0	0	0	2	1	0	0	0	
1	0	0	0	0	1	0	0	1	1	0	1	1	0	0	0	0	0	1	1	0	2	1	1	0	1	1	1	1	0	1	0	1	0	0	0	0	1	0	1	0	1	1	0	0	0	1	0	1	1	1	1	1	0	0	1	1	1	1	1	1	1	1	0	0	0	1	1	1	0	1	0	0	0	1	0	0	0	1	1	0	1	1	1	1	0	0	0	0	0	1	1	0	0	0	0	1	1	0	1	
0	1	1	1	0	0	0	1	1	1	1	1	1	0	1	1	0	1	0	0	0	2	0	0	1	1	1	1	1	1	1	0	1	1	1	1	0	1	0	1	0	1	1	1	0	0	0	0	1	1	0	0	0	1	0	0	1	1	1	1	1	1	1	0	0	0	0	1	1	1	1	0	0	1	1	1	0	0	1	0	0	1	0	1	1	0	1	0	1	0	0	0	0	0	0	0	0	0	0	1	
0	1	1	0	0	0	0	0	1	1	1	0	1	0	0	1	0	0	1	1	0	0	1	0	1	1	0	0	0	1	1	1	1	1	0	0	0	0	0	0	1	0	1	0	1	0	1	0	0	1	0	0	0	1	1	0	1	0	1	0	0	0	0	0	1	0	1	1	0	0	1	1	1	0	1	1	0	1	1	0	0	0	0	1	0	0	0	0	0	2	0	0	0	1	0	1	2	0	1	0	
1	0	0	0	1	0	0	1	1	1	0	1	1	0	1	0	1	0	0	1	1	1	0	1	1	1	0	0	0	0	1	0	1	1	1	0	1	0	0	1	0	2	1	0	0	0	1	1	1	1	1	2	1	1	1	1	0	1	0	0	0	0	1	0	0	0	0	1	0	0	0	1	1	1	0	1	0	1	0	1	1	1	0	0	1	1	0	1	0	1	1	0	1	0	0	0	0	0	1	1	
0	0	1	1	1	0	0	0	0	0	1	1	1	1	0	0	1	0	1	1	0	0	0	1	1	0	1	0	1	0	0	1	1	0	1	0	1	0	0	1	1	1	1	0	0	1	1	0	1	1	1	0	1	1	0	1	1	0	0	1	1	0	0	1	1	1	2	0	0	0	1	1	0	1	0	1	0	1	0	0	0	1	2	1	0	0	2	1	0	0	0	0	1	1	0	0	1	0	2	1	
1	0	0	1	0	0	0	1	0	1	1	1	1	0	0	1	2	1	1	0	1	0	0	0	0	1	1	1	0	1	0	1	1	1	0	1	1	1	1	1	1	0	1	1	1	1	1	1	1	1	0	1	0	1	0	1	1	1	0	0	1	0	0	1	1	1	1	1	0	0	2	1	1	0	0	0	0	0	0	1	0	1	1	0	0	0	1	1	0	0	1	0	1	0	0	1	1	1	0	0	
1	1	0	0	1	0	1	1	1	1	1	0	0	1	1	1	0	0	2	1	0	1	0	0	0	1	1	1	1	1	1	0	1	0	0	1	0	0	1	1	0	1	1	2	0	1	1	1	0	1	1	0	1	1	0	1	0	1	1	0	1	1	1	1	0	0	0	0	0	0	1	1	0	0	0	0	1	1	0	0	0	1	1	0	0	0	0	1	0	1	0	0	1	0	1	0	1	0	0	0	
0	1	2	0	0	1	0	1	1	1	0	0	0	0	0	0	1	1	0	0	0	0	0	1	1	1	0	1	1	1	0	1	1	1	0	0	1	0	1	0	1	1	1	0	1	1	0	1	0	1	1	1	0	1	0	0	1	0	0	0	0	0	1	0	0	0	0	1	0	0	0	1	0	1	0	0	0	1	0	1	0	1	0	0	0	0	0	0	0	2	1	1	0	1	0	0	0	1	0	1	
1	0	1	1	1	0	0	1	0	0	1	1	1	1	1	1	0	1	0	0	0	2	0	0	1	0	1	0	1	1	0	2	0	1	1	1	1	2	1	0	0	1	0	0	1	1	0	0	0	1	0	0	0	1	0	0	0	0	0	1	0	1	0	0	0	1	1	1	0	0	0	1	1	1	0	0	0	0	0	0	0	0	0	0	0	0	0	1	1	1	1	0	1	1	0	0	1	0	1	0	
0	0	1	0	0	1	0	0	1	1	0	1	1	1	1	1	1	1	0	0	1	1	1	1	1	1	1	1	1	1	1	1	0	0	1	0	1	0	0	0	0	1	1	1	1	0	1	1	0	0	1	0	1	0	1	1	1	0	0	0	0	0	1	0	0	0	0	0	1	0	0	1	1	1	0	1	0	0	0	1	1	1	1	1	0	0	1	0	1	0	1	1	1	1	0	1	1	0	2	0	
1	1	0	1	0	1	1	0	1	1	0	0	0	1	0	0	1	1	0	1	1	1	0	0	1	0	0	1	1	1	1	1	1	1	0	1	0	0	1	1	1	0	0	0	1	0	0	0	1	1	2	0	2	0	1	1	0	0	1	1	1	0	1	1	2	1	0	1	1	1	1	0	1	0	1	0	0	1	0	1	0	0	1	1	1	1	1	0	0	0	1	0	1	0	0	0	1	0	1	2	
0	0	0	0	1	1	1	0	1	1	0	1	0	1	0	1	1	1	1	0	1	0	0	1	1	1	0	0	1	1	1	1	0	0	1	0	0	1	0	1	0	1	0	0	1	1	0	1	1	1	0	1	1	0	1	2	0	1	1	0	1	1	0	0	2	1	1	0	0	1	0	0	0	0	0	1	0	0	2	0	1	1	0	2	0	0	0	1	1	0	0	0	0	0	0	1	0	0	1	0	
1	1	0	1	1	0	0	1	1	1	0	1	0	0	1	1	0	0	0	0	1	1	0	1	0	0	0	0	2	1	0	1	1	0	2	0	0	0	1	0	1	1	0	1	1	0	1	1	0	0	0	1	0	1	1	0	1	0	1	0	0	0	0	0	2	0	1	1	1	0	1	0	0	1	0	0	1	1	0	0	1	0	0	1	1	1	0	0	1	1	0	1	1	0	0	1	0	0	0	1	
1	0	1	0	0	0	0	1	0	1	0	0	0	0	1	0	1	0	0	0	1	0	0	0	0	0	0	1	0	0	0	1	1	1	1	0	1	1	0	1	0	0	1	1	1	1	0	1	0	0	1	1	0	1	0	1	1	1	1	1	0	1	1	1	1	0	1	0	0	1	0	0	0	1	1	1	1	1	1	0	0	0	0	0	1	1	1	0	0	1	1	0	1	0	1	0	1	0	1	0	
1	1	0	0	0	1	0	1	1	1	0	1	0	0	0	1	0	0	1	1	1	1	0	0	0	0	0	0	0	0	0	0	1	1	0	0	1	0	1	0	1	1	0	0	0	1	0	0	0	0	1	1	1	1	1	0	1	1	0	0	0	1	1	1	0	1	0	1	0	1	0	0	1	0	0	0	1	0	1	0	0	0	1	0	1	0	1	1	0	0	1	1	1	1	0	0	0	1	0	0	
0	0	0	1	1	0	1	1	0	0	0	0	0	0	0	1	1	1	1	0	1	1	1	0	1	0	1	0	0	1	0	0	1	0	1	1	2	1	1	1	1	0	1	1	0	0	0	1	1	1	1	1	0	1	0	1	0	0	0	1	1	1	0	0	0	1	0	0	0	0	1	1	0	0	0	1	1	0	0	1	1	0	1	1	1	0	1	0	0	1	0	1	0	1	0	0	1	0	2	1	
0	1	1	0	0	1	1	0	0	1	1	0	1	0	1	1	0	0	1	1	0	0	0	2	1	0	0	1	0	0	0	1	1	0	0	0	1	1	1	0	0	0	0	1	1	1	1	0	1	0	0	0	1	1	1	1	0	1	0	1	0	1	0	1	1	0	0	1	1	0	0	0	0	1	0	1	0	0	0	1	2	1	0	1	0	0	1	1	1	0	0	0	0	0	1	1	0	0	1	1	
1	1	0	1	1	0	0	0	0	0	1	0	0	1	0	1	0	0	0	1	0	0	1	1	1	1	1	0	0	1	0	1	0	0	0	1	1	0	1	0	0	0	1	1	1	0	0	1	1	1	1	1	0	0	1	0	1	1	1	1	0	1	0	1	0	1	0	0	1	0	0	0	0	1	1	0	0	0	1	1	0	0	0	1	0	1	0	0	1	1	0	0	0	1	1	1	0	0	1	0	
1	1	1	2	1	0	1	0	0	0	1	1	2	0	0	1	1	0	0	1	0	1	0	0	1	0	1	0	0	0	1	0	0	0	1	1	0	2	0	0	0	1	0	0	1	1	1	1	1	0	0	0	0	0	1	0	0	1	0	1	0	0	0	1	0	0	0	1	0	0	1	1	1	0	1	0	1	0	1	0	0	0	0	1	0	1	1	0	0	0	0	1	1	1	0	0	1	0	1	1	
1	1	0	1	0	0	0	0	1	0	1	0	1	1	1	0	0	0	0	0	1	0	0	1	0	0	1	0	0	0	1	1	1	1	1	2	1	1	1	0	0	1	1	1	0	0	0	1	0	1	0	1	0	1	0	0	0	1	1	0	0	1	1	1	1	1	0	0	1	1	1	0	0	0	0	1	1	0	1	0	1	1	0	1	1	2	0	1	0	1	1	1	0	0	0	0	0	1	1	0	
1	1	0	1	0	1	0	0	0	1	1	0	0	1	0	0	0	1	0	0	0	0	1	1	1	0	1	1	1	0	1	1	0	0	0	1	1	1	0	0	0	1	1	1	1	1	0	0	0	0	1	1	0	1	0	1	1	1	1	0	1	1	0	1	0	1	0	0	1	0	0	0	0	0	1	1	1	1	0	0	0	0	0	0	0	1	1	0	1	0	1	0	0	1	0	0	1	1	0	0	
1	1	0	0	0	0	1	0	1	1	0	0	0	0	1	0	0	1	1	0	0	0	0	1	0	1	1	1	2	0	1	0	0	1	0	0	1	0	0	0	0	0	0	0	1	1	0	2	0	0	0	0	1	1	1	1	1	1	1	1	1	0	0	1	0	1	1	1	1	0	1	1	1	1	1	1	0	0	0	1	1	0	1	2	1	1	0	1	0	0	1	0	1	0	0	1	1	2	1	0	
1	1	1	1	0	1	0	0	1	0	1	1	1	0	0	1	1	1	1	0	1	0	1	1	1	0	0	1	1	0	0	1	1	0	1	1	1	1	1	0	0	2	1	1	0	1	1	0	0	0	0	0	0	1	0	1	0	0	0	0	1	1	1	1	0	0	1	1	0	1	0	1	0	0	0	0	2	0	2	0	0	1	0	1	0	0	1	0	0	1	1	0	0	1	1	0	1	1	0	0	
1	1	1	0	1	0	0	1	1	1	1	0	1	1	0	1	1	0	1	1	0	2	0	0	1	0	0	1	1	0	1	1	0	1	0	0	1	0	0	1	1	0	1	1	1	1	1	0	0	0	0	0	1	1	0	1	0	0	1	1	1	1	0	1	1	1	1	0	1	1	1	0	1	0	1	2	0	2	1	0	1	0	1	0	0	1	1	1	0	0	1	0	1	0	1	0	1	0	1	0	
1	1	0	1	1	1	0	0	1	1	1	0	0	0	0	1	0	0	1	1	0	2	0	0	1	1	1	1	1	1	0	2	1	0	0	0	1	0	0	1	0	1	0	1	1	0	0	0	0	1	1	1	0	0	0	1	1	1	0	1	0	1	0	1	0	1	1	0	0	0	0	1	0	0	1	1	1	1	0	1	1	0	0	0	0	1	1	1	1	0	1	1	0	0	1	0	0	1	1	1	
1	0	0	0	0	1	0	1	0	0	1	0	1	1	1	1	1	1	0	1	0	1	0	1	1	0	1	0	1	0	0	1	1	1	1	0	1	1	1	2	0	0	1	0	1	0	0	0	0	0	1	0	1	0	1	0	0	0	0	1	1	1	0	0	1	0	1	0	0	0	1	1	1	1	1	0	1	1	0	0	1	1	0	0	1	1	1	1	1	2	0	0	0	0	1	0	0	2	1	1	
0	1	0	0	1	0	0	0	0	1	1	0	1	1	0	1	0	0	0	0	0	0	1	0	1	0	0	1	1	0	1	0	0	1	0	1	0	0	0	0	1	0	1	1	1	1	1	1	1	0	1	0	1	1	1	0	2	0	0	0	0	1	0	2	1	0	1	0	1	0	1	1	0	1	0	0	1	1	0	0	0	1	1	0	1	0	0	0	0	0	1	0	0	1	0	0	1	1	0	1	
0	1	0	0	0	0	0	1	1	0	0	1	1	1	0	1	0	0	1	0	0	1	2	1	1	1	1	0	1	0	0	1	0	0	1	0	1	1	1	0	1	1	1	1	1	1	1	1	0	0	0	0	1	1	1	1	0	2	0	0	0	1	1	0	1	1	0	0	0	0	0	1	1	1	0	1	1	0	1	1	1	0	1	1	0	0	1	0	0	1	0	1	0	0	0	1	1	1	0	1	
0	1	0	1	0	2	0	1	1	1	0	0	1	0	1	0	0	1	0	1	1	1	1	0	1	0	1	1	1	1	0	1	0	1	0	0	1	0	0	0	0	1	0	0	1	0	1	1	0	0	0	1	0	0	1	0	0	1	0	0	0	0	0	0	1	0	1	0	0	1	1	0	1	0	1	0	1	0	1	1	1	0	0	0	0	1	1	1	0	1	1	0	1	1	0	1	1	1	1	1	
0	0	1	1	1	0	1	0	1	1	0	1	0	1	1	0	1	1	0	1	0	0	1	0	0	1	0	0	0	0	0	0	1	1	0	0	0	0	1	1	2	0	1	0	0	1	0	1	0	0	1	0	0	1	1	1	1	0	1	1	1	2	1	1	1	0	1	1	1	1	1	1	0	0	0	1	1	0	0	1	0	0	0	0	0	1	2	0	0	1	0	1	0	1	0	0	1	1	0	0	
1	1	1	1	0	1	0	1	1	1	0	0	0	0	1	1	1	1	0	0	0	0	0	0	1	0	0	1	2	1	0	0	1	0	1	1	1	1	1	1	0	1	1	1	0	1	0	0	1	0	0	1	0	1	0	0	1	1	1	1	1	0	1	1	1	0	1	0	0	1	1	0	1	0	1	1	1	0	1	1	1	1	1	1	1	2	0	1	1	0	1	1	0	0	0	0	1	1	2	0	
1	0	0	1	0	0	1	0	1	0	1	1	1	1	0	1	0	1	0	1	0	1	0	0	1	1	0	1	1	0	0	0	0	0	0	0	1	1	0	0	1	0	1	1	0	0	0	1	0	1	0	1	0	0	1	0	0	0	0	1	0	0	0	1	1	0	0	1	0	0	1	0	1	0	1	2	1	0	1	1	1	0	1	1	1	0	0	1	1	1	0	0	1	0	0	1	0	0	0	0	
1	0	2	0	0	1	1	0	0	0	0	1	1	1	0	1	1	2	1	1	0	1	0	0	1	0	1	1	0	0	0	1	0	0	1	0	0	0	1	1	1	0	0	1	0	0	1	0	1	0	0	0	1	0	1	1	1	1	0	1	1	1	1	0	1	0	0	0	1	0	0	0	0	1	0	1	1	1	0	0	1	1	1	1	0	0	0	1	1	0	1	0	1	0	0	1	1	1	1	0	
1	0	1	1	0	0	0	0	1	0	0	1	1	1	0	1	0	0	1	1	1	1	1	0	0	1	0	2	0	1	0	0	1	1	1	0	0	1	0	0	0	0	0	0	0	0	0	1	1	1	0	1	0	1	1	1	0	1	1	0	0	1	1	1	1	1	1	2	1	1	1	1	0	1	0	1	2	0	0	0	1	0	0	1	1	1	0	0	0	1	1	1	0	0	1	1	0	0	0	1	
0	1	1	0	0	0	1	1	0	1	0	1	1	1	1	1	1	1	0	0	1	1	0	0	1	1	0	1	1	2	1	0	1	1	0	1	0	0	1	1	0	1	0	0	1	0	0	1	0	1	0	1	1	1	0	0	1	0	1	0	0	1	0	0	1	0	0	0	0	0	0	0	0	1	0	0	0	1	1	1	0	1	0	0	0	0	0	1	1	2	0	0	1	0	1	0	1	1	0	0	
1	0	1	0	1	1	1	1	2	0	1	1	1	0	0	0	0	1	0	1	0	0	1	1	1	0	0	1	0	0	1	1	0	0	1	1	1	1	0	0	0	2	0	0	0	1	1	1	1	1	0	1	1	1	0	0	1	0	1	1	0	1	0	0	1	1	1	0	1	1	0	1	1	0	1	1	1	0	0	0	0	1	0	0	1	1	1	1	1	0	0	1	0	0	1	1	0	0	0	1	
0	1	0	0	1	1	1	0	1	1	0	1	1	1	0	0	0	0	0	0	1	1	1	0	1	0	0	0	0	0	0	2	0	0	1	0	1	0	0	1	1	0	0	0	1	0	1	0	1	0	1	0	1	1	1	0	0	0	0	0	1	0	1	0	1	1	1	0	0	0	1	1	1	0	1	0	0	1	1	0	0	1	0	0	1	0	1	0	0	0	0	0	1	0	0	0	0	1	1	1	
0	1	0	0	1	0	1	0	1	0	0	0	0	1	0	1	0	0	1	1	2	1	1	0	0	2	0	0	1	0	0	1	1	0	2	0	1	0	1	0	1	0	0	0	0	0	0	1	1	0	0	0	1	0	1	0	1	0	1	1	0	0	1	0	2	0	0	1	2	0	0	0	0	1	0	1	1	0	0	1	1	1	1	1	0	1	1	0	1	1	0	0	1	0	1	1	1	1	0	0	
0	0	0	0	1	0	0	0	1	1	1	1	1	1	1	0	1	1	0	1	1	0	0	0	0	0	0	1	1	1	0	1	0	0	0	2	0	1	0	0	0	1	1	0	1	1	1	1	0	1	1	1	0	1	0	0	1	0	1	1	0	0	1	0	0	0	1	1	0	1	1	1	1	0	2	0	1	0	1	1	0	1	1	1	0	1	2	0	0	1	0	0	0	1	0	1	0	0	0	0	
1	0	0	0	1	0	0	1	0	1	0	1	1	1	0	1	0	1	1	0	1	0	1	0	0	1	1	1	0	0	0	0	1	0	1	1	1	0	1	0	1	1	1	1	1	1	0	1	0	0	0	0	0	0	0	0	0	1	1	1	1	0	1	0	0	0	1	1	1	0	1	1	0	1	1	0	1	0	1	0	1	0	0	1	1	0	1	1	1	1	0	1	0	0	0	1	1	0	1	1	
0	1	0	0	0	1	0	0	0	0	0	1	0	0	0	0	0	0	0	0	1	0	0	0	0	0	0	1	0	0	1	0	1	1	1	0	0	1	0	0	1	1	0	1	1	0	1	0	1	1	1	1	0	0	0	0	0	1	0	1	0	1	1	1	1	0	1	1	1	0	1	1	0	0	1	0	1	1	0	1	0	1	1	0	0	0	1	1	1	0	0	1	1	0	1	0	1	0	0	0	
1	1	0	1	0	1	0	0	0	0	0	0	1	0	0	1	1	1	1	1	1	1	1	0	1	0	0	0	1	0	1	0	0	0	0	0	0	0	0	0	1	0	0	0	1	0	0	0	0	1	0	1	0	0	0	1	1	1	0	1	0	0	1	1	0	0	0	0	1	0	1	1	1	1	1	1	0	1	1	1	0	0	1	1	0	0	1	0	0	0	0	1	1	0	1	1	0	0	0	1	
0	0	0	0	0	1	0	0	1	1	1	1	1	2	0	0	1	0	1	0	0	0	0	1	1	0	0	0	2	1	1	0	0	0	0	1	0	0	1	0	1	1	1	0	0	2	0	1	0	1	1	0	0	0	0	1	0	0	0	0	0	1	1	1	0	0	0	1	1	1	0	0	0	1	1	0	0	1	0	1	1	1	1	1	0	0	1	0	0	1	1	0	0	0	1	0	0	1	0	1	
0	1	1	1	1	1	0	0	0	0	1	1	0	2	1	0	1	1	1	1	0	0	1	1	0	1	0	0	0	0	1	0	0	1	2	1	1	1	0	0	0	1	0	1	1	1	0	1	0	0	0	0	1	0	0	1	1	1	0	0	1	1	0	1	1	1	0	1	1	0	0	0	0	1	0	1	1	1	0	0	1	0	0	2	0	1	1	1	0	1	1	0	1	1	0	0	0	0	0	1	
0	0	0	0	0	0	1	1	0	1	0	0	0	1	1	0	0	1	0	0	1	1	2	1	0	0	1	0	1	1	0	0	0	0	0	1	0	0	1	2	1	1	1	1	0	0	1	1	1	1	0	1	1	0	0	1	1	0	0	0	1	1	0	0	0	1	1	0	0	1	0	1	1	1	0	1	0	0	1	1	1	1	1	1	0	1	1	0	0	0	1	0	0	0	0	0	0	0	0	0	
0	1	0	0	0	1	1	0	1	1	0	0	0	0	0	0	0	1	0	0	0	1	1	1	1	1	1	0	0	0	0	0	0	0	0	0	0	1	0	1	1	1	0	1	0	0	1	0	1	0	1	1	1	0	1	0	0	1	1	0	0	1	0	1	1	1	0	0	1	1	0	0	0	1	1	1	1	1	0	0	1	0	0	1	1	1	1	1	0	1	1	0	1	1	1	0	1	1	0	0	
0	1	1	0	0	1	0	1	0	1	1	1	0	1	1	1	1	0	1	1	0	0	1	1	1	0	1	1	1	1	1	0	1	1	1	0	0	1	0	1	1	0	0	1	0	1	1	0	1	0	1	1	0	0	0	1	1	0	0	0	1	1	0	0	0	1	1	0	1	0	1	1	1	0	1	1	1	0	0	2	0	0	1	0	0	1	0	1	1	1	0	0	1	0	0	0	1	1	1	1	
1	0	0	0	1	1	0	0	0	1	0	0	1	1	0	0	0	1	1	0	1	0	1	0	1	0	0	0	0	0	0	1	1	0	0	2	0	1	0	1	0	1	1	1	1	1	0	0	0	1	0	0	0	1	1	0	1	1	1	1	1	0	1	0	0	0	1	1	0	1	1	1	1	1	1	0	1	1	0	0	0	1	1	0	0	0	1	1	1	0	1	1	0	1	1	0	1	0	0	0	
1	1	0	1	0	1	1	0	1	1	1	0	1	0	0	0	1	0	1	1	0	0	0	1	0	1	1	1	0	0	1	1	1	0	1	2	0	0	0	1	0	0	1	1	1	1	0	1	1	0	1	0	1	1	1	0	0	0	1	2	0	1	1	1	1	0	0	0	1	0	1	1	1	1	1	0	1	0	0	1	1	0	0	1	0	0	0	0	0	1	1	1	1	1	0	1	0	0	1	0	
0	1	0	0	0	1	0	0	1	1	0	0	1	0	1	0	0	0	0	0	1	0	1	1	1	1	1	0	1	0	0	1	1	0	0	0	0	1	1	1	1	0	0	0	0	1	1	0	0	0	0	0	0	0	1	0	0	0	0	1	1	1	1	1	0	1	0	0	0	1	0	0	1	0	1	1	1	1	0	0	0	0	0	0	0	1	1	1	1	0	0	1	1	1	1	0	0	1	0	0	
1	0	1	1	0	0	0	1	1	1	1	1	0	0	1	0	1	1	0	1	1	1	1	0	0	0	1	0	1	1	1	0	0	0	0	1	1	0	0	0	0	0	0	0	0	0	1	1	2	1	0	0	0	1	1	0	0	0	1	1	0	1	1	1	1	0	0	1	1	1	1	1	1	0	0	1	0	0	0	1	1	0	0	1	1	0	0	1	1	0	1	0	0	0	0	1	1	1	0	1	
0	0	0	1	0	1	1	0	1	0	0	0	0	0	0	0	0	1	0	1	1	1	0	1	0	1	2	1	1	0	1	1	1	1	1	0	1	1	1	1	0	0	1	1	1	1	0	0	1	0	0	0	0	1	1	0	1	1	0	0	1	1	0	0	1	0	0	0	1	1	1	0	0	1	0	0	1	1	0	0	1	0	0	0	1	1	1	0	0	0	0	0	1	0	1	0	0	0	0	0	
0	1	0	0	1	1	0	1	1	0	0	0	1	1	1	1	0	0	0	1	1	0	0	1	1	0	1	0	0	1	1	1	0	0	1	0	0	0	1	1	0	0	1	1	1	1	1	1	0	1	0	1	1	1	1	1	0	0	1	1	0	0	1	0	0	1	1	1	1	1	0	1	0	0	1	0	1	0	0	0	0	1	0	0	1	0	0	1	0	1	0	0	1	0	1	1	1	1	0	2	
0	0	1	0	1	1	0	0	0	1	1	1	0	1	0	1	0	1	0	1	0	1	1	1	0	0	0	0	1	0	0	0	1	0	1	0	1	0	0	1	1	1	0	1	1	1	1	0	1	0	1	0	0	0	0	1	1	1	0	0	1	0	1	1	1	0	2	1	0	0	0	0	1	0	0	1	1	0	1	0	0	0	0	0	0	0	0	1	0	0	1	2	1	1	1	0	0	1	1	1	
1	0	0	1	0	1	1	1	0	1	1	0	1	0	1	1	0	1	1	1	0	0	0	1	1	2	1	0	1	0	1	0	1	1	0	0	1	0	1	0	0	1	1	1	0	0	1	0	1	0	0	0	1	0	1	0	0	1	0	1	0	1	1	1	1	1	1	1	1	1	1	1	1	0	0	1	1	1	0	0	0	1	0	1	0	0	1	1	1	0	0	0	0	0	1	1	0	0	0	1	
1	1	0	1	1	1	0	0	1	0	1	0	0	0	1	1	1	0	1	1	0	1	0	1	0	1	0	0	0	1	0	1	1	0	0	1	0	0	1	1	0	0	1	1	1	0	1	0	1	1	0	1	0	1	0	2	1	1	1	1	0	0	1	0	0	1	0	1	1	1	0	1	1	0	0	0	1	1	1	1	0	1	0	1	0	1	0	1	0	1	0	0	1	1	0	0	0	0	1	0	
1	0	1	0	1	1	0	1	1	1	0	1	1	0	0	0	0	0	0	0	0	1	1	1	0	1	1	1	0	1	0	0	1	0	0	1	0	0	0	0	0	1	0	0	0	1	1	0	0	0	1	0	0	1	1	1	0	1	2	0	0	0	1	1	0	1	1	1	1	0	1	0	0	1	1	1	0	0	0	1	0	0	1	1	1	0	1	1	0	0	0	1	0	0	0	0	1	1	1	0	
1	1	2	0	0	1	1	0	0	0	0	1	1	1	1	0	1	1	1	0	0	0	2	0	0	0	0	0	0	0	0	1	0	0	0	0	0	0	0	0	0	0	1	1	1	0	1	0	0	1	0	1	1	0	1	1	0	0	2	0	0	1	0	0	0	1	0	0	0	1	0	1	0	1	1	1	0	0	0	1	1	0	0	1	0	0	0	0	0	1	0	1	0	1	0	1	1	1	0	0	
0	1	1	0	0	0	0	0	0	1	1	0	0	0	0	1	0	1	1	1	1	1	0	0	0	1	0	1	0	0	1	1	0	1	1	0	1	0	0	1	0	1	1	0	1	1	0	0	0	1	0	1	1	0	0	1	0	1	0	0	1	0	0	1	1	0	0	1	1	1	0	1	0	1	1	0	0	1	1	1	1	0	1	0	0	0	0	1	0	1	0	0	0	2	0	0	0	1	0	0	
0	1	0	1	1	2	0	0	0	1	1	0	1	1	0	0	0	0	1	1	1	0	0	0	1	1	0	0	0	0	0	1	0	1	0	0	0	0	1	1	0	1	1	1	1	1	0	1	1	1	1	1	2	0	1	1	1	0	1	0	0	0	1	0	1	1	0	1	0	0	1	1	1	2	1	1	0	0	0	1	0	1	0	1	0	1	1	0	0	1	0	1	0	0	0	1	1	1	1	0	
0	1	1	1	1	0	0	1	0	1	1	0	0	0	0	1	0	0	0	1	0	1	0	1	0	1	1	2	1	0	1	1	1	1	1	0	0	1	1	1	1	0	0	1	0	1	1	0	1	0	0	0	0	1	0	0	1	0	1	1	1	0	0	2	1	0	1	0	0	1	0	1	1	0	1	1	0	0	0	1	0	0	0	0	0	0	1	1	1	0	0	0	1	1	1	0	0	0	1	0	
1	1	0	2	1	1	0	0	1	0	1	1	1	1	0	1	2	1	1	0	0	1	1	1	0	0	0	1	1	0	1	0	0	1	0	2	2	1	1	0	1	1	0	0	0	0	0	1	0	1	0	1	1	0	0	0	1	1	0	0	0	0	1	1	0	1	1	2	1	0	1	1	1	1	0	1	1	0	0	1	0	1	1	1	1	0	0	0	1	0	0	1	1	1	1	1	1	0	1	0	
0	0	1	1	1	1	0	1	1	1	1	0	0	1	0	1	1	1	0	1	0	0	1	1	0	0	1	1	1	2	1	0	0	1	0	0	1	1	0	0	0	0	1	1	1	0	0	0	0	1	0	1	0	1	1	1	0	0	1	0	0	0	0	0	1	0	1	0	0	0	0	1	1	0	1	1	1	0	0	1	0	1	0	0	0	0	0	0	1	0	1	1	0	1	0	1	0	0	1	0	
1	0	0	1	1	0	1	1	0	1	0	1	0	0	0	0	1	1	1	1	1	1	0	0	1	0	1	0	0	1	0	1	1	0	1	0	1	1	0	1	1	0	0	1	1	1	0	0	0	1	0	0	0	1	0	0	0	1	1	0	1	1	0	1	0	1	0	0	1	1	0	1	1	0	1	1	0	0	1	0	0	1	0	0	1	1	1	0	0	0	1	1	0	1	1	0	1	1	1	0	
1	0	0	1	0	1	1	1	1	0	0	0	0	1	0	0	1	1	0	1	0	0	1	0	0	0	0	0	1	1	0	1	1	0	0	1	0	1	1	0	1	1	0	0	1	1	0	1	0	1	1	1	1	0	1	0	1	1	1	1	1	1	1	0	1	1	1	1	1	0	0	0	0	0	0	1	1	2	0	1	1	0	0	1	0	0	1	0	0	1	0	1	0	1	1	0	0	1	1	0	
1	0	1	0	1	1	1	1	1	1	1	1	1	1	1	0	1	0	1	1	0	0	1	1	1	0	1	1	1	0	0	1	0	0	0	0	0	1	0	0	0	0	0	0	1	0	0	1	1	1	1	1	1	0	1	0	1	1	1	0	1	0	0	0	0	1	0	0	1	0	1	1	0	1	0	0	1	1	1	1	0	0	0	0	1	1	0	0	0	1	0	0	0	0	0	0	2	1	0	0	
0	0	1	1	1	1	1	1	1	0	0	0	1	1	0	1	0	0	1	1	1	0	1	0	1	0	0	0	0	0	0	1	1	1	0	0	0	1	1	0	0	0	0	0	0	1	0	1	0	0	1	0	1	1	0	1	1	1	0	1	1	1	0	0	1	1	0	1	1	0	1	0	1	1	1	0	1	1	1	1	1	0	0	0	0	2	0	1	0	1	0	0	0	0	1	1	0	0	1	0	
1	0	1	0	1	0	1	0	0	0	2	0	1	1	0	1	0	0	1	1	1	1	0	1	1	1	1	0	1	1	1	0	1	0	0	1	0	1	0	0	2	1	0	1	0	0	0	0	0	0	2	1	1	1	1	0	0	1	0	0	0	0	0	0	0	0	1	0	1	1	0	0	0	1	1	1	1	0	1	1	1	2	1	0	0	1	0	0	0	0	1	0	0	0	0	1	1	0	1	1	
1	0	1	1	0	1	0	0	1	0	0	1	0	0	0	0	1	1	1	0	0	1	0	0	1	1	1	0	1	1	1	0	1	0	1	1	1	0	0	1	0	0	1	1	0	1	0	0	0	1	0	0	1	0	1	0	1	0	1	0	1	0	0	1	1	1	0	1	1	0	1	0	1	1	1	0	0	1	0	1	1	0	0	0	1	0	0	1	0	0	0	0	0	1	0	0	1	0	0	0	
0	1	0	0	1	1	0	0	1	1	1	1	0	0	0	0	0	0	0	1	1	1	1	0	0	1	0	1	1	0	0	0	1	1	1	1	0	0	1	1	0	1	0	1	0	1	0	0	1	0	0	1	0	0	0	0	1	1	1	1	1	1	0	0	0	0	0	0	2	1	0	0	0	0	0	1	1	0	2	1	0	1	1	0	0	1	1	0	0	0	0	1	1	0	1	0	0	1	0	1	
1	1	1	0	0	0	1	1	1	0	1	0	1	1	0	2	1	2	0	1	0	0	1	0	0	0	1	1	0	0	0	1	0	0	1	0	1	0	1	1	1	0	0	0	0	0	1	1	1	1	0	1	1	1	1	1	1	1	0	1	1	0	1	0	1	0	0	1	0	0	1	0	1	1	0	1	1	0	1	1	0	1	1	0	1	0	1	1	0	1	0	1	1	1	1	1	1	1	0	0	
0	1	0	1	1	0	0	1	1	0	1	0	0	1	0	0	1	1	0	1	1	1	1	0	0	1	1	1	1	1	0	0	0	0	0	0	1	0	1	1	0	0	0	1	1	1	0	0	1	0	0	1	1	0	1	1	1	1	0	1	0	1	1	0	1	0	0	0	1	0	1	0	0	0	0	1	1	0	0	0	0	0	0	0	1	0	0	0	0	1	1	0	1	0	1	0	0	1	0	1	
1	1	1	1	0	1	0	0	0	0	1	2	1	0	1	0	1	0	0	1	1	0	0	0	0	0	1	0	0	0	1	0	0	1	1	1	0	1	1	1	0	0	1	0	0	0	1	0	1	0	1	0	1	0	0	0	0	0	1	0	1	0	1	1	0	0	1	0	0	0	1	1	1	0	1	0	1	1	1	1	0	1	1	1	0	1	1	1	1	1	0	1	1	1	1	1	1	0	1	1	
0	1	0	2	0	0	0	1	0	1	0	1	0	1	0	1	2	0	0	1	0	0	0	1	1	0	1	0	0	1	0	1	1	0	1	0	0	1	0	2	1	0	1	1	0	0	0	1	0	0	1	1	1	0	1	0	0	0	1	0	1	1	1	0	0	0	0	1	1	0	1	0	0	0	0	0	0	0	1	2	1	1	0	0	1	0	0	0	1	0	0	1	0	1	1	1	1	0	1	0	
1	0	0	1	1	0	0	0	1	1	0	1	0	1	1	0	0	1	1	0	1	1	1	1	0	0	0	1	1	1	1	1	0	0	0	1	0	1	0	1	1	0	1	0	1	1	0	0	0	2	0	1	0	0	0	0	1	0	1	1	1	1	1	2	1	1	1	0	0	1	1	0	0	0	0	0	1	1	1	1	1	1	1	1	0	1	0	1	1	0	0	0	0	0	1	1	0	0	0	0	
0	0	0	1	0	0	1	1	0	1	1	1	0	1	1	0	0	0	0	1	1	1	0	1	1	0	0	1	1	0	1	1	1	0	0	1	0	1	1	0	0	1	1	1	0	0	1	0	1	0	0	1	0	1	1	0	0	0	1	1	1	1	0	1	1	1	1	1	0	1	0	0	1	0	1	1	0	0	0	1	1	2	0	1	0	0	0	1	0	1	1	0	0	1	0	1	1	0	0	1	
0	1	2	0	0	1	1	2	1	0	1	1	1	0	0	0	1	0	1	0	0	1	1	1	1	1	0	1	0	1	1	0	0	0	1	1	1	1	1	0	0	0	1	0	0	1	0	1	1	0	2	1	1	1	1	1	0	1	1	0	0	0	1	1	1	1	0	0	0	1	2	1	1	0	1	0	0	0	1	1	1	0	0	0	0	0	1	1	1	1	0	0	1	1	1	0	0	0	0	1	
1	1	1	0	0	1	1	0	1	0	2	1	2	1	1	1	1	0	1	0	0	0	1	1	1	0	1	0	0	1	1	1	1	1	0	0	0	1	0	0	0	1	0	1	0	0	0	0	1	0	1	0	0	0	0	0	0	1	1	1	0	2	1	2	0	0	0	1	0	0	0	0	0	1	0	0	1	0	1	1	0	1	0	0	1	1	0	1	1	0	0	1	0	1	1	0	1	1	1	1	
1	1	1	0	0	0	0	1	1	1	1	0	0	0	1	0	1	0	0	1	0	0	1	1	0	1	0	1	0	1	0	0	1	1	0	1	1	1	0	0	0	0	0	1	1	0	0	0	0	1	0	0	1	1	1	0	0	1	1	1	1	1	0	0	0	0	0	0	0	1	1	0	2	0	0	0	1	1	1	0	0	1	0	0	0	1	1	0	1	1	0	0	0	0	1	1	1	0	0	1	
1	1	2	1	1	1	0	0	1	0	0	0	1	0	0	0	1	0	0	0	1	1	1	0	1	1	0	0	1	0	0	0	0	1	0	1	1	0	1	1	0	0	0	1	0	0	1	0	1	1	0	0	0	0	1	0	1	0	1	0	1	0	0	0	1	0	0	0	1	1	1	1	1	0	1	0	0	0	1	1	0	1	1	1	1	1	1	0	0	1	0	1	1	0	1	0	0	0	1	0	
1	0	0	0	1	0	1	1	0	1	0	0	1	0	0	0	0	0	1	0	1	0	1	0	0	1	0	1	0	1	0	0	1	1	0	0	0	1	0	1	1	0	0	0	0	0	1	1	0	1	1	0	0	0	1	1	0	1	0	0	1	1	1	1	1	0	1	1	0	0	1	0	1	1	0	0	1	0	2	1	0	0	0	1	1	1	0	0	0	0	1	0	0	1	1	1	1	0	1	1	
1	0	1	0	0	1	0	0	1	1	0	0	0	1	1	0	0	1	0	1	1	1	1	1	0	0	0	0	0	0	1	1	1	0	1	0	0	1	2	1	0	2	1	1	1	0	0	0	1	0	0	1	1	0	2	0	1	0	0	1	0	1	1	0	1	0	1	0	0	0	1	1	1	1	1	0	1	1	1	1	1	1	2	0	0	0	1	0	1	0	0	1	1	0	1	1	0	0	1	1	
1	1	1	0	0	1	1	1	0	0	1	1	1	1	0	0	2	0	1	1	0	0	2	1	1	0	0	0	1	1	0	1	1	1	0	1	0	1	0	0	0	0	0	0	1	0	1	1	0	0	0	0	0	0	0	0	0	0	1	0	1	0	1	1	1	0	1	0	0	0	0	1	1	1	1	0	1	1	0	1	0	1	0	1	1	1	0	1	0	1	1	0	0	1	1	1	0	1	1	1	
0	1	1	0	1	0	1	1	0	0	1	0	0	0	0	0	1	1	1	1	1	0	0	1	0	0	0	1	0	0	0	1	1	0	1	1	0	0	1	1	0	1	1	0	1	1	1	0	1	0	0	0	1	0	0	0	1	0	0	1	1	1	2	0	1	1	1	1	1	0	0	1	0	0	0	1	0	0	1	0	1	0	1	1	0	0	1	1	1	1	1	0	1	1	1	1	1	1	0	0	
0	0	0	0	2	0	1	0	1	0	1	1	1	0	0	0	0	2	0	1	1	0	0	1	0	2	1	1	0	1	2	1	1	1	0	0	0	1	0	1	1	0	0	1	0	0	0	0	0	1	1	0	0	2	0	0	1	0	0	0	1	0	0	1	1	1	0	0	1	0	0	0	0	1	0	0	0	0	1	0	1	1	0	1	1	1	1	0	0	0	0	1	1	1	0	1	0	1	0	1	
1	0	1	1	0	0	1	0	0	0	0	1	0	1	1	0	1	0	1	0	1	0	0	1	1	0	1	0	1	0	1	0	0	0	0	0	0	1	0	1	0	1	1	0	1	1	1	0	1	0	0	1	1	0	1	0	1	0	1	1	0	0	1	0	0	0	1	1	0	0	1	1	1	1	0	0	1	0	0	2	1	0	1	1	0	1	0	1	2	0	2	0	1	1	1	0	1	1	1	0	
1	1	1	0	1	1	0	1	1	1	0	0	0	0	0	1	0	0	0	0	0	0	0	1	0	1	1	1	1	0	1	0	1	1	0	1	0	1	0	1	1	0	1	1	1	1	0	0	1	1	0	1	1	1	0	1	0	1	0	2	1	1	1	1	0	1	0	1	1	1	1	2	1	0	0	1	0	1	1	1	0	1	0	1	1	1	0	0	0	0	1	1	0	0	1	1	1	0	0	1	
1	0	0	0	0	0	0	1	1	0	1	1	0	0	0	0	0	2	0	1	0	1	1	1	1	1	0	1	0	0	0	0	0	0	0	0	0	1	1	0	0	0	0	0	0	0	1	1	0	0	1	1	1	0	0	1	1	0	1	0	1	0	0	0	1	0	1	0	0	1	0	0	0	0	1	1	1	0	1	0	0	0	1	0	1	1	0	1	0	0	1	0	1	0	0	0	0	1	0	0	
1	1	0	0	0	1	1	0	0	0	0	1	0	0	1	1	1	1	1	0	0	0	2	0	0	0	0	1	1	0	0	1	0	0	0	1	1	1	0	1	0	1	1	0	0	1	1	1	0	0	1	0	0	0	0	0	1	1	1	1	0	0	1	1	1	0	1	0	0	0	1	0	0	1	1	1	1	0	1	0	0	0	1	0	1	1	0	0	0	0	0	1	0	0	0	0	1	0	0	1	
0	1	0	0	0	0	1	0	0	0	1	0	0	0	0	0	0	0	0	0	0	1	1	0	1	1	1	0	1	0	1	1	0	0	1	0	0	0	1	0	0	1	1	0	0	1	0	0	0	0	0	1	1	1	1	0	1	1	1	1	0	1	0	2	0	0	1	0	0	0	0	0	0	0	0	0	0	0	1	0	1	1	0	0	0	0	1	1	0	1	0	1	0	0	0	0	0	0	2	0	
0	0	1	1	1	0	1	1	0	0	0	1	0	0	0	1	1	0	0	0	0	1	1	0	1	1	1	1	1	0	1	0	0	0	0	0	1	1	1	1	0	0	0	0	1	1	1	1	0	0	0	0	1	1	1	0	1	0	1	0	1	0	0	0	1	1	0	1	0	0	0	1	0	1	1	0	0	0	0	1	1	0	0	1	0	0	1	1	0	1	0	0	1	0	1	0	0	0	1	1	
0	0	0	0	0	0	1	0	1	1	0	0	1	0	0	0	0	0	0	0	0	1	0	0	0	1	1	0	1	1	1	1	1	0	0	0	0	0	1	1	0	1	1	1	0	1	0	2	1	1	1	1	1	1	1	0	0	0	0	1	1	0	1	0	0	0	1	0	0	0	0	0	0	0	1	0	1	0	0	0	1	0	0	2	1	1	1	1	0	0	0	1	1	0	0	0	1	1	1	0	
1	0	0	0	0	1	1	0	1	1	0	1	0	0	0	0	1	0	0	1	0	0	0	1	1	2	1	1	1	0	1	0	1	0	0	1	0	1	0	1	0	1	1	0	1	1	0	1	0	1	0	0	1	1	0	1	1	1	1	0	0	1	2	1	1	0	0	1	1	2	0	0	1	1	0	1	1	1	0	0	0	0	0	1	0	0	0	0	1	0	1	1	0	1	1	0	0	0	0	0	
1	0	1	2	0	1	0	1	0	1	1	1	0	0	1	1	0	0	0	0	0	1	1	1	0	1	1	0	0	1	0	0	1	0	1	1	1	0	1	0	1	0	1	1	1	1	1	1	1	0	1	1	1	0	1	2	1	1	0	1	1	1	0	0	1	0	0	1	0	0	0	1	2	0	0	1	1	1	1	0	1	1	1	1	1	0	1	0	0	0	0	0	1	0	0	2	0	1	1	0	
1	1	1	0	1	0	0	1	2	0	0	1	1	0	1	1	1	0	0	0	1	0	0	0	0	0	1	1	1	1	0	0	0	1	0	1	0	1	0	1	1	1	1	0	1	0	0	1	1	1	0	1	0	0	1	0	0	0	0	1	0	0	1	1	1	0	0	1	1	0	1	0	1	1	0	1	1	1	1	1	0	0	0	1	0	0	0	0	0	0	1	0	0	0	1	0	0	0	0	1	
0	1	1	1	1	1	0	1	1	1	0	1	1	0	1	0	1	1	0	1	0	1	1	0	1	1	1	0	1	0	0	1	1	0	0	0	0	1	1	1	1	0	0	0	1	0	1	1	0	1	1	0	1	1	1	1	0	1	1	0	0	1	1	0	1	0	0	0	2	1	1	0	0	1	1	0	0	1	1	1	1	1	1	1	0	0	0	0	0	1	0	1	1	0	0	0	1	1	0	0	
1	1	1	1	1	0	0	1	0	0	0	0	1	0	0	1	1	0	0	0	0	1	2	1	1	0	0	0	0	1	0	1	0	1	2	1	0	0	0	0	0	0	0	0	1	0	1	0	1	1	0	0	0	1	0	1	2	1	0	1	0	0	1	0	0	1	1	0	1	0	0	1	1	0	1	1	0	0	0	0	1	1	0	1	0	1	0	1	0	1	1	0	1	1	0	0	0	1	0	0	
0	0	0	1	0	1	0	0	0	1	1	1	1	0	1	0	1	0	1	1	1	0	0	0	0	0	0	1	0	0	1	0	0	1	0	1	0	1	1	0	0	0	0	1	0	2	1	1	0	1	1	0	1	1	1	0	0	1	1	0	1	0	2	1	1	1	1	1	1	0	0	1	1	0	0	0	0	0	1	0	1	0	0	1	0	1	0	0	0	0	0	1	1	1	0	1	0	0	0	1	
0	1	1	0	0	0	1	0	1	0	0	0	1	0	0	0	1	0	0	0	1	0	0	1	1	1	1	0	0	1	1	1	0	0	1	0	0	1	1	1	0	1	0	1	1	1	0	1	0	1	0	0	1	0	1	1	0	0	0	0	1	0	0	0	1	0	1	0	1	1	1	1	0	1	0	2	1	1	1	0	1	1	0	0	0	1	1	1	0	0	1	0	1	0	0	1	1	1	0	2	
2	1	0	0	0	1	1	0	0	0	0	0	0	1	1	1	1	1	1	1	0	0	1	0	1	0	0	1	1	0	0	2	1	1	0	1	0	0	0	1	1	0	1	1	1	0	1	1	1	1	1	1	1	0	0	2	1	1	0	1	0	0	1	1	0	0	1	0	0	1	1	1	1	0	1	1	0	0	1	1	1	1	1	1	1	1	0	0	0	0	0	1	1	1	0	0	1	1	0	1	
1	1	1	1	0	1	1	1	1	0	0	0	0	0	0	1	0	1	0	1	1	0	1	0	0	0	1	0	1	1	0	1	1	0	1	1	1	0	1	1	1	0	0	1	1	1	0	1	2	2	0	0	1	0	2	1	1	0	0	0	1	0	1	0	2	0	0	0	0	1	0	1	1	1	0	1	0	1	0	0	1	0	1	0	1	1	1	0	1	0	1	0	1	1	1	0	0	1	1	1	
0	1	0	1	1	1	1	1	1	0	0	1	0	1	1	0	1	1	1	1	1	1	1	1	1	1	0	0	0	0	1	1	1	1	0	1	0	1	1	1	1	0	1	0	2	1	0	1	1	0	1	0	0	1	1	0	1	1	1	0	0	0	0	1	0	0	0	0	0	1	1	0	0	0	0	0	1	0	1	0	0	1	1	0	1	0	1	0	1	1	0	1	1	1	0	0	1	0	1	1	
1	1	1	0	2	1	0	0	1	0	1	0	0	0	1	1	0	0	0	1	0	0	1	0	1	1	1	1	0	1	1	0	1	1	0	0	0	1	0	0	1	1	1	0	1	0	1	0	0	1	1	1	0	1	1	0	0	1	1	0	1	0	0	1	1	1	1	0	1	1	1	2	0	1	0	1	1	0	1	0	0	1	0	1	0	0	1	0	0	1	0	0	1	1	1	1	0	0	1	0	
1	0	0	1	0	1	0	0	1	0	1	1	1	1	1	1	1	2	0	1	1	0	1	1	1	1	1	0	1	0	1	1	0	1	1	1	1	0	0	1	1	1	1	1	1	0	1	0	0	0	1	0	1	1	0	0	0	1	1	1	1	0	0	0	1	0	1	0	1	0	1	0	2	1	0	0	0	0	1	2	0	1	1	1	0	0	0	0	0	0	0	0	1	1	1	0	0	1	0	1	
1	1	2	0	1	0	1	1	0	1	1	0	1	0	0	0	1	0	0	0	0	0	0	1	0	0	0	0	0	0	0	0	0	1	1	0	1	1	0	1	2	0	0	1	0	0	0	0	1	1	0	1	1	1	1	1	2	1	1	0	1	0	1	1	1	1	1	0	0	0	1	1	2	1	1	0	0	0	1	0	1	0	0	0	1	1	0	1	1	1	0	0	1	1	1	1	1	0	0	1	
1	1	1	1	0	0	0	0	0	0	0	0	0	0	0	0	0	1	0	0	0	1	1	0	0	0	1	1	1	1	0	0	1	1	0	1	0	0	2	1	0	0	0	0	0	2	1	1	1	0	1	1	0	0	0	0	1	0	1	1	1	1	0	0	1	1	0	1	1	0	1	0	1	1	0	1	0	0	1	0	1	1	1	0	1	0	1	0	1	0	0	1	0	0	1	0	0	0	0	0	
1	0	0	1	0	1	0	0	0	1	1	0	0	1	1	0	1	1	1	0	1	0	2	0	1	1	1	0	0	1	0	1	1	1	1	1	1	0	0	0	0	0	1	1	1	1	1	1	0	1	0	0	0	0	0	0	1	1	0	1	1	1	1	1	0	0	1	1	1	0	1	1	1	0	2	0	0	1	0	1	0	0	0	1	2	1	1	1	1	0	0	1	0	2	1	0	1	0	0	0	
0	1	0	0	1	1	0	1	0	1	1	1	1	1	1	1	1	0	0	1	1	1	1	1	2	1	1	0	1	1	0	1	1	2	1	0	1	0	1	0	0	0	1	1	0	1	1	1	1	1	0	0	0	1	0	0	0	0	0	0	1	0	1	1	0	1	1	1	0	0	1	1	0	0	1	0	0	1	1	1	1	0	1	0	0	0	0	0	1	0	1	1	2	1	1	1	0	1	0	1	
1	0	0	1	1	0	2	0	0	0	1	0	0	1	1	1	0	0	1	1	1	1	0	0	1	1	0	0	0	1	0	0	0	1	1	0	0	0	0	0	1	1	0	0	0	0	0	0	1	0	1	1	0	0	1	1	1	1	1	0	1	0	1	0	0	0	1	0	1	1	1	0	1	0	1	0	1	0	1	0	0	0	0	1	0	0	1	1	0	1	1	1	0	1	0	2	1	0	1	0	
1	1	0	2	0	1	0	0	1	0	1	0	0	1	1	0	1	1	1	0	0	1	0	1	1	1	1	0	0	1	0	0	0	1	1	0	1	0	1	0	0	1	1	1	0	1	1	1	0	0	1	0	1	1	1	1	1	2	0	1	1	0	2	0	1	1	1	0	0	0	0	0	1	1	1	1	0	1	0	1	1	0	0	0	1	1	0	1	1	1	0	1	0	1	1	0	1	0	0	0	
1	1	0	0	0	0	0	0	0	0	0	1	1	0	0	1	1	0	1	0	0	0	1	1	1	0	2	0	0	0	0	1	0	0	1	0	0	1	0	1	1	1	0	0	0	0	0	1	1	0	1	0	1	1	0	1	2	1	0	0	1	0	1	0	0	0	0	1	2	1	0	1	0	1	1	1	0	1	0	0	0	1	1	0	0	1	1	0	0	1	1	0	1	1	1	1	1	1	0	0	
0	1	0	0	2	1	1	1	1	1	1	0	1	0	0	1	2	0	1	1	0	0	0	0	0	1	0	0	0	0	0	0	0	1	0	1	1	2	2	1	0	0	1	0	1	0	1	0	1	0	0	1	0	0	0	1	1	0	0	1	1	1	0	1	0	0	0	1	0	1	0	1	1	0	0	1	0	1	1	1	1	0	1	0	1	1	1	1	1	0	1	1	1	0	0	0	1	1	1	1	
0	1	0	0	0	0	1	0	0	0	0	1	0	1	1	1	0	1	1	1	0	1	0	1	1	1	0	0	1	0	0	0	0	1	0	1	1	1	1	0	1	1	0	0	1	1	0	0	0	1	0	1	1	1	1	0	1	1	0	0	0	1	1	0	0	0	0	2	0	1	1	1	0	0	0	0	0	1	0	0	0	1	0	1	0	1	0	1	1	0	0	0	1	0	1	0	0	0	1	2	
0	1	0	1	0	0	1	0	1	1	0	0	0	1	0	1	2	1	0	1	0	0	1	1	1	1	0	1	1	1	1	0	1	1	1	0	1	0	1	0	0	0	1	1	0	0	1	0	0	0	0	1	0	1	0	1	1	0	0	1	0	1	1	1	1	0	2	1	1	0	1	0	0	0	0	1	1	0	1	1	0	1	0	0	1	0	0	0	0	0	0	0	0	0	1	0	1	0	1	1	
1	1	1	0	0	0	1	1	1	0	0	1	0	1	0	0	1	0	0	0	0	0	1	1	1	0	1	1	0	1	1	1	1	1	1	1	0	0	0	1	0	0	1	0	1	1	1	1	1	0	0	1	0	0	0	0	1	1	0	1	0	0	1	0	1	1	1	1	0	1	1	0	0	1	0	1	1	1	0	1	0	2	1	0	0	1	1	0	2	1	0	0	0	1	0	1	0	0	1	0	
0	1	0	1	1	0	0	0	1	0	1	0	0	1	1	0	0	0	0	1	0	1	1	1	0	1	1	1	2	1	1	0	1	0	0	0	0	0	0	0	0	1	0	1	0	1	0	0	0	0	0	0	0	0	1	0	0	1	1	0	1	1	0	0	1	0	0	1	0	1	0	0	1	1	0	1	1	1	1	1	0	0	0	1	1	0	0	1	1	0	1	0	0	0	0	0	1	0	0	1	
0	0	1	1	0	0	0	1	1	1	0	0	0	1	1	0	1	1	1	0	0	0	0	0	0	1	0	0	1	1	0	0	1	1	0	1	1	0	0	1	1	0	1	0	1	0	0	0	0	0	0	0	0	0	1	0	1	1	0	0	1	1	1	0	0	1	1	0	1	0	0	0	1	1	0	1	0	1	0	0	1	0	0	0	1	0	1	1	0	0	1	1	1	1	0	1	0	1	0	1	
0	2	0	2	1	0	0	1	1	1	1	1	1	1	1	0	0	1	0	1	2	1	0	1	2	1	0	0	1	1	0	1	1	0	1	0	0	1	0	1	1	0	1	1	0	1	0	0	1	1	0	1	1	1	0	0	1	0	1	0	0	0	0	1	1	2	1	0	1	1	0	0	0	1	1	1	0	0	1	0	1	1	0	1	1	1	0	1	0	0	1	0	0	1	0	1	1	0	2	1	
0	0	1	1	1	1	0	1	1	1	0	0	0	1	0	1	0	1	0	2	0	0	1	0	0	0	0	0	0	1	1	1	1	0	1	0	0	1	0	0	0	2	0	0	0	0	0	0	1	1	0	1	2	1	0	1	1	0	0	0	1	0	0	1	0	1	0	1	1	0	0	1	0	1	1	0	0	1	1	0	0	1	1	1	1	1	0	1	1	0	1	0	1	0	1	0	0	0	0	0	
0	1	1	1	0	1	1	0	1	0	1	1	0	0	1	1	1	1	0	0	1	0	1	1	1	1	1	1	1	0	1	0	1	0	1	1	1	0	0	0	1	1	1	1	0	0	1	0	1	0	1	1	0	0	0	1	1	0	0	0	1	0	1	0	0	0	1	0	0	1	0	0	0	1	1	1	1	0	1	2	1	1	1	1	0	0	1	0	1	0	1	1	0	1	0	1	1	0	1	1	
0	0	0	0	1	0	1	1	1	0	0	1	1	0	0	0	1	1	1	1	1	0	1	1	2	0	0	0	1	0	0	0	0	0	0	1	1	1	0	0	0	0	1	0	1	0	0	0	1	1	1	1	0	0	0	1	1	0	1	0	0	1	0	1	0	0	1	1	1	1	0	0	1	0	1	1	1	0	0	0	1	0	1	0	0	1	0	1	1	1	2	0	0	0	1	0	1	0	1	0	
1	1	0	0	1	0	1	1	0	0	1	1	0	0	1	1	0	0	0	1	0	1	0	0	0	1	0	0	1	0	0	1	1	1	0	0	0	1	0	0	1	0	0	1	1	0	1	1	2	0	0	1	0	0	0	1	0	1	0	0	0	0	0	0	1	0	1	0	1	0	1	0	0	0	1	0	1	0	1	1	1	0	1	0	1	1	0	0	1	1	1	1	0	0	1	1	1	1	1	0	
1	0	0	0	0	0	1	0	0	0	1	2	1	1	0	1	0	1	0	0	1	1	1	1	1	0	0	1	1	0	1	0	2	0	0	0	0	1	1	1	0	1	0	1	1	1	0	0	0	0	0	1	0	1	1	1	0	1	0	1	1	0	1	0	1	1	1	0	0	0	1	1	1	1	1	0	0	0	0	0	1	1	1	1	0	0	0	0	1	0	0	0	0	0	1	0	0	1	1	0	
1	1	1	0	0	1	0	1	0	1	1	1	0	1	1	0	1	0	0	0	0	0	0	0	0	0	0	1	1	0	1	1	0	0	0	0	0	0	0	0	0	1	0	1	0	1	1	1	0	0	0	0	1	1	0	0	0	0	1	0	1	1	0	1	1	0	1	1	1	0	1	0	0	0	0	2	0	2	1	1	1	1	1	1	0	1	1	1	1	1	1	1	1	0	0	1	1	0	1	1	
0	1	0	1	1	0	0	0	0	1	0	1	0	0	0	1	0	1	0	0	0	1	0	0	1	1	1	1	0	0	1	0	1	1	0	0	1	1	1	1	1	0	1	0	1	0	0	0	0	0	2	0	1	0	1	2	0	0	1	0	1	0	0	0	1	1	1	0	0	0	1	1	1	1	0	1	1	0	1	0	0	0	1	0	1	0	0	1	2	1	0	2	1	0	1	0	1	1	1	0	
0	0	1	0	0	0	1	0	1	0	1	0	1	1	1	1	0	0	0	0	0	0	1	1	1	1	0	0	1	0	1	0	2	0	1	0	0	1	0	1	1	0	1	0	0	0	0	0	1	1	1	1	0	0	1	1	1	1	0	0	0	0	0	0	0	1	0	0	0	1	0	1	1	1	1	1	1	0	1	0	1	1	0	1	0	0	1	1	1	1	1	0	0	1	1	1	0	0	1	1	
1	0	0	0	0	0	0	1	0	0	1	1	1	0	0	0	0	1	1	1	1	0	1	1	0	0	0	1	0	0	0	1	0	1	0	0	0	1	0	0	1	0	0	0	1	0	0	1	0	1	0	0	1	1	1	1	1	0	0	0	1	1	1	1	1	0	0	0	1	1	1	0	0	1	0	1	1	0	0	1	0	1	1	1	1	0	0	1	1	0	1	0	1	1	0	0	0	0	2	0	
1	1	1	1	1	1	1	0	1	1	1	1	0	1	1	0	1	0	0	1	0	0	1	1	0	1	1	0	0	1	1	0	1	1	1	1	1	0	0	1	1	1	1	0	0	0	1	1	1	0	0	1	1	0	0	1	1	1	2	0	0	0	1	1	2	0	1	1	0	1	0	0	1	1	0	0	0	1	0	1	0	1	0	0	0	1	0	1	0	1	1	1	1	1	0	1	0	0	1	0	
1	0	1	0	2	0	1	0	0	1	0	1	1	0	1	2	0	0	1	1	1	1	0	1	1	0	0	0	1	0	1	1	0	1	0	0	1	0	1	1	1	1	1	0	0	1	1	2	1	1	1	1	0	0	0	1	0	0	1	0	1	0	1	0	0	1	0	1	0	0	1	0	1	0	1	0	1	1	1	0	0	1	0	2	0	0	0	0	2	1	0	1	0	1	0	0	1	1	0	0	
1	1	0	1	0	0	1	0	1	0	1	0	1	1	0	0	0	1	0	1	1	1	0	0	1	0	1	0	0	0	1	0	0	0	0	0	0	1	1	0	0	0	1	1	0	0	0	1	0	0	0	1	1	0	0	0	0	1	1	0	1	0	0	0	0	1	1	0	0	1	0	1	0	1	0	2	1	0	0	0	0	1	1	1	1	0	0	0	1	1	0	0	1	1	0	1	1	1	0	0	
0	0	0	1	1	1	2	1	1	0	0	1	1	1	1	1	1	0	0	0	1	1	0	0	2	1	0	1	1	1	1	0	0	1	0	1	1	1	0	1	0	0	1	1	1	1	0	1	0	0	0	0	1	0	1	0	0	1	0	0	0	1	0	0	1	1	0	0	2	0	1	1	1	0	1	1	1	0	1	0	1	0	1	0	1	0	0	1	1	1	1	0	0	0	0	1	0	1	1	1	
0	0	0	0	1	1	1	1	1	1	1	0	1	1	1	1	0	0	0	1	0	1	1	1	1	0	0	1	0	1	0	1	0	1	0	1	1	0	1	0	0	1	0	0	1	1	1	0	1	0	0	0	1	1	1	1	1	0	0	0	1	0	1	0	0	0	1	1	1	0	1	1	1	1	0	0	1	0	1	0	1	1	0	0	2	0	1	1	0	1	0	0	0	1	0	1	2	0	1	0	
1	0	1	1	1	0	1	0	0	1	1	0	1	1	0	1	0	2	2	1	0	0	0	1	0	1	1	0	1	1	0	0	1	1	0	0	1	0	1	1	0	0	1	1	2	0	0	0	0	0	0	1	0	1	0	1	1	0	0	1	1	1	0	0	1	1	0	1	1	0	0	0	1	1	0	0	0	0	2	0	1	0	1	1	0	2	1	0	1	1	0	0	1	0	0	0	0	1	0	1	
1	1	1	1	0	1	0	2	1	0	1	0	1	1	0	0	0	0	0	1	1	0	0	0	0	1	1	1	1	1	1	1	1	1	0	0	1	0	0	2	1	1	1	1	1	0	2	1	0	0	0	1	0	1	1	0	1	0	1	0	1	0	1	1	1	1	1	0	1	0	0	0	0	1	2	1	0	0	1	1	0	1	0	0	0	1	0	1	1	0	1	1	1	0	1	0	1	0	2	1	
0	1	1	1	0	0	1	0	0	1	2	1	1	0	0	1	0	1	1	0	0	1	1	1	1	1	0	1	1	0	0	0	1	0	0	0	0	0	1	1	1	0	0	2	1	1	0	1	1	1	1	0	1	1	0	1	1	1	1	1	1	1	1	0	0	0	0	0	2	0	0	0	0	0	1	0	0	1	1	1	1	0	1	0	1	0	0	0	0	1	1	0	1	0	1	1	2	0	0	1	
0	0	1	1	0	0	0	1	1	0	0	1	0	1	1	1	1	0	2	0	1	1	2	0	0	1	2	1	0	0	0	0	1	1	0	0	0	1	1	0	0	1	0	0	1	1	1	0	1	1	1	0	1	1	0	1	0	0	0	0	1	0	0	0	0	1	0	1	1	0	1	0	0	0	0	1	0	1	0	1	0	0	1	1	0	1	1	0	1	0	0	1	1	1	1	1	0	0	0	2	
0	0	0	1	0	1	0	2	0	1	0	0	1	1	1	1	0	1	0	0	0	1	0	0	0	1	1	1	0	0	1	0	1	0	1	1	0	1	0	1	1	0	0	1	2	1	1	0	0	1	1	0	1	0	1	1	1	0	2	1	0	0	0	1	1	1	0	0	0	1	0	1	0	0	1	1	0	0	0	1	1	1	0	0	0	1	0	1	1	1	0	1	1	1	0	1	1	0	1	0	
0	0	0	2	1	1	1	0	1	0	0	1	1	0	0	1	0	0	1	0	0	0	0	1	0	1	0	1	1	1	0	1	1	1	1	0	1	0	0	0	0	0	1	0	0	0	0	1	0	1	1	0	1	1	1	0	1	0	0	1	1	1	0	0	0	0	1	0	1	0	0	0	0	1	0	0	0	1	0	0	0	1	0	0	0	0	0	1	1	1	1	1	0	1	1	1	0	1	0	1	
0	1	0	0	1	0	0	0	1	1	0	0	0	1	1	2	1	1	1	0	0	1	1	1	0	0	0	1	0	1	1	0	0	0	1	2	0	1	0	1	0	1	1	0	1	1	0	0	0	0	0	0	1	0	1	0	1	0	1	0	1	0	1	1	0	0	0	1	1	1	1	0	0	0	0	0	1	0	1	1	1	0	1	1	0	0	0	0	0	1	0	0	0	0	1	2	0	0	0	1	
0	1	0	1	0	0	1	0	1	1	0	1	0	0	0	1	0	0	0	1	2	0	1	0	1	1	0	0	0	1	0	1	0	1	0	1	0	0	1	0	0	1	0	0	0	1	0	0	0	0	1	1	0	1	0	0	0	0	1	1	0	0	1	1	0	1	1	0	1	1	1	0	1	1	1	1	0	0	1	0	0	0	0	1	1	1	1	1	1	1	1	1	1	1	0	0	0	1	1	0	
0	1	0	2	0	0	1	0	1	0	1	1	1	1	0	1	0	1	0	0	1	0	0	0	0	0	0	0	2	0	0	1	1	0	1	1	0	1	0	1	0	0	1	1	1	0	1	0	0	0	1	0	0	2	0	0	1	0	0	1	1	0	0	1	1	1	0	0	1	1	0	0	2	0	0	0	1	0	1	1	0	0	1	0	1	0	1	1	1	0	0	0	1	0	0	1	0	0	0	1	
0	0	1	0	0	1	0	1	1	1	1	1	1	1	0	0	1	1	2	1	1	1	0	0	1	1	1	1	1	1	1	1	0	1	1	0	0	1	0	0	1	2	1	1	1	0	1	1	0	0	1	1	0	0	0	1	0	1	0	1	1	0	0	0	1	0	0	1	0	0	1	0	0	1	1	0	0	0	1	1	0	0	1	1	0	1	1	0	1	0	1	0	1	1	1	1	1	1	0	0	
1	1	0	1	0	1	1	1	0	0	1	1	0	0	1	0	0	1	1	0	1	1	1	1	0	1	1	1	0	1	0	1	1	1	0	0	0	0	0	1	1	1	0	1	0	1	1	0	0	0	0	1	1	0	1	0	1	0	0	0	0	0	1	0	0	1	1	1	1	0	1	0	1	1	1	1	1	1	0	1	1	0	0	1	0	0	0	0	1	0	0	1	0	1	0	1	0	0	0	1	
1	1	1	0	0	0	1	0	0	0	0	0	1	1	1	1	0	0	0	1	0	1	1	1	0	0	0	0	1	0	0	1	1	0	1	0	1	0	1	0	0	1	0	0	1	1	0	0	0	0	1	0	0	1	0	0	0	1	0	1	0	0	1	1	0	1	0	1	2	2	0	0	0	1	0	0	0	1	0	1	0	0	1	1	0	1	0	0	1	1	0	0	0	0	0	0	0	0	0	2	
0	0	0	1	1	0	0	1	1	1	1	1	0	0	1	0	0	1	1	0	0	0	0	1	1	1	1	0	1	1	1	0	1	0	0	1	0	0	0	1	0	0	1	1	0	0	1	0	2	1	1	0	0	1	0	1	0	1	0	0	1	0	1	1	0	0	0	0	1	1	0	0	0	1	0	1	1	0	1	1	0	1	1	0	1	1	0	1	0	0	0	1	0	1	1	0	0	1	0	0	
1	0	1	1	1	1	0	0	0	1	1	1	1	0	1	0	0	0	1	0	1	0	1	1	1	1	0	0	1	0	0	0	0	0	1	0	0	1	1	0	1	0	0	0	1	0	1	0	1	0	1	0	1	1	0	0	0	0	1	0	0	0	1	0	0	1	0	0	0	0	1	0	1	1	1	1	1	0	0	0	1	0	1	1	0	1	1	1	0	1	1	1	1	0	1	1	1	0	0	1	
1	0	0	2	1	1	1	0	1	1	0	0	1	1	0	1	1	0	0	1	1	1	0	0	0	1	2	1	0	0	1	0	1	1	0	1	1	1	0	0	1	1	1	0	1	1	0	1	1	1	0	0	1	0	1	0	1	0	1	0	0	0	0	1	1	1	0	1	0	1	0	0	0	0	0	0	0	0	0	1	1	1	0	1	1	1	0	1	0	1	1	1	0	1	0	1	1	0	0	0	
1	1	1	1	0	1	1	0	1	0	0	0	0	0	0	1	1	1	2	1	0	1	1	0	1	1	0	1	0	0	1	0	0	0	1	1	1	0	1	1	0	0	1	0	0	1	1	0	1	2	0	1	1	1	1	1	0	0	1	1	1	0	1	1	0	0	1	1	0	0	1	1	0	0	1	0	0	0	2	1	1	1	0	2	0	1	0	0	0	1	1	0	0	1	0	1	0	1	0	1	
0	1	1	1	1	1	0	0	1	1	0	1	0	0	1	1	1	0	0	0	0	0	0	1	1	0	1	2	1	1	0	1	0	1	1	1	0	0	0	0	0	0	1	1	0	0	0	0	1	0	0	1	0	0	1	0	1	0	0	0	1	1	1	0	0	0	0	0	1	0	1	0	1	1	1	1	0	1	1	0	1	1	1	0	0	1	0	0	1	0	1	1	1	0	1	1	1	1	1	1	
0	0	0	1	1	1	2	0	1	0	0	0	0	0	0	0	1	1	0	1	1	0	0	1	1	1	1	1	1	0	1	0	1	0	0	0	0	0	0	1	1	1	0	1	0	0	1	0	1	0	1	0	0	1	0	0	0	0	0	0	0	0	1	1	0	0	0	1	0	1	1	1	1	0	1	1	0	0	0	1	0	1	1	1	1	1	1	0	1	0	1	0	0	1	1	0	1	1	0	1	
1	0	0	1	0	0	1	0	1	2	1	1	0	1	0	1	0	1	1	0	1	0	2	0	0	1	0	1	0	0	1	1	1	1	1	1	1	1	1	1	0	1	0	0	1	1	0	0	0	1	1	1	1	0	0	1	0	0	0	0	1	0	1	0	0	1	1	0	0	1	1	1	0	1	1	1	0	0	1	1	0	1	0	0	0	1	0	1	0	1	0	0	0	0	0	1	0	1	1	1	
1	1	1	0	1	0	0	1	1	0	1	1	0	1	0	1	1	0	0	1	1	0	1	0	0	0	0	0	1	1	1	0	0	0	0	0	1	1	0	0	1	0	1	0	0	0	1	1	1	1	0	0	1	0	1	0	1	0	1	0	2	1	1	1	0	1	0	1	1	1	1	0	0	1	0	0	1	1	1	0	0	0	0	1	0	1	1	1	0	1	0	1	1	1	0	0	1	1	1	0	
1	1	2	1	0	0	0	0	1	0	1	0	1	0	1	1	1	0	0	1	1	1	1	0	1	0	0	0	1	1	1	0	1	1	0	1	0	0	0	0	1	0	0	0	1	0	0	1	1	1	1	0	0	1	0	2	1	1	0	0	1	1	1	0	0	0	0	1	1	1	1	1	0	1	0	1	0	0	1	1	0	1	0	1	0	1	0	0	0	1	0	1	1	0	1	0	1	0	0	0	
1	0	1	1	1	0	0	0	0	0	0	0	0	0	0	0	0	0	0	0	0	1	0	0	1	1	1	0	1	0	0	1	0	1	0	1	0	0	1	1	0	0	0	0	1	1	1	0	1	1	0	1	1	1	0	0	0	0	0	0	1	0	0	0	0	1	0	0	0	1	0	0	0	1	1	1	0	1	1	0	0	1	0	1	0	0	1	0	0	1	2	0	0	0	0	0	0	1	0	1	
0	0	1	1	0	0	1	2	0	0	1	0	0	0	0	1	0	1	2	0	1	0	0	1	1	1	1	1	1	1	0	0	0	0	1	0	0	0	0	1	1	0	2	0	0	1	0	0	1	0	0	0	0	1	0	0	0	0	1	0	1	0	0	0	1	1	0	0	1	1	1	0	0	0	1	0	0	1	1	1	0	0	0	0	2	1	0	1	0	0	0	0	1	1	0	0	1	0	0	0	
1	1	1	0	0	1	0	1	0	1	0	1	1	1	1	1	0	0	1	0	1	1	0	0	1	1	1	1	0	1	1	0	0	1	0	0	0	1	0	0	1	1	1	1	0	0	1	1	0	0	1	1	1	0	0	0	0	0	0	1	0	0	1	0	1	2	1	0	0	1	1	1	0	1	0	1	1	1	0	0	0	1	0	0	1	0	0	2	1	1	0	1	0	0	0	0	1	1	1	0	
1	0	1	0	1	1	0	1	0	1	0	0	1	0	0	0	0	1	0	1	0	0	1	0	0	2	1	1	0	0	1	1	0	1	0	0	0	0	0	1	0	2	0	0	0	0	2	1	1	0	1	1	0	0	1	0	0	1	1	1	0	0	0	0	0	0	0	1	1	1	0	0	2	0	1	1	1	1	0	0	0	0	0	1	0	1	1	0	0	1	0	1	0	1	0	0	0	0	1	0	
0	1	0	1	1	0	0	0	1	1	1	0	1	0	0	1	0	1	0	1	2	0	1	0	0	1	0	1	0	0	1	0	1	1	1	0	0	0	0	0	1	0	2	1	0	0	0	0	0	0	0	1	0	0	0	1	1	0	1	1	0	1	1	1	0	0	1	0	1	1	0	0	0	1	2	1	0	0	0	0	0	0	1	0	1	0	0	0	0	0	1	0	0	0	0	1	0	0	0	1	
1	0	1	0	0	1	0	0	1	1	1	0	1	1	1	0	1	1	0	0	0	0	1	0	0	0	1	0	1	0	1	1	0	1	0	0	0	1	0	0	0	1	1	0	0	1	1	1	1	1	1	0	1	1	0	0	1	2	0	1	1	0	1	0	0	1	1	0	1	0	1	0	1	0	0	0	0	1	0	0	1	0	0	2	1	1	1	1	0	0	0	1	0	0	0	1	1	0	1	1	
1	1	0	1	1	1	1	1	0	1	0	1	0	0	0	0	1	0	1	0	0	0	0	1	1	0	0	1	0	1	1	0	0	1	1	0	0	1	0	0	0	2	1	0	0	1	0	0	1	0	1	1	0	1	0	1	1	1	1	0	0	0	0	2	0	1	2	0	1	0	0	1	1	1	0	0	1	1	0	1	1	0	1	0	0	0	0	1	1	0	0	1	0	1	1	1	1	1	0	0	
0	0	0	1	1	0	1	0	0	1	0	1	0	0	0	1	1	1	1	2	2	0	0	0	1	1	0	1	0	0	0	1	1	0	1	0	0	0	1	1	1	0	1	0	0	1	1	0	0	1	0	1	1	0	0	0	1	0	1	2	1	0	1	1	0	0	0	1	1	0	0	1	0	0	1	1	1	0	0	0	1	0	1	0	1	1	0	0	1	1	1	1	0	1	0	0	0	0	0	1	
1	1	0	1	1	1	1	0	1	1	1	0	0	0	1	1	0	1	1	0	0	1	0	1	0	0	1	0	1	1	1	0	1	0	0	1	1	0	1	0	0	0	0	0	1	0	1	0	0	0	0	1	0	0	1	1	1	0	0	1	1	1	1	0	0	1	0	0	0	0	2	0	1	0	0	0	1	1	1	0	0	0	1	0	0	1	1	0	0	1	0	0	1	1	1	0	0	1	0	0	
1	1	1	1	1	1	0	0	1	1	0	1	1	0	0	1	1	1	0	1	1	0	0	0	0	0	0	0	0	1	0	0	1	0	2	0	0	1	1	0	1	0	0	1	0	1	0	1	0	1	0	0	0	1	0	2	1	1	0	1	0	0	1	1	1	1	1	0	1	0	1	0	0	1	1	0	1	0	0	1	1	0	0	1	1	1	0	1	1	1	1	1	0	0	1	1	0	1	0	1	
2	0	0	0	0	0	1	0	1	1	1	1	1	0	1	0	1	0	1	0	1	0	1	0	1	1	1	0	0	0	1	1	0	1	1	0	1	1	2	1	0	1	0	1	2	1	0	1	0	0	0	0	1	1	0	1	0	1	0	0	1	0	1	0	0	1	1	0	0	0	0	1	0	1	1	0	0	0	0	0	0	0	0	1	0	0	0	0	0	1	1	1	2	0	1	1	0	1	0	0	
0	1	1	0	1	0	1	0	0	0	1	0	0	1	0	0	1	1	1	2	0	0	0	0	0	0	1	1	1	0	0	0	1	0	1	1	2	1	2	0	1	1	0	1	0	0	1	0	1	1	2	1	1	2	0	1	1	0	1	1	0	0	1	0	0	1	1	1	0	0	0	1	0	0	1	1	0	0	0	0	1	1	0	0	0	0	0	1	1	1	0	1	1	0	1	0	1	1	0	0	
1	1	1	1	0	1	0	1	1	1	0	0	0	1	0	1	1	0	1	1	0	1	1	1	1	1	0	0	1	1	0	1	1	1	1	1	1	0	1	1	0	1	0	1	0	0	1	0	0	1	1	0	0	1	0	0	1	1	0	0	1	1	1	1	0	1	0	1	1	1	0	0	2	1	1	2	0	0	1	1	0	0	0	0	1	2	0	1	0	0	0	0	1	1	1	1	1	0	0	0	
1	0	0	1	0	2	0	0	1	0	0	1	0	0	1	0	1	1	1	1	1	0	0	0	1	0	0	0	0	0	0	0	1	0	1	0	0	1	1	1	1	0	0	2	1	0	1	0	1	0	0	0	1	1	1	1	1	1	1	1	0	1	0	0	2	1	0	0	1	0	1	1	0	0	1	1	0	1	1	0	2	1	0	1	1	0	0	1	0	0	1	0	0	0	0	1	0	1	0	1	
2	1	0	0	0	1	1	1	1	1	1	1	1	1	0	1	0	1	1	0	1	1	0	0	0	1	1	0	0	0	1	1	1	1	1	1	1	1	1	0	0	0	0	1	1	0	0	1	0	0	1	0	0	1	1	1	1	0	1	1	1	1	0	1	0	1	1	0	0	0	1	1	0	1	1	0	1	1	1	0	1	1	0	0	1	0	0	0	0	0	1	1	0	1	0	0	0	0	1	1	
0	0	0	1	0	1	1	1	1	0	1	1	1	0	0	0	0	1	1	1	0	0	0	0	1	0	0	1	0	1	1	1	1	0	0	1	2	0	1	0	1	1	0	0	0	0	1	0	2	0	1	1	1	0	0	0	0	1	1	1	1	1	1	0	1	1	0	1	1	1	1	0	0	0	2	0	0	0	0	0	0	0	1	0	0	0	1	1	1	1	0	1	1	0	1	0	0	0	2	0	
1	1	0	0	0	1	1	1	1	0	0	0	0	1	0	0	0	0	0	0	1	0	0	0	1	0	0	0	1	0	0	0	1	1	0	0	1	0	1	1	1	0	1	0	1	0	0	1	0	1	0	1	1	1	1	1	1	0	0	1	0	0	1	1	0	1	0	0	0	1	0	0	0	1	0	0	1	1	0	0	0	1	0	0	0	0	0	1	0	1	0	0	0	0	0	1	0	1	0	1	
1	1	0	2	0	1	0	0	1	0	1	1	0	0	0	1	0	1	0	1	1	1	1	1	1	1	1	0	1	1	1	1	0	0	0	1	0	0	0	0	1	1	1	2	1	0	0	1	0	0	1	1	1	0	1	0	1	0	1	1	0	0	1	0	1	1	0	1	1	1	1	1	0	0	1	1	1	1	1	2	0	0	0	1	0	1	1	0	0	0	1	0	0	1	0	0	1	0	1	0	
0	1	0	0	1	1	0	0	1	0	0	0	0	0	1	1	0	1	1	1	1	1	1	0	1	1	1	0	0	1	0	1	1	1	1	1	1	0	0	0	1	0	1	0	1	1	1	0	0	1	0	1	1	1	0	0	0	1	1	1	1	1	1	1	1	1	1	1	1	1	0	0	0	0	0	2	0	1	0	0	0	0	1	1	0	1	1	1	1	0	1	1	0	1	1	0	2	1	0	1	
0	0	0	0	1	1	0	0	0	1	0	1	2	1	0	1	1	0	0	0	1	0	0	2	0	0	1	1	1	0	1	0	0	1	1	0	1	0	0	1	1	1	0	0	1	0	1	1	2	0	1	0	0	1	1	1	0	1	0	1	1	0	1	1	1	1	0	0	1	1	1	1	0	1	0	0	0	1	1	0	0	1	0	1	1	0	0	0	0	0	0	1	0	1	0	0	0	0	1	1	
0	0	0	0	0	1	0	0	0	0	1	1	0	0	1	1	1	1	0	1	1	0	1	0	0	0	1	0	1	1	0	0	1	0	1	1	0	1	0	1	1	1	1	0	0	1	0	0	0	1	1	0	1	1	1	0	0	1	0	1	1	0	0	0	1	1	1	1	1	0	1	0	1	0	1	1	0	0	0	1	1	1	0	1	1	1	1	0	1	0	1	0	0	1	1	1	0	2	0	0	
0	1	1	0	0	0	0	1	0	1	0	0	1	1	0	0	1	1	1	0	0	0	1	1	1	1	1	0	0	1	1	0	0	1	1	0	0	0	1	0	0	1	0	0	1	1	0	2	1	0	1	0	1	1	1	0	1	0	0	0	0	0	1	0	0	1	1	1	1	1	0	0	0	0	0	0	1	1	0	0	1	0	0	2	1	0	0	1	0	1	1	0	1	1	0	1	1	0	1	0	
0	0	0	0	2	0	0	0	0	0	1	0	0	0	0	0	1	1	0	0	1	0	0	0	0	0	0	1	0	0	0	0	0	0	0	1	0	1	1	0	0	1	1	1	1	1	0	0	1	1	0	1	0	1	1	1	1	0	0	0	1	1	0	0	2	1	0	0	0	0	0	0	0	1	1	1	1	1	1	1	0	1	0	0	0	1	0	0	1	0	1	0	0	0	1	1	0	1	0	0	
1	1	0	0	1	1	1	0	0	1	1	1	0	1	0	1	1	0	1	0	0	1	2	2	0	1	1	0	1	0	1	0	0	0	1	0	1	0	0	0	0	1	0	0	2	1	0	0	2	1	1	1	1	1	1	0	0	0	0	0	1	0	2	1	1	1	0	0	1	1	0	0	1	0	1	1	0	0	1	1	0	0	0	0	1	1	0	2	0	0	1	0	0	0	1	0	0	0	0	1	
1	1	1	0	0	1	1	1	1	0	0	1	0	1	0	1	0	2	0	1	0	0	0	0	1	1	1	1	0	1	1	1	1	0	1	1	0	1	1	1	1	0	0	1	1	1	0	0	0	1	0	1	1	1	1	1	0	0	1	0	1	1	1	0	0	1	1	0	0	0	1	0	0	1	0	0	1	0	1	0	0	0	1	1	1	0	0	0	0	0	1	1	1	0	0	1	0	1	0	1	
0	1	1	1	1	0	0	0	0	0	1	0	0	0	1	0	0	1	0	0	1	0	2	1	1	1	1	1	1	1	1	1	0	0	0	0	1	0	0	0	0	1	1	0	0	0	0	1	0	0	2	1	0	1	0	1	1	1	1	0	1	2	0	1	0	0	0	1	1	0	0	0	1	2	1	1	0	0	1	0	1	1	0	0	1	0	0	1	1	1	0	1	0	1	0	1	0	0	1	1	
1	1	0	1	1	1	0	1	0	1	0	1	1	0	2	0	0	1	0	0	0	1	0	1	0	1	0	2	0	1	1	1	0	1	1	1	0	1	0	0	2	1	0	1	0	1	1	1	0	1	2	0	1	1	0	1	1	0	0	0	0	1	2	1	0	1	1	1	0	1	0	1	1	1	0	2	1	0	1	0	0	1	1	1	0	1	1	0	0	0	1	1	0	1	1	0	0	1	0	0	
1	0	1	1	0	1	0	1	0	1	0	1	1	0	1	1	0	0	0	1	0	0	1	1	1	0	1	0	0	0	1	0	0	0	1	1	1	0	1	0	1	0	1	0	0	0	0	1	0	0	0	0	0	0	0	0	1	0	1	0	1	0	0	0	1	1	0	0	1	0	0	1	1	1	2	0	2	1	1	0	0	1	1	1	2	1	1	0	1	1	0	1	0	1	1	1	1	1	1	0	
0	0	0	1	1	0	0	0	0	0	0	0	1	0	1	0	1	0	0	0	1	0	0	1	0	1	2	1	1	1	0	1	0	0	1	0	0	1	0	0	0	0	0	0	1	1	0	1	0	0	1	1	1	1	0	0	1	1	1	1	1	0	1	0	1	1	0	1	1	0	0	0	1	0	0	1	0	1	0	1	0	0	1	0	0	0	0	0	1	0	1	0	1	0	1	1	0	1	0	1	
0	0	1	0	1	0	0	0	1	1	1	0	1	1	1	0	1	0	0	0	1	1	1	1	0	1	1	0	1	2	1	0	1	1	1	1	1	0	1	0	1	1	1	1	1	0	0	0	0	1	0	0	1	0	1	0	0	1	1	0	1	0	0	0	1	1	0	1	1	1	0	1	1	0	0	1	0	1	1	0	0	0	0	0	1	1	1	2	1	1	0	0	0	0	1	1	0	0	1	0	
1	0	1	2	0	1	0	1	1	1	0	1	1	1	0	1	0	0	1	1	0	1	0	1	0	1	0	0	1	0	0	0	0	0	1	1	2	0	1	0	1	0	0	1	1	0	0	0	0	0	0	0	1	1	1	1	1	1	0	0	1	0	1	0	1	0	0	1	1	0	1	1	1	0	2	0	0	0	1	1	0	1	1	1	1	1	1	1	1	1	0	1	0	0	1	0	1	0	1	0	
0	0	0	0	1	1	0	0	0	1	0	0	0	0	0	1	1	0	0	1	0	1	0	1	1	1	1	0	0	0	0	0	1	0	0	1	1	1	0	0	1	0	2	1	0	1	1	1	0	0	1	0	1	1	1	0	0	1	1	0	0	1	0	0	0	1	2	0	2	0	0	2	0	2	1	0	0	0	1	1	1	2	0	0	0	1	1	0	1	0	1	0	1	1	1	1	1	0	0	0	
0	2	0	0	1	1	0	0	0	0	1	0	1	0	1	0	1	0	0	0	1	0	1	1	0	1	1	0	1	1	0	0	1	0	0	0	1	1	1	1	1	1	0	1	0	1	0	0	2	1	0	1	1	0	1	1	1	0	0	0	0	1	0	1	1	0	1	1	0	0	1	0	1	1	0	1	0	0	0	1	1	1	0	0	1	0	1	0	0	0	0	2	0	0	1	1	1	0	1	0	
0	0	1	1	1	1	2	1	0	0	1	0	0	1	1	0	1	0	0	0	0	0	0	0	0	0	1	0	1	0	0	1	0	0	0	0	1	1	1	0	0	1	0	1	0	0	1	0	1	1	0	1	1	0	0	1	0	1	1	0	0	1	0	0	0	1	1	0	1	0	2	2	0	0	0	0	0	1	1	1	0	1	2	1	1	1	1	0	1	1	1	1	1	0	1	1	1	0	0	0	
1	1	0	1	1	0	1	0	1	0	1	0	1	1	1	1	1	0	1	1	1	1	0	1	0	0	1	1	1	1	0	1	2	1	1	0	0	0	1	1	1	0	0	0	0	0	0	0	0	1	1	0	0	0	0	0	0	0	1	2	0	1	1	1	1	0	0	1	0	1	0	1	0	0	0	0	0	0	1	1	1	0	0	0	0	1	1	0	1	0	1	0	1	0	1	0	1	0	1	0	
0	0	0	0	0	0	0	0	1	0	1	1	0	1	1	1	1	1	0	1	1	0	1	0	0	2	0	0	0	1	1	0	1	1	0	0	0	0	1	1	1	0	1	0	1	0	0	0	1	1	0	0	1	0	1	0	0	0	1	1	0	0	1	0	0	1	0	1	0	1	0	0	0	1	1	0	1	0	1	1	1	0	0	0	0	0	0	1	0	0	1	1	0	0	1	0	1	1	0	0	
1	0	0	0	0	0	0	0	0	0	2	1	1	1	1	1	0	1	0	0	1	0	1	0	0	0	1	0	0	1	0	1	1	1	1	1	0	1	0	1	1	1	0	2	0	1	0	2	1	0	0	1	0	0	2	0	1	0	1	1	0	0	0	0	0	0	1	1	1	0	2	0	0	0	0	1	1	1	1	1	1	1	0	1	1	1	1	0	0	1	0	1	2	1	1	0	0	0	0	0	
0	0	0	0	1	0	1	0	0	0	0	1	0	1	1	1	1	1	0	0	0	0	1	1	1	0	1	1	0	0	1	1	1	0	0	1	0	1	0	1	0	1	0	0	0	1	0	0	0	1	1	0	0	0	1	1	1	1	0	0	0	1	1	0	1	1	0	0	1	0	0	1	0	1	0	1	1	0	1	1	0	0	1	1	0	0	0	1	1	0	0	1	1	1	1	0	0	0	2	0	
1	1	1	1	0	0	1	0	1	1	1	1	1	1	1	0	0	1	1	1	0	0	1	2	0	0	1	0	1	0	2	0	0	2	0	1	1	1	0	0	0	1	1	0	1	0	1	1	0	0	0	1	1	1	1	0	1	1	0	0	0	0	1	1	1	1	1	0	1	0	0	1	0	0	0	1	0	0	1	1	0	0	0	1	1	1	1	0	1	1	0	0	0	0	1	1	1	1	1	1	
0	0	1	0	0	0	0	1	0	1	0	0	1	0	0	1	1	1	1	1	0	0	1	1	1	0	1	1	1	0	0	1	0	1	1	0	0	0	1	1	0	1	1	2	1	1	1	1	0	0	0	0	1	0	1	0	1	0	0	1	0	1	0	0	0	1	0	0	0	1	1	0	0	0	1	0	0	0	2	0	2	1	1	0	1	0	1	1	1	0	0	1	1	1	0	1	1	1	1	1	
0	0	1	1	1	1	0	1	0	1	0	0	1	1	1	0	1	0	0	0	1	0	0	0	1	2	0	0	0	1	1	0	0	0	1	1	0	1	0	0	0	2	1	0	1	1	0	0	1	1	0	1	0	0	0	1	0	1	1	1	0	1	1	1	0	1	0	1	1	0	0	0	0	0	0	1	1	1	0	0	1	0	0	0	0	1	1	1	1	0	1	1	0	0	0	1	0	0	0	0	
0	1	1	1	2	0	0	0	1	1	1	1	1	1	1	0	0	0	0	1	0	0	1	1	1	1	1	1	1	0	0	0	1	0	1	0	1	1	1	0	0	1	0	1	1	1	0	1	0	1	1	1	1	0	1	1	1	0	1	0	0	1	1	0	1	1	0	1	1	0	0	0	1	1	1	1	1	0	0	0	0	1	1	1	1	0	1	1	1	1	0	0	1	0	0	0	0	0	1	0	
1	1	0	0	1	1	1	1	0	0	0	1	0	0	0	0	0	1	0	1	0	0	0	0	0	1	1	1	1	0	0	0	0	0	0	1	1	1	1	0	1	0	1	0	0	0	0	0	0	1	1	1	0	0	0	1	1	1	0	0	0	0	1	2	1	0	1	1	1	1	0	1	1	1	0	0	0	0	0	1	0	1	0	1	1	0	0	0	1	0	0	1	0	1	0	1	0	0	1	0	
1	1	1	0	0	1	0	0	0	0	1	1	1	1	0	2	0	1	1	0	1	0	0	1	1	0	0	0	1	0	0	0	0	1	1	0	1	0	0	0	0	1	1	0	1	0	1	1	0	1	1	0	1	0	0	0	1	0	0	1	0	0	0	0	1	1	1	0	1	1	1	1	0	0	0	0	0	1	1	0	1	1	1	0	1	0	1	0	1	0	0	0	0	1	0	1	0	0	0	1	
1	0	1	1	0	0	1	1	0	1	0	1	0	1	0	1	0	0	1	1	1	0	0	0	0	1	2	1	0	1	2	0	0	1	1	0	1	1	0	1	0	0	0	0	1	0	1	1	0	1	1	1	0	2	0	1	2	0	0	0	1	0	0	0	0	1	0	1	0	0	1	0	1	0	0	1	1	1	1	1	1	2	0	1	1	1	0	1	0	1	1	1	1	1	0	0	0	0	1	1	
1	0	0	0	2	0	0	1	0	1	0	1	0	0	0	0	1	0	1	0	1	0	1	0	0	1	1	1	0	0	0	0	0	1	1	1	0	0	0	0	1	0	0	0	0	2	1	1	1	1	1	0	0	1	1	0	0	1	1	0	1	0	0	0	1	0	0	1	0	1	1	0	0	0	1	0	0	0	1	1	0	0	0	2	0	1	1	0	0	0	0	1	0	0	0	1	0	1	1	0	
0	0	0	1	1	1	0	0	0	1	0	0	0	0	1	0	1	0	1	0	0	1	0	1	0	1	0	1	1	1	1	0	0	1	0	0	1	1	0	1	0	0	0	0	0	1	0	0	0	1	0	1	0	0	1	0	1	0	1	1	1	1	1	0	0	1	1	0	1	0	1	0	0	1	0	1	1	1	1	0	0	1	1	1	0	0	0	0	0	1	1	1	1	1	0	1	0	1	0	1	
1	1	1	1	0	0	0	0	0	1	0	1	0	1	0	1	1	0	1	0	2	1	1	0	1	1	1	1	1	1	0	0	1	0	0	0	0	1	0	1	1	0	1	1	0	1	1	1	1	0	1	1	1	0	0	0	1	1	1	0	0	0	0	1	0	0	1	1	0	1	0	0	0	1	1	0	1	0	0	0	1	1	0	0	1	1	0	0	0	1	0	1	0	0	1	1	0	0	0	1	
0	1	0	1	0	1	0	0	1	1	1	1	1	1	0	0	0	1	1	0	0	0	0	0	1	1	0	0	1	1	0	1	1	0	0	1	0	1	0	0	0	1	0	1	0	0	0	1	0	0	1	0	0	0	1	0	1	0	1	1	1	1	0	0	1	0	0	0	0	0	1	1	0	0	0	1	0	1	0	1	0	0	0	0	1	0	1	1	0	0	1	1	1	0	0	0	0	0	0	1	
1	0	0	0	0	1	1	1	1	0	0	0	1	0	0	1	0	0	1	0	0	0	1	0	1	0	0	0	0	0	0	0	0	0	0	0	0	0	0	1	0	1	1	0	2	0	0	1	1	0	1	0	0	1	1	1	1	0	0	1	2	0	1	0	1	1	1	0	1	0	0	1	0	0	1	1	1	0	0	0	0	0	0	0	0	0	0	1	1	0	1	1	0	0	0	1	0	1	0	0	
1	0	0	1	0	1	1	0	0	1	0	0	0	1	0	0	0	0	0	1	1	0	1	1	0	0	1	1	0	1	1	0	2	1	0	1	0	0	0	1	0	0	1	0	0	1	0	0	1	1	0	1	1	0	0	1	1	1	1	1	1	1	1	1	1	0	0	2	1	1	0	1	0	1	1	0	1	1	1	0	2	0	1	1	0	0	1	0	1	1	1	1	0	1	0	1	1	0	0	0	
0	1	0	0	0	0	1	0	1	1	1	0	1	0	2	1	1	1	1	1	0	1	0	0	1	0	1	1	1	2	0	0	0	1	0	0	0	0	0	1	1	1	0	1	1	1	0	0	0	1	1	1	0	1	1	2	0	0	2	0	0	1	0	1	1	0	0	0	1	0	0	0	1	1	1	1	1	1	0	1	0	0	1	1	0	1	0	1	0	0	0	1	0	1	0	0	0	0	1	1	
0	0	1	0	0	1	1	1	1	0	0	0	1	1	1	0	0	0	1	1	2	0	1	0	0	0	1	1	1	1	1	1	0	1	0	0	1	1	0	0	1	1	1	1	0	0	1	0	1	0	0	1	0	1	1	1	0	1	0	0	0	1	1	2	0	1	0	0	0	1	0	0	1	1	1	1	0	0	0	0	1	1	0	0	1	0	0	0	0	1	1	1	1	1	1	0	2	1	1	0	
1	1	0	0	1	1	0	0	0	0	1	2	1	1	1	1	1	0	1	1	1	0	0	0	0	1	1	1	1	0	0	0	0	1	1	0	0	0	1	0	0	1	0	0	1	0	1	1	1	0	0	1	0	0	1	1	0	0	1	1	0	2	0	0	1	0	1	0	0	1	1	1	0	0	0	1	0	1	1	1	0	0	0	1	0	1	1	0	0	1	0	1	0	1	1	0	1	0	1	1	
1	1	1	1	1	1	2	0	1	0	0	1	0	0	1	1	0	0	0	1	1	0	0	0	0	1	1	1	0	0	0	0	1	0	1	1	1	1	1	0	1	1	0	0	1	0	1	0	1	0	0	1	0	0	1	0	1	1	0	0	0	1	0	1	0	0	1	0	0	1	1	0	0	0	0	0	0	0	0	1	1	1	0	1	0	2	1	1	0	1	1	2	0	0	0	0	1	1	0	0	
0	0	0	0	0	0	0	0	0	1	1	1	1	0	0	1	1	1	1	0	0	1	1	0	1	1	1	0	1	0	0	1	1	1	1	1	1	0	1	1	0	1	1	1	2	1	1	0	0	0	0	0	0	0	0	1	0	1	1	1	1	0	0	0	0	0	1	0	1	1	1	0	1	0	1	0	1	0	1	0	1	0	0	0	1	0	1	0	1	0	1	1	0	0	1	0	0	0	0	1	
0	1	1	0	1	0	1	1	0	1	1	0	0	0	0	0	0	0	0	1	0	1	2	0	0	0	1	1	1	0	0	0	1	1	1	0	0	1	0	0	2	1	1	1	0	0	0	1	0	1	0	0	0	1	1	1	1	2	2	0	0	0	1	0	1	1	1	0	0	0	1	0	0	1	0	1	0	0	1	1	0	2	1	0	0	1	1	1	0	1	1	1	1	0	1	1	1	0	0	2	
1	0	1	1	0	0	1	0	0	1	1	0	1	1	0	0	0	0	0	1	1	0	0	0	0	0	0	0	0	1	1	0	1	1	1	1	0	1	1	1	0	1	1	0	1	1	1	0	0	1	0	1	1	1	1	1	1	0	0	1	0	0	0	0	1	0	0	0	1	1	0	0	0	0	1	0	0	0	0	1	1	1	1	1	1	1	1	1	1	1	0	0	0	1	0	1	0	1	0	0	
1	1	1	0	1	1	1	1	1	1	0	0	0	1	1	1	0	1	0	0	1	0	0	0	1	0	1	1	1	1	1	1	1	0	0	1	0	0	0	1	0	0	1	1	1	1	1	0	0	1	0	0	1	0	1	0	1	1	0	1	1	0	0	1	0	0	1	0	1	1	0	0	1	0	0	1	0	1	0	1	0	0	1	1	0	0	1	2	0	1	0	1	0	1	0	1	1	2	1	0	
1	1	0	0	1	1	1	0	0	1	0	1	0	0	0	0	0	1	0	1	0	1	0	0	0	1	1	0	1	0	1	1	1	0	0	0	0	1	0	0	0	1	0	0	0	1	2	1	0	1	0	0	0	1	0	1	1	1	0	1	1	1	0	1	0	0	1	1	1	0	0	0	0	0	0	0	0	1	0	1	0	0	0	0	1	2	1	0	2	1	1	1	0	1	0	1	1	1	1	0	
0	1	0	1	1	0	1	0	1	0	1	0	1	1	1	0	0	0	1	1	1	1	1	0	0	0	0	1	1	1	0	0	1	1	0	0	0	1	0	1	0	1	1	0	0	0	0	1	0	1	1	1	1	1	0	0	1	0	1	1	0	1	0	0	1	0	1	1	1	1	0	1	2	1	1	0	1	1	1	1	1	0	0	0	1	1	1	0	0	1	0	1	1	1	1	0	1	0	1	1	
1	0	1	1	0	1	1	1	1	1	1	0	1	0	0	0	0	1	0	1	1	1	0	0	1	0	0	1	1	0	0	2	1	1	1	2	1	1	1	0	1	1	1	0	1	0	0	1	1	0	0	0	1	0	0	1	1	0	0	0	0	0	1	0	0	0	0	1	0	0	1	0	0	0	2	0	0	0	0	0	2	0	0	0	1	0	1	0	0	0	0	1	1	0	0	0	0	1	0	1	
1	1	0	0	0	1	2	0	1	0	1	0	0	0	0	0	1	0	0	0	1	1	0	1	0	1	0	0	1	0	1	1	1	0	1	1	1	0	0	1	0	1	1	1	0	0	1	1	1	0	1	0	1	1	1	0	1	0	0	0	0	0	1	0	0	0	1	1	0	0	1	1	0	0	0	1	0	0	0	0	0	0	1	0	0	0	1	1	0	1	1	0	1	0	1	1	0	1	0	1	
0	0	1	1	1	0	0	1	2	1	1	0	0	0	0	1	1	1	0	1	1	0	1	0	0	0	1	2	0	1	1	1	2	0	0	1	1	1	0	1	0	0	1	0	0	1	0	1	1	0	1	1	0	1	1	0	1	1	0	0	1	1	0	0	0	0	1	1	2	1	0	1	1	0	0	1	1	0	0	1	0	0	0	0	0	0	1	1	0	1	0	1	1	1	0	0	1	0	1	1	
1	0	0	1	0	0	0	0	0	1	1	0	1	1	0	0	1	0	1	1	1	1	0	1	0	1	0	0	1	2	1	0	0	1	1	1	2	1	1	1	0	1	0	0	0	0	0	1	1	1	0	1	0	1	1	1	1	1	0	1	0	0	1	1	0	1	1	0	1	0	0	0	0	0	0	0	1	1	1	1	0	0	1	1	0	0	0	0	0	0	0	0	0	1	0	0	0	0	0	1	
0	0	1	0	1	1	1	1	1	0	0	0	1	0	0	1	1	1	0	1	0	0	1	1	0	0	0	0	1	1	2	0	0	0	1	1	0	1	1	0	1	1	0	0	1	1	0	0	1	0	1	1	1	0	0	0	0	0	0	0	0	1	1	1	1	1	1	0	1	0	1	1	0	0	0	1	1	1	0	0	1	1	1	0	0	1	1	0	0	0	1	1	1	1	0	1	1	0	0	0	
1	1	0	1	0	1	1	0	0	0	2	0	0	0	1	0	0	1	0	0	1	0	0	0	0	2	0	0	0	1	1	0	0	0	1	1	1	0	1	1	1	0	1	0	0	1	0	0	0	0	0	0	0	0	1	1	0	0	1	0	0	0	0	0	2	0	0	1	1	1	0	0	1	1	0	0	1	1	0	1	0	0	1	0	1	0	1	1	0	0	1	0	1	2	1	0	1	1	1	1	
0	1	0	0	1	1	0	0	1	0	1	0	0	0	0	2	0	0	1	1	0	0	1	0	0	1	1	1	0	0	0	0	0	1	0	1	0	1	2	0	0	1	0	1	0	2	1	0	1	0	0	1	0	0	0	2	0	0	1	1	0	0	0	0	0	1	1	1	0	0	1	0	1	0	1	0	1	0	1	1	1	0	0	1	0	1	1	1	0	0	1	0	0	1	0	1	0	0	1	0	
0	1	0	0	0	1	0	0	1	0	0	1	1	0	1	1	0	0	1	0	0	1	1	0	0	1	1	0	0	1	0	1	0	0	1	0	0	1	0	1	1	1	0	1	0	1	1	1	1	0	0	0	1	1	1	1	1	1	0	1	1	1	0	1	1	1	0	1	0	1	1	0	1	0	1	0	1	1	1	0	1	1	0	0	0	0	0	1	1	1	2	0	0	0	1	0	1	0	1	1	
0	0	0	1	0	0	1	1	1	1	1	0	1	1	0	1	1	1	0	1	0	0	0	1	1	1	1	1	0	1	0	1	1	0	0	0	1	0	1	0	0	1	1	0	0	1	1	1	1	0	0	1	1	1	1	0	0	1	2	0	0	1	0	1	1	1	0	0	1	1	1	1	1	0	0	0	1	0	0	1	0	0	0	2	0	1	1	2	1	1	1	0	0	1	1	0	0	1	1	0	
0	1	0	0	1	0	0	0	0	0	2	0	1	0	1	0	1	0	0	1	1	0	1	0	0	0	0	0	1	1	1	1	0	1	0	0	0	1	0	0	1	1	0	0	0	0	1	1	0	0	1	1	0	1	0	0	0	0	0	1	1	0	1	0	1	0	1	1	0	0	1	0	0	1	1	2	0	0	0	0	0	0	0	1	0	1	1	1	1	1	0	0	1	0	0	1	0	0	2	1	
1	0	0	0	1	1	0	0	2	1	0	0	1	0	1	1	1	1	0	0	0	1	1	1	1	1	0	0	0	1	0	1	0	0	1	0	0	0	0	0	1	0	1	1	1	0	0	0	0	0	0	0	0	1	2	1	1	1	0	0	0	0	1	0	0	1	0	0	1	1	1	0	0	0	0	0	1	1	0	1	1	0	1	1	0	1	0	1	1	1	1	1	1	1	1	0	1	0	1	0	
0	1	0	0	1	0	1	1	0	1	1	1	0	0	0	0	1	0	1	0	0	1	0	0	0	0	1	1	1	0	1	0	0	0	1	0	1	0	0	1	1	0	0	0	1	1	1	0	1	1	1	0	1	0	1	0	1	0	0	1	1	1	0	1	0	1	1	1	1	0	1	1	0	1	1	1	0	0	0	0	1	1	1	1	1	0	0	1	1	0	0	0	0	0	1	0	0	0	0	1	
1	1	1	1	0	0	1	0	0	0	0	1	0	1	0	0	0	0	1	1	0	0	1	0	0	0	0	0	0	0	0	0	1	0	1	1	0	1	2	2	0	0	1	1	0	1	1	0	0	0	1	1	0	1	1	1	1	1	0	0	1	1	0	0	1	1	0	1	0	1	0	1	0	1	1	1	0	0	0	1	0	1	1	1	0	0	0	0	0	0	1	0	0	1	1	1	1	1	1	1	
1	0	1	0	1	1	1	1	1	1	1	0	1	1	0	1	0	0	0	0	0	0	1	0	0	1	0	1	1	0	1	1	0	0	0	1	0	1	0	1	1	1	1	1	1	0	0	1	1	1	1	0	1	0	1	1	0	0	1	0	0	0	1	1	0	1	0	1	0	0	1	1	0	0	0	0	1	0	1	0	0	0	2	0	0	1	1	0	0	0	1	1	1	0	0	1	0	1	1	0	
0	0	0	0	0	1	0	0	0	0	1	0	1	0	1	1	0	0	0	0	1	0	0	1	0	0	0	0	0	0	1	0	0	2	0	0	0	1	1	1	1	1	1	1	1	0	0	1	0	0	0	0	1	0	1	0	1	0	1	0	0	1	0	0	0	0	0	1	1	0	0	0	0	0	1	1	0	0	1	1	1	1	1	0	1	0	0	0	1	0	0	0	1	0	1	0	1	0	0	0	
1	1	0	0	1	1	0	1	0	1	0	0	0	0	1	1	1	0	0	0	0	0	1	1	1	0	1	1	0	1	0	1	0	1	0	0	0	1	1	0	0	0	0	0	1	1	0	1	1	1	0	0	1	0	1	0	1	1	0	1	0	0	0	0	1	0	0	0	0	0	1	0	0	1	0	1	0	1	0	0	1	1	0	1	0	1	0	0	0	1	0	0	0	2	0	1	0	1	1	1	
1	0	0	1	0	0	0	0	0	1	1	1	1	1	0	1	1	0	1	0	0	1	1	0	0	0	1	1	1	0	0	0	1	0	0	1	1	1	0	0	1	0	1	0	1	1	0	1	0	0	1	1	2	0	1	0	1	1	1	1	1	1	0	0	0	0	0	0	1	1	0	0	1	0	1	0	0	1	1	1	0	1	1	2	0	0	0	1	1	0	1	0	1	0	1	1	1	0	0	0	
1	1	1	0	1	0	1	0	1	1	0	0	1	0	0	0	0	0	0	1	1	1	0	0	0	1	0	1	0	1	1	1	1	0	0	0	0	1	1	1	1	1	1	1	0	1	1	1	1	0	1	0	0	0	1	0	0	1	1	0	0	1	0	1	0	0	1	1	1	0	0	0	1	0	1	1	0	0	1	0	1	1	0	1	1	0	1	1	0	1	0	1	1	0	0	2	1	1	0	1	
1	1	0	1	1	1	1	1	1	0	0	0	0	0	1	0	2	0	0	0	0	0	0	1	1	1	0	0	1	0	1	1	0	1	0	1	0	1	1	0	0	1	1	1	0	1	0	1	0	1	1	1	1	0	0	1	0	0	1	0	1	0	1	1	0	0	0	0	0	1	0	1	1	1	1	0	1	1	1	1	0	1	0	0	0	0	1	0	1	0	1	0	1	1	1	0	0	1	0	0	
2	0	0	0	0	1	0	0	1	1	0	0	0	1	1	1	0	0	0	0	1	0	1	1	1	1	0	0	0	2	1	1	1	1	1	0	0	0	2	1	0	0	0	0	1	1	0	1	0	0	0	1	1	0	1	0	1	0	1	0	0	0	0	0	1	0	2	0	1	1	1	1	0	0	0	0	2	0	0	0	1	1	1	0	0	1	0	1	1	1	1	1	0	0	1	0	0	0	0	1	
1	1	1	0	1	1	1	1	0	0	0	0	0	1	1	0	1	0	0	0	1	1	2	0	1	1	0	0	0	1	1	0	0	1	1	1	0	0	1	1	0	0	0	0	1	1	1	1	0	1	0	2	0	0	0	1	1	1	1	0	1	1	0	1	1	0	1	1	0	0	0	0	0	0	0	1	1	0	1	1	1	0	0	0	0	1	0	1	0	0	1	1	1	0	0	0	0	1	0	1	
0	1	0	0	0	0	1	0	1	1	0	0	1	1	0	0	2	0	0	1	1	1	0	0	0	1	0	0	0	1	0	1	1	0	0	1	1	1	1	1	1	0	0	1	1	1	1	0	0	1	0	0	1	1	1	1	0	1	1	0	1	1	0	0	0	1	0	0	1	0	0	1	1	0	1	0	0	0	0	0	1	0	0	0	0	0	1	1	2	0	0	0	0	1	0	1	0	2	0	1	
1	0	0	0	0	1	1	1	1	0	1	0	1	1	0	0	0	0	1	0	0	0	0	0	0	1	1	1	0	0	1	1	1	1	1	1	2	1	0	1	0	1	0	1	0	0	0	0	1	1	1	0	1	1	1	0	1	1	0	1	0	0	0	1	1	1	0	2	1	1	0	0	0	1	0	1	1	2	0	1	1	1	1	0	0	1	0	1	0	1	1	1	1	0	1	1	1	0	0	1	
1	1	0	0	0	0	1	0	0	1	1	0	1	0	0	1	0	0	1	1	0	0	0	0	1	1	0	1	0	0	1	1	1	0	0	1	0	1	1	1	1	0	1	0	0	1	1	1	1	1	1	0	1	1	0	1	0	2	1	1	1	1	1	0	0	1	0	1	0	0	0	1	1	1	1	1	1	1	0	0	0	0	1	0	1	1	0	1	1	1	0	0	0	0	0	1	0	0	2	0	
1	1	1	0	0	1	0	0	1	0	0	1	0	0	0	0	1	0	1	1	0	1	0	0	0	0	1	0	0	0	2	0	0	1	0	0	1	0	0	1	0	0	1	0	1	0	0	0	1	1	0	1	0	0	1	0	1	1	0	1	0	0	2	1	0	0	0	1	0	1	1	2	0	2	1	0	1	0	1	0	0	1	0	0	0	0	0	0	0	0	1	1	0	1	1	0	0	0	1	0	
1	0	1	0	1	1	0	0	1	1	0	1	1	0	0	1	1	1	1	1	1	1	1	0	2	1	0	0	1	1	0	1	1	1	1	1	0	1	0	1	0	1	1	0	1	0	1	1	1	0	1	0	0	0	1	1	1	1	0	0	0	1	0	0	0	1	1	0	1	0	1	0	1	1	0	0	0	0	1	0	1	1	1	1	0	1	0	1	1	0	1	1	0	1	1	0	1	0	1	0	
0	0	0	1	1	1	0	0	1	1	0	0	1	0	1	1	2	0	0	0	1	1	0	1	0	0	1	1	1	1	1	1	0	1	1	0	1	1	1	0	1	1	1	0	1	0	1	1	0	0	1	0	1	0	1	2	1	0	1	0	0	0	1	0	1	1	0	1	0	1	0	0	0	1	0	0	0	0	0	0	0	1	1	1	0	2	0	0	0	1	0	1	0	1	1	0	0	1	0	0	
1	0	2	0	0	1	0	0	1	0	1	0	0	1	0	0	0	0	0	0	0	0	0	1	1	1	1	1	0	1	0	0	0	1	0	0	0	1	1	1	1	1	0	0	1	1	0	0	0	0	0	0	1	0	0	1	1	0	0	2	1	1	0	0	0	0	0	1	0	0	0	1	0	0	0	1	0	0	1	0	1	1	0	1	1	1	1	1	0	0	0	0	0	1	1	0	0	0	1	1	
0	0	0	1	0	1	1	1	0	0	0	0	1	1	1	1	1	1	0	0	0	0	0	1	1	0	1	0	0	1	1	0	1	0	1	0	1	0	1	1	0	1	0	1	1	0	1	0	0	0	1	0	1	1	2	1	0	0	0	0	1	0	0	0	0	0	0	0	0	0	0	0	0	1	0	0	0	0	1	0	0	1	0	2	0	0	0	1	0	0	1	1	1	1	1	1	1	0	1	1	
0	2	0	0	0	1	0	0	1	1	1	1	1	1	1	0	1	1	0	0	0	1	0	1	0	0	0	1	2	1	1	0	0	0	0	2	0	0	1	1	1	1	0	2	0	1	0	1	1	1	0	0	1	1	0	0	0	0	1	0	1	0	0	0	1	0	1	0	1	1	1	1	0	1	1	1	1	1	0	0	1	0	1	1	1	1	1	0	2	1	1	1	1	1	0	0	1	2	1	1	
1	1	0	0	1	1	1	1	0	1	1	0	1	1	0	0	0	0	1	1	0	1	0	1	0	0	1	1	0	1	0	1	0	0	1	0	0	1	1	2	1	1	0	0	0	0	0	1	0	0	1	0	0	0	0	0	2	1	1	0	2	1	1	0	0	1	1	1	0	0	0	0	0	0	1	1	0	0	1	1	1	0	1	1	0	2	0	2	1	0	0	1	0	0	1	1	0	0	1	0	
1	1	0	0	1	0	1	0	0	1	1	1	0	0	1	1	1	0	0	1	1	0	1	0	1	1	0	1	0	0	1	0	0	0	0	0	1	1	0	0	1	0	0	0	0	0	1	0	1	1	1	1	0	1	1	0	0	0	0	1	0	1	1	0	0	0	0	1	2	0	1	0	0	1	1	0	1	0	0	0	0	2	0	1	1	1	0	1	1	1	2	1	1	0	1	0	1	1	0	1	
0	1	2	1	0	0	1	0	1	0	0	0	0	1	0	1	1	0	1	1	1	1	0	0	1	1	1	1	1	1	1	1	0	1	0	1	0	0	0	0	0	1	1	1	0	0	0	0	1	1	0	1	1	0	1	1	1	0	2	0	1	2	0	0	0	0	0	0	0	1	0	1	0	1	0	0	1	1	0	0	1	0	0	1	1	0	1	0	1	0	0	1	0	1	1	0	1	1	1	0	
1	0	0	1	1	1	2	0	1	1	0	1	1	1	0	0	0	0	0	0	1	1	0	1	0	0	1	0	1	1	1	0	0	0	1	1	1	0	0	0	1	0	0	0	1	0	1	0	0	1	0	0	0	1	0	1	1	0	0	1	0	0	1	0	1	1	1	1	0	0	0	0	1	1	0	1	1	1	1	1	1	1	0	1	1	1	1	0	0	1	1	0	0	0	1	1	1	1	0	0	
0	0	0	1	1	1	0	1	0	1	1	1	0	2	0	1	1	1	1	0	0	1	1	1	1	0	0	0	1	0	1	1	1	1	1	1	0	0	1	1	1	0	1	1	1	1	0	0	0	0	0	0	0	0	1	2	0	0	1	0	0	0	1	0	1	0	1	1	1	0	0	0	0	0	1	1	0	1	0	0	0	1	0	1	1	0	0	1	1	1	0	1	1	1	1	1	0	1	0	0	
2	1	0	0	1	1	1	1	1	1	1	1	0	0	1	0	1	0	1	1	0	1	0	0	0	1	1	2	0	0	0	1	0	2	1	0	1	0	0	1	0	1	1	0	0	0	2	0	1	0	0	0	0	0	1	1	1	0	1	0	0	2	1	0	1	1	0	1	0	1	0	1	0	1	0	1	0	0	0	0	1	0	1	1	1	0	1	1	0	1	1	1	1	1	0	0	0	1	0	1	
0	1	0	1	1	0	0	1	2	1	1	0	0	1	1	0	1	1	0	1	0	1	0	0	1	0	1	0	0	0	1	1	1	1	0	1	0	1	1	1	0	0	0	1	0	0	1	1	0	0	0	1	0	0	0	1	1	1	1	1	1	1	0	0	0	1	0	1	1	1	1	1	1	1	1	1	1	0	0	0	0	1	0	1	1	1	1	0	1	0	0	0	0	1	0	0	0	0	1	0	
1	1	1	1	0	1	0	1	1	0	1	0	0	0	0	1	0	0	0	1	1	1	0	1	0	1	1	0	0	0	0	1	1	1	0	0	0	1	1	0	0	1	0	0	0	0	1	0	0	0	1	0	0	0	0	0	0	1	0	0	1	0	1	1	0	0	1	1	0	1	0	1	0	1	0	1	0	0	1	1	0	0	0	1	0	0	0	0	1	0	1	0	1	0	0	0	0	1	0	0	
1	0	1	1	0	1	1	1	0	1	1	1	0	0	0	0	1	1	0	1	1	0	0	1	0	1	0	1	1	0	0	1	0	1	1	0	2	1	1	0	0	1	0	0	0	1	0	1	1	0	1	1	1	0	1	0	0	0	0	2	0	0	0	0	0	0	1	0	0	1	1	1	0	0	1	0	2	2	1	0	0	1	0	1	0	1	0	0	1	1	0	0	0	1	1	1	0	1	0	0	
0	0	2	1	0	0	1	0	1	1	0	0	1	0	0	1	0	1	0	1	1	1	1	0	2	1	1	1	1	0	0	0	1	0	0	1	1	1	0	1	1	1	0	0	0	1	1	1	1	0	0	0	1	0	0	1	1	0	0	0	1	0	0	1	1	0	0	1	2	0	0	1	1	0	1	1	1	1	0	0	2	0	0	1	0	1	1	0	1	1	1	0	0	1	0	1	0	0	0	1	
1	2	1	0	0	1	1	1	1	1	1	0	1	0	0	0	1	1	0	0	1	0	0	1	0	1	1	1	1	0	0	1	0	0	1	0	0	1	1	1	0	0	1	1	1	1	0	0	1	1	0	0	0	0	1	0	0	0	1	1	1	1	1	0	0	1	1	1	1	0	0	1	0	0	0	1	0	0	1	0	1	1	0	1	0	1	0	0	0	1	0	0	1	0	0	1	0	1	1	1	
0	0	0	0	0	0	0	0	0	0	1	0	1	0	1	0	0	0	0	1	1	1	0	0	1	1	0	1	1	0	1	2	0	0	0	1	0	1	0	1	1	1	1	1	1	0	1	0	1	0	1	0	1	1	0	0	0	0	1	2	0	1	0	0	1	0	1	1	0	1	0	0	0	1	0	1	1	0	0	0	0	1	1	0	1	1	0	0	0	1	0	1	0	0	0	1	0	0	0	1	
2	0	0	1	0	1	0	1	1	1	0	1	0	0	1	0	0	0	1	0	0	0	1	1	1	1	0	0	0	1	0	1	1	0	1	2	1	1	1	1	1	0	1	0	1	0	0	1	0	0	0	1	1	0	2	2	0	1	1	0	1	1	0	0	1	1	0	1	0	1	0	1	0	1	0	1	0	1	1	1	0	1	0	1	1	1	0	0	0	0	0	1	1	1	0	0	1	1	1	0	
1	1	1	1	1	0	1	1	1	2	0	0	0	1	0	0	1	0	2	1	1	0	1	1	1	1	1	1	1	0	0	2	1	0	0	1	1	1	1	0	0	1	0	0	0	2	0	1	0	0	0	0	0	1	0	0	2	0	0	1	0	1	1	1	0	0	1	1	2	1	0	0	0	1	1	1	0	1	1	1	0	0	1	0	1	1	1	0	0	0	1	0	1	1	1	0	0	0	1	0	
1	1	0	0	0	1	1	0	0	1	2	1	0	0	1	1	1	1	1	1	1	0	0	1	1	0	1	0	0	1	1	1	1	0	1	1	1	1	1	0	1	1	0	1	0	0	1	0	0	1	0	1	0	1	0	1	0	1	1	0	1	0	0	1	1	0	1	1	0	0	1	1	1	1	0	0	1	0	1	0	0	0	0	0	1	0	1	0	0	1	0	0	0	0	1	1	0	1	1	1	
0	1	1	1	1	1	0	0	0	0	0	1	1	0	1	0	2	1	1	1	1	1	1	0	0	1	0	1	0	0	0	0	0	2	0	2	1	0	0	2	1	0	1	0	1	0	1	0	1	1	0	2	1	1	1	1	1	1	0	0	1	1	0	1	1	1	0	1	0	1	0	1	0	0	1	0	0	0	1	0	1	0	0	0	0	1	1	1	0	1	1	1	1	0	1	0	0	0	0	1	
1	0	1	0	0	1	1	1	0	1	1	0	1	0	0	0	1	1	1	0	0	1	0	0	1	0	1	0	1	0	1	1	2	0	0	0	1	0	0	0	1	1	0	0	0	0	0	0	1	0	1	0	1	0	1	1	1	0	0	0	1	1	1	1	0	0	2	1	0	1	1	0	0	0	1	1	0	1	1	1	1	1	0	1	1	0	0	0	1	1	0	0	1	1	0	0	0	0	1	1	
1	1	1	0	0	0	0	1	0	0	0	1	0	0	1	1	1	0	1	1	0	1	1	1	0	1	1	0	1	0	0	0	1	1	1	0	0	0	1	0	0	1	0	0	1	1	0	0	1	1	1	1	0	1	0	0	0	0	0	0	1	1	0	0	0	0	1	0	1	1	1	0	1	1	0	0	0	0	0	0	0	1	0	0	0	0	0	2	1	1	0	0	1	0	0	0	0	0	1	1	
2	1	1	1	1	0	0	1	1	0	0	0	0	0	1	1	1	1	1	1	0	1	1	1	1	0	2	1	0	1	0	1	0	0	1	0	0	1	1	0	1	1	0	2	0	0	0	0	1	0	0	0	1	1	0	1	1	1	1	0	0	1	1	1	1	1	1	1	1	0	1	0	0	1	1	0	1	0	0	1	1	1	0	1	1	1	1	1	1	0	0	0	0	1	0	0	0	1	0	0	
0	1	1	1	1	1	1	1	0	0	0	0	1	0	0	0	1	1	0	1	0	2	0	0	0	1	1	1	1	0	1	1	1	0	1	0	1	0	0	1	1	1	0	1	1	1	0	0	1	0	1	1	1	0	1	0	0	1	1	2	0	0	0	0	1	0	1	1	1	1	1	2	1	0	1	1	1	0	1	1	1	1	0	1	1	1	1	2	1	0	0	0	0	1	1	1	1	1	0	1	
0	1	1	2	0	0	0	0	0	0	0	0	1	2	0	0	1	1	0	1	1	0	0	1	0	0	1	0	0	0	0	1	1	0	0	0	0	0	0	0	1	1	0	0	1	1	1	1	2	0	0	0	0	0	0	1	0	1	1	1	0	0	1	1	1	0	0	0	1	1	1	0	1	1	0	0	0	1	0	1	0	1	0	0	1	0	0	1	0	0	1	1	0	0	0	1	0	1	1	0	
1	0	0	1	0	1	0	1	0	0	0	0	1	0	0	1	1	0	1	2	1	2	1	0	1	0	1	0	1	1	0	1	0	1	1	1	0	1	0	1	0	0	0	1	1	1	1	1	0	1	0	1	0	0	0	1	0	0	0	0	0	1	0	0	0	0	1	0	0	1	1	0	1	1	0	0	0	1	1	1	0	1	2	0	1	0	0	0	1	1	1	0	1	0	1	1	1	1	0	0	
0	1	1	1	1	1	0	1	1	1	1	0	0	1	1	1	1	0	1	0	0	1	0	2	1	0	2	1	0	1	1	1	1	0	0	1	1	0	0	1	1	0	0	0	0	0	0	1	0	0	0	0	1	0	1	1	1	1	0	0	0	1	0	1	0	0	0	0	0	0	0	0	1	0	0	1	0	1	0	0	0	0	1	0	1	0	0	0	1	1	0	0	1	0	1	1	0	1	1	0	
1	1	0	0	1	0	0	0	0	1	1	1	1	0	1	1	1	1	0	1	1	1	1	0	1	0	1	1	0	1	0	1	1	1	1	1	1	0	0	1	0	1	1	1	0	0	1	0	1	1	1	1	0	1	1	0	1	0	0	1	1	1	1	0	1	0	1	1	0	1	1	0	0	1	0	0	0	1	0	1	0	1	0	0	0	1	1	0	0	0	0	0	1	0	1	0	0	0	0	1	
0	1	0	1	0	1	0	0	1	0	0	1	1	0	1	0	1	0	0	1	1	0	0	0	0	1	0	1	0	0	1	0	1	1	0	1	1	0	0	1	0	0	0	1	1	0	0	2	0	0	1	0	1	1	0	1	1	0	2	0	0	0	0	0	1	0	1	1	1	1	1	0	0	1	0	0	0	1	0	0	2	1	1	1	1	0	0	0	0	1	1	0	0	2	0	1	0	0	1	1	
0	1	1	1	0	0	1	1	1	1	1	0	0	0	1	2	0	0	0	1	0	0	1	0	1	0	2	0	1	0	1	0	1	0	1	2	0	0	0	0	0	1	0	0	1	1	0	1	1	0	0	0	1	0	0	0	0	1	1	0	2	1	1	1	1	1	0	0	0	1	1	1	1	0	0	1	0	1	1	1	0	0	1	0	0	0	1	1	1	0	1	1	0	0	0	1	0	1	1	1	
0	0	0	1	1	0	0	1	0	0	1	0	1	0	1	1	0	0	1	0	1	1	0	2	0	1	1	0	1	1	0	1	1	0	0	1	0	1	0	1	0	0	1	0	0	1	0	0	0	1	1	0	0	0	1	0	0	1	1	1	0	1	0	2	1	1	1	0	1	1	1	1	1	1	0	1	0	0	1	0	1	0	1	0	0	1	0	0	0	0	0	1	1	1	1	1	0	0	0	0	
0	1	0	1	1	1	0	2	0	0	1	1	1	0	1	1	1	0	1	1	0	1	0	1	1	1	1	1	0	0	0	1	0	0	1	0	2	0	0	1	0	0	0	1	1	0	1	0	0	1	0	0	1	2	1	0	1	1	1	1	0	1	0	1	0	0	1	0	1	0	1	1	0	1	1	1	0	1	0	0	0	0	1	0	2	1	0	1	1	0	0	0	0	0	1	0	0	1	1	0	
0	0	0	0	0	0	0	0	0	1	1	1	0	0	0	0	0	1	1	0	0	0	0	0	1	0	1	0	1	0	1	0	0	1	1	0	1	1	1	0	1	1	1	1	0	1	1	1	0	1	1	1	1	1	0	1	0	0	1	2	1	0	0	1	1	1	1	1	0	1	0	0	0	1	1	1	0	0	0	1	0	0	1	0	1	1	0	1	0	1	0	0	0	0	2	1	1	0	1	1	
0	1	1	0	0	0	0	1	0	2	0	0	0	0	1	0	0	1	0	0	1	1	1	1	1	0	0	1	0	0	0	0	0	1	0	0	1	1	1	0	1	1	2	1	0	0	1	0	1	0	1	0	0	0	0	1	1	0	2	1	1	0	0	0	1	0	0	0	1	0	0	1	0	1	1	1	1	1	0	0	0	1	1	1	0	1	0	0	1	1	1	0	0	1	1	1	0	0	0	1	
1	0	2	1	0	0	0	1	1	0	1	0	1	0	0	0	0	0	0	0	1	0	0	0	0	1	1	1	1	1	1	0	0	1	1	1	0	1	1	1	0	0	1	0	1	1	0	0	0	1	0	1	1	0	1	0	0	1	0	0	1	1	0	0	0	0	1	2	0	0	1	0	0	1	1	0	0	0	1	1	0	1	0	0	1	1	1	0	0	0	0	0	0	1	0	0	1	0	1	0	
0	0	0	1	1	0	1	0	1	1	0	0	0	1	1	0	0	0	0	1	0	1	0	1	0	1	0	0	0	0	0	0	1	1	1	1	1	1	1	0	1	0	1	0	1	0	1	1	1	1	0	0	0	0	1	1	1	0	0	1	1	1	0	1	1	1	0	0	0	1	1	1	0	0	0	0	0	0	0	0	0	0	0	0	1	1	1	1	0	0	1	1	1	0	1	1	0	1	1	0	
0	2	0	2	1	1	1	0	1	1	1	0	1	0	1	0	0	1	0	1	1	1	0	0	0	0	1	0	1	1	0	1	1	0	0	1	0	1	1	1	1	0	1	1	0	1	0	1	0	0	0	0	0	0	0	1	1	0	1	0	0	0	0	1	0	1	0	1	0	0	0	1	1	0	1	2	1	0	1	1	1	0	1	1	0	1	0	1	1	1	0	0	1	1	1	0	1	1	0	0	
0	1	0	0	1	1	0	1	0	0	0	0	0	0	1	0	1	0	1	0	1	2	0	0	0	0	1	0	1	1	0	1	0	0	1	1	0	0	1	0	1	0	0	0	0	1	1	1	0	1	1	1	0	1	1	1	0	1	1	1	0	0	1	0	1	0	1	0	1	1	0	0	1	0	1	1	0	0	2	0	0	1	1	1	1	0	0	0	1	0	1	1	0	1	1	0	2	0	0	1	
0	1	0	0	1	0	0	0	1	0	1	0	1	1	0	1	1	1	0	1	2	1	1	0	1	1	0	1	1	0	0	1	1	1	0	0	1	1	0	0	0	0	1	0	0	0	0	1	1	1	0	0	0	1	1	0	0	0	0	0	0	1	1	0	0	1	0	0	0	0	0	1	1	0	1	1	1	1	1	0	1	0	0	1	0	0	0	1	1	0	0	0	1	0	0	1	0	0	1	0	
0	1	0	0	1	1	0	1	1	2	0	1	0	1	0	0	1	0	1	1	0	0	1	1	0	1	1	0	1	1	0	1	0	0	0	1	0	1	1	1	0	0	0	0	0	0	1	0	1	0	1	1	2	0	0	1	0	1	0	0	0	1	0	1	0	1	0	1	0	0	1	1	2	0	0	0	2	1	1	1	2	1	1	1	0	0	1	0	1	1	1	0	0	0	0	1	0	0	0	0	
0	1	0	0	1	0	1	0	1	0	1	1	0	0	2	1	0	0	0	0	0	0	0	1	1	1	1	1	0	0	0	0	0	0	1	0	1	0	1	0	1	0	0	1	0	0	0	1	1	0	0	1	1	1	1	1	1	1	1	1	1	0	0	0	1	1	0	0	0	2	1	0	1	1	1	1	0	0	0	1	0	0	0	1	1	1	1	1	1	1	0	1	1	1	0	0	1	1	2	1	
1	1	1	0	2	1	0	1	1	0	1	0	0	0	1	0	0	1	1	0	0	0	1	0	1	0	1	1	1	1	1	0	0	1	0	1	1	1	0	0	1	0	0	0	0	0	0	1	1	1	0	0	0	0	1	0	1	0	1	1	1	1	1	1	0	1	0	1	1	1	1	0	0	1	0	1	0	0	0	0	0	1	0	1	1	0	1	1	1	0	1	1	0	1	1	1	0	1	1	0	
0	0	1	0	0	1	1	1	1	1	1	0	1	0	1	1	0	0	1	1	1	0	1	0	0	0	1	1	1	0	1	1	1	1	0	0	1	1	1	1	1	0	1	1	0	1	1	0	1	0	1	1	1	2	1	0	0	0	0	0	1	0	1	1	0	0	1	0	1	1	1	0	0	0	0	0	1	2	1	1	0	0	0	1	1	0	0	1	1	1	0	1	0	1	0	0	1	1	1	1	
0	0	1	0	0	1	1	1	0	1	1	0	0	0	1	1	1	0	1	1	0	0	0	1	0	0	0	0	0	0	1	0	0	1	1	0	0	0	0	1	0	1	1	1	1	1	1	1	0	1	0	1	1	1	1	0	1	1	0	0	0	0	0	0	2	0	1	2	1	0	1	1	0	1	0	1	1	1	1	1	2	0	0	0	1	1	1	1	1	0	0	1	0	1	1	0	0	0	0	1	
0	0	0	1	0	1	1	1	1	1	0	0	0	0	0	0	0	1	0	1	1	0	0	0	1	1	1	1	2	0	0	1	1	0	1	1	1	0	0	1	1	0	0	1	0	1	0	0	0	0	1	1	1	0	1	0	0	0	0	1	0	0	0	0	1	1	1	1	0	1	1	0	1	0	0	0	1	1	0	0	0	0	0	1	1	0	0	1	1	0	0	0	1	0	2	0	0	1	0	0	
0	0	0	1	1	1	0	0	0	0	1	1	1	0	1	1	1	0	1	0	0	1	1	1	1	1	0	0	1	0	1	1	0	0	0	1	0	1	1	1	1	0	1	0	1	0	1	0	0	0	1	0	0	0	0	1	1	1	0	0	0	0	0	0	0	1	1	0	0	1	1	0	1	1	0	1	1	1	1	0	0	1	0	1	0	0	1	1	1	0	1	0	1	1	0	1	0	1	0	0	
0	1	0	0	0	0	0	1	1	1	1	0	1	1	0	0	0	1	0	0	0	0	1	0	1	0	0	0	1	1	0	1	2	0	1	0	0	1	1	0	0	0	1	0	0	1	1	0	0	1	0	1	1	1	0	1	1	0	1	1	1	1	1	1	0	1	1	2	0	0	1	1	1	1	0	0	1	0	0	0	0	1	0	1	2	1	0	1	1	1	1	0	0	0	1	1	0	0	1	1	
1	0	0	0	0	1	1	0	1	1	0	0	1	0	0	1	1	1	1	1	0	1	1	0	0	1	1	0	0	0	1	0	1	0	1	0	0	1	1	1	0	0	1	1	1	0	0	1	1	1	1	1	0	1	0	0	0	0	1	0	2	1	0	0	1	1	1	1	1	0	0	1	1	0	1	0	0	0	1	0	1	1	0	1	1	0	1	1	1	0	1	1	1	0	0	1	0	1	1	0	
0	1	0	1	1	0	2	0	0	1	1	1	0	1	0	0	1	0	1	0	1	0	1	0	0	0	0	1	1	1	1	1	1	1	1	1	0	0	0	0	1	1	1	1	1	1	1	0	1	0	0	0	1	1	1	0	0	1	1	0	0	0	0	1	2	0	0	0	0	0	0	1	0	1	0	0	1	0	0	1	1	0	0	0	0	1	1	1	0	1	0	0	1	0	1	0	0	1	0	0	
0	1	0	1	0	0	1	1	0	1	0	1	0	1	1	1	0	0	0	1	1	0	1	0	0	1	0	0	0	0	1	0	1	0	0	0	0	0	0	1	1	0	0	1	0	0	0	0	0	1	0	0	1	0	0	0	0	0	1	0	0	0	1	0	0	1	0	0	0	0	1	1	1	1	0	1	1	0	0	0	0	1	1	1	1	0	0	0	0	1	0	1	0	0	0	0	1	0	1	0	
1	1	1	1	0	0	0	0	1	1	1	1	1	1	0	0	0	1	1	1	0	0	0	0	0	0	1	1	0	1	0	0	0	0	1	1	1	0	1	1	1	1	1	0	1	0	1	0	1	1	1	1	1	1	1	0	1	1	1	1	0	1	1	0	0	1	1	0	1	0	0	1	0	1	1	1	1	1	0	2	1	0	0	0	1	0	1	0	0	0	0	0	1	2	1	0	0	1	0	0	
0	1	0	1	1	1	0	0	1	1	1	0	1	0	1	1	0	0	0	1	0	1	0	1	1	0	1	0	1	0	0	0	1	1	1	1	0	1	0	0	2	1	0	0	0	0	0	0	0	1	0	1	1	1	1	1	0	0	0	0	0	0	0	1	1	0	1	0	1	0	0	0	0	0	0	1	0	0	0	0	0	0	0	1	1	1	1	1	0	0	1	1	1	1	0	0	0	0	0	0	
1	0	0	0	1	1	0	0	1	0	1	1	1	1	0	1	0	0	1	1	1	0	0	0	0	1	1	1	0	0	1	1	1	1	0	1	0	0	0	0	1	1	1	1	1	1	1	0	1	0	1	1	1	1	0	0	1	0	1	0	0	0	0	0	1	0	1	1	1	1	0	1	1	1	1	0	0	0	1	0	1	1	0	0	0	1	0	0	0	1	0	0	0	0	1	1	0	0	1	1	
0	0	1	0	1	0	1	0	0	1	1	0	1	0	1	1	0	0	1	0	1	2	1	0	0	1	2	1	0	0	0	1	0	0	0	1	0	0	1	1	0	1	0	1	0	0	0	0	0	1	0	0	0	0	1	0	0	1	0	1	0	1	1	0	0	2	0	1	0	0	1	1	1	1	0	2	1	1	1	0	1	0	1	1	1	0	0	1	0	0	1	1	1	1	1	0	1	1	1	0	
0	1	0	1	0	0	1	0	1	1	1	1	1	0	0	1	1	0	1	0	1	0	1	0	0	0	2	1	0	0	1	1	1	1	0	1	0	1	1	1	1	1	1	1	1	0	0	0	1	1	1	0	0	1	0	1	1	1	0	1	1	1	1	0	1	0	1	1	1	0	0	0	1	1	0	1	0	0	1	0	0	1	1	1	2	0	0	1	1	0	1	1	1	0	0	0	0	1	0	1	
0	0	0	0	1	1	0	0	0	0	1	1	1	0	1	0	0	0	0	0	0	0	1	0	0	1	0	1	0	1	1	1	1	1	0	0	1	1	0	0	0	0	1	1	1	1	1	0	0	0	0	1	0	1	1	1	0	1	0	1	0	0	1	1	0	0	0	1	0	0	0	0	0	1	1	1	0	0	1	0	0	0	2	1	1	0	0	0	0	0	0	0	0	1	1	1	1	1	0	0	
0	1	0	1	0	2	0	0	1	1	1	1	1	1	0	0	1	0	0	0	1	0	0	0	0	0	0	1	1	1	1	1	1	0	0	0	0	0	0	0	1	0	0	1	0	1	0	1	1	1	1	1	1	0	1	1	1	0	2	2	0	0	1	1	0	1	0	1	0	1	1	0	1	1	1	1	1	1	0	0	0	1	0	1	0	1	0	0	0	0	0	1	1	0	0	0	1	0	0	1	
1	1	1	1	1	1	0	1	0	1	0	1	0	0	0	1	1	0	0	0	0	1	0	1	1	0	0	1	0	1	0	1	0	1	1	0	0	0	0	1	1	0	0	0	1	0	0	1	0	1	1	0	1	1	0	0	2	1	1	0	1	1	1	1	1	0	1	1	1	1	1	0	0	1	1	0	1	2	0	0	0	0	1	1	1	0	1	1	0	1	0	0	0	1	2	1	1	0	0	1	
1	2	0	1	0	0	0	0	1	1	0	0	1	1	1	1	0	1	1	0	0	1	1	1	1	0	0	1	0	1	1	1	1	1	1	1	1	1	0	1	0	0	1	1	1	1	0	1	1	0	1	0	1	1	1	0	1	1	0	0	1	0	0	0	1	1	1	1	0	0	0	0	0	1	1	1	0	0	0	0	0	1	0	0	1	1	1	1	0	0	0	0	1	1	1	1	0	1	2	0	
1	0	0	0	0	1	0	0	0	0	0	1	0	1	1	0	1	0	1	1	0	1	0	1	1	0	0	0	1	0	2	0	1	0	0	0	0	0	1	1	0	1	1	0	1	1	0	1	0	1	0	0	1	0	0	1	0	0	0	1	1	1	1	0	0	1	0	0	0	1	0	1	0	0	1	1	0	1	0	0	0	0	0	1	1	0	1	1	0	0	1	1	1	1	0	1	0	0	0	0	
1	0	0	1	1	0	1	1	0	0	1	0	1	1	0	0	0	1	1	0	1	0	1	0	1	0	1	1	1	0	1	1	1	1	0	0	0	0	0	1	1	1	0	1	0	0	0	1	1	1	1	1	1	0	0	0	1	1	0	1	1	1	1	1	1	1	1	0	1	2	2	0	1	1	1	0	0	1	1	1	0	0	1	1	0	2	0	0	0	0	0	1	0	0	1	1	1	1	1	0	
0	1	2	0	0	1	0	0	0	0	0	1	0	0	0	0	0	2	1	1	1	1	2	0	0	1	1	0	1	1	1	0	0	0	1	0	1	0	0	1	0	0	0	1	1	1	1	1	1	1	0	0	0	1	0	0	1	1	1	1	1	1	1	0	0	0	0	1	0	0	0	1	1	0	1	0	0	1	0	1	0	0	1	0	0	0	0	0	1	0	1	1	0	1	0	1	0	1	0	1	
1	0	1	0	0	0	1	0	0	1	1	1	0	2	0	0	1	0	1	1	1	0	0	0	0	1	0	0	0	1	1	0	2	1	1	0	1	1	0	1	1	0	1	1	1	2	0	0	1	0	1	0	1	1	1	0	0	0	0	0	1	1	1	2	1	1	0	0	1	1	0	2	0	0	0	1	1	0	1	0	0	0	0	1	0	0	0	0	1	0	1	0	0	1	0	0	1	1	1	1	
0	1	0	0	1	1	0	0	0	1	1	1	0	0	1	0	1	0	1	0	1	0	1	0	0	0	1	0	0	1	1	1	1	0	0	1	1	1	0	0	0	0	2	0	0	1	1	0	0	1	0	0	0	1	1	0	0	0	0	0	0	1	1	1	1	1	0	1	0	0	0	0	0	0	1	0	1	1	0	1	1	0	0	0	2	1	1	1	1	1	0	0	1	1	1	1	0	1	1	0	
1	0	2	0	1	0	0	1	1	0	1	1	1	0	1	1	0	1	1	1	1	0	0	1	0	0	0	0	1	0	0	1	0	0	1	1	1	0	0	1	1	0	0	1	0	0	1	0	1	1	1	0	1	0	0	1	0	0	2	1	0	0	0	1	1	0	0	1	1	1	0	1	0	0	0	0	1	1	1	1	0	1	0	0	0	0	1	0	1	0	0	0	0	1	0	0	1	1	1	1	
0	0	0	0	1	0	0	0	0	0	1	0	1	1	0	1	1	1	1	1	1	0	1	1	1	1	1	0	1	1	1	1	0	1	0	1	0	1	0	0	1	0	0	0	0	0	1	0	1	1	1	1	0	1	2	1	0	0	1	0	0	0	1	1	1	1	1	0	2	0	1	1	1	0	1	1	0	1	0	1	2	1	1	0	1	1	0	0	1	1	1	1	2	0	0	1	1	1	1	0	
1	0	1	1	1	1	0	0	1	1	0	0	1	1	0	0	1	0	0	1	0	0	0	1	1	0	0	0	0	1	0	0	1	1	1	0	1	0	1	1	1	0	0	1	1	0	1	0	0	1	1	0	0	0	1	0	0	2	1	1	1	0	1	1	0	1	1	1	1	0	1	0	1	0	0	1	0	0	0	1	0	1	0	1	1	0	1	0	0	1	1	1	1	1	0	1	2	1	0	0	
0	1	0	0	1	0	0	1	0	0	0	1	1	1	1	0	0	1	1	0	1	1	0	0	0	0	1	0	1	1	1	0	0	1	1	0	1	1	1	1	0	0	0	0	0	1	1	0	0	1	0	1	0	1	0	0	1	1	1	0	1	1	0	0	0	0	0	0	1	2	0	0	0	0	1	0	0	1	0	1	2	0	1	1	0	0	1	0	0	0	0	0	1	1	1	1	0	0	1	1	
0	0	1	1	2	0	0	1	0	1	1	0	0	0	1	1	0	0	0	0	1	1	0	1	0	1	1	1	0	0	0	1	1	1	0	1	1	1	0	1	1	0	0	1	0	0	1	0	0	0	0	0	1	1	0	1	0	0	1	0	1	0	1	1	0	0	0	1	1	1	0	1	1	1	0	0	1	0	1	1	0	1	0	0	1	1	0	1	0	1	0	1	0	0	1	0	1	1	1	0	
1	0	0	0	0	0	1	0	0	1	0	1	0	1	1	1	0	0	1	0	1	0	1	1	1	1	1	0	1	0	1	1	0	1	0	1	0	0	1	1	1	0	0	1	1	0	0	1	0	0	1	0	1	1	1	0	0	1	0	1	1	0	1	1	0	1	1	1	0	0	1	0	0	1	1	1	0	2	1	1	1	1	1	0	1	1	0	0	0	0	1	1	1	0	1	0	1	0	0	1	
1	1	1	0	1	1	1	0	1	1	1	0	1	1	1	0	0	0	0	1	0	1	0	1	0	1	1	1	1	0	1	2	0	1	1	1	0	1	1	1	1	1	0	1	1	0	1	1	0	0	0	0	0	0	0	0	0	0	1	0	1	1	1	1	0	1	0	0	1	1	0	0	1	1	0	1	0	1	1	1	0	1	1	0	1	1	0	0	0	0	1	1	1	0	1	1	0	2	1	0	
1	0	1	1	0	1	1	0	0	1	0	1	1	0	0	1	0	1	1	1	1	1	1	1	0	1	1	2	0	1	1	0	0	0	0	1	0	0	0	1	1	0	1	0	1	0	1	1	0	0	0	0	0	1	0	0	0	1	0	0	0	0	1	1	1	0	0	0	1	0	0	1	0	1	1	0	0	0	0	0	1	0	1	0	1	0	1	1	0	1	1	1	0	1	0	0	1	0	0	1	
0	1	1	1	1	0	0	1	1	1	1	1	0	0	1	0	1	1	0	1	1	1	1	0	1	1	0	0	1	2	1	0	1	1	1	0	0	0	0	0	0	0	1	1	0	0	1	1	1	0	1	0	1	0	0	2	0	0	1	1	0	0	1	0	0	0	1	1	1	0	0	1	1	1	1	0	0	0	0	1	0	0	0	0	0	1	0	1	0	1	0	1	1	0	0	1	1	0	1	0	
0	1	1	0	0	1	0	1	1	1	1	0	0	2	1	1	0	2	0	1	1	1	0	1	0	0	1	1	1	0	1	1	1	1	0	2	1	1	0	1	1	1	0	1	0	0	1	0	1	0	0	0	1	0	0	0	1	0	0	1	0	0	1	0	1	2	0	1	1	0	1	1	0	1	1	1	0	1	1	1	0	0	1	1	1	0	0	0	1	1	0	1	0	1	1	0	0	0	0	1	
1	1	1	0	0	1	0	0	1	1	0	1	1	1	1	1	1	1	0	2	0	1	0	0	1	0	1	0	1	0	0	1	1	1	1	1	1	0	1	1	0	1	1	0	1	0	0	0	1	1	0	1	0	1	1	0	1	0	2	0	0	0	1	0	0	1	0	1	0	1	1	0	1	0	2	1	0	1	0	0	0	1	2	0	1	0	0	0	0	0	1	1	0	1	0	1	1	0	1	0	
1	1	0	1	0	1	0	1	0	0	0	0	1	1	0	0	0	1	0	0	0	0	1	1	1	1	1	1	0	1	0	0	0	0	1	1	1	0	0	0	0	0	0	1	0	0	1	0	1	0	1	1	1	0	1	1	0	0	0	0	1	0	1	1	1	1	1	1	1	0	1	1	0	0	0	1	1	1	0	1	0	1	1	0	0	1	0	0	1	1	1	0	0	1	0	0	0	1	1	0	
1	0	0	1	1	2	1	1	0	1	0	1	1	1	0	1	0	0	1	1	1	2	0	1	1	1	0	1	0	1	1	1	1	0	0	1	1	1	1	2	0	1	1	0	2	0	0	0	1	0	0	1	0	0	0	0	0	1	0	0	1	0	0	2	1	0	1	1	0	0	1	0	0	1	0	0	1	1	1	0	1	1	1	0	0	1	0	1	0	0	0	1	0	0	2	0	0	1	0	1	
0	1	1	0	0	0	1	1	0	1	1	0	0	2	0	0	0	0	0	1	1	1	0	0	1	1	0	0	1	0	0	1	1	1	0	1	0	0	0	0	0	1	0	1	1	1	1	0	0	0	1	0	1	0	0	1	1	0	1	1	1	0	0	1	0	0	1	0	0	0	1	1	1	1	1	0	0	1	0	1	0	1	0	0	1	0	1	1	0	0	1	0	1	1	1	0	1	0	0	0	
1	0	1	0	0	0	1	2	0	2	1	1	1	2	1	1	0	0	0	1	1	0	1	1	0	1	0	0	0	1	1	0	1	0	0	1	0	0	0	1	0	0	1	0	0	0	0	0	1	1	1	0	0	1	2	0	0	0	1	1	0	1	0	1	0	0	1	0	0	1	0	0	0	0	0	0	0	2	1	0	1	1	1	1	1	1	1	0	0	1	0	1	0	0	0	0	1	0	0	1	
0	0	0	1	0	1	1	1	0	0	0	0	0	1	1	2	1	0	0	0	0	1	0	0	0	1	0	0	0	1	0	1	0	1	0	0	0	0	0	1	0	0	0	1	1	0	0	1	1	0	0	0	0	1	0	1	0	1	1	0	1	0	1	0	0	1	0	0	0	0	1	0	1	1	0	1	0	0	0	0	1	0	0	1	1	0	1	0	0	0	0	1	0	0	1	1	1	0	1	1	
1	1	1	1	1	0	1	1	0	0	0	0	1	0	0	1	1	1	0	1	0	0	0	1	1	1	1	1	0	1	1	1	1	2	0	1	0	0	1	0	1	0	0	1	1	1	1	0	0	0	1	0	0	0	1	1	0	0	0	0	0	0	0	1	1	0	0	1	1	0	0	1	1	0	0	0	1	1	0	0	1	0	1	1	1	0	1	0	0	1	0	1	1	0	0	0	0	1	0	0	
1	0	0	1	0	0	0	1	0	1	0	1	0	1	0	0	1	1	1	2	0	1	0	0	1	1	1	0	1	1	1	0	1	0	0	1	0	1	1	1	1	0	1	1	0	0	0	1	1	0	0	0	1	1	0	0	0	0	2	1	1	1	0	0	0	0	0	1	1	0	1	0	1	1	0	0	0	0	0	0	0	1	1	1	0	0	1	1	0	1	0	1	0	0	1	1	0	0	1	0	
0	1	1	0	1	0	0	0	1	0	1	1	0	1	1	1	0	1	1	0	1	1	1	1	0	1	0	1	2	1	0	0	0	1	0	1	1	0	0	1	1	0	0	1	1	0	0	1	1	0	0	0	1	0	0	0	0	0	1	1	0	1	0	0	0	1	0	1	1	1	1	0	0	1	0	0	0	0	1	0	1	0	0	0	0	0	0	0	1	0	0	0	0	0	1	0	1	1	0	0	
0	1	0	1	1	1	1	1	1	0	1	1	1	1	0	0	0	1	1	1	1	1	1	0	0	1	1	1	0	1	1	1	1	2	0	1	1	1	0	1	0	0	1	1	0	0	0	0	0	0	0	0	1	1	0	1	1	1	1	1	0	1	1	1	0	1	0	0	0	0	1	1	0	1	1	0	0	0	0	0	1	0	0	0	0	0	1	0	1	0	1	1	0	1	1	0	1	1	1	1	
1	0	0	1	0	1	0	0	0	1	1	0	0	0	0	0	1	0	1	0	1	0	0	0	0	1	0	0	0	0	1	1	0	1	1	0	1	1	1	1	1	1	0	1	0	1	0	0	0	0	0	1	1	1	1	1	1	0	0	0	0	1	0	1	0	1	0	0	1	0	0	0	0	1	1	0	1	0	0	0	1	0	0	1	1	0	1	0	0	1	0	0	1	1	1	0	2	0	0	1	
0	0	1	0	0	1	0	1	0	0	1	1	0	0	0	0	0	0	1	1	0	0	0	0	1	1	0	1	1	1	0	1	0	0	0	1	0	0	0	0	0	1	1	0	1	0	0	1	0	2	1	0	1	0	0	1	1	1	0	0	0	1	0	0	0	1	0	1	1	0	1	0	1	0	0	1	1	0	0	0	0	0	0	0	1	0	1	0	1	0	1	0	0	0	0	1	1	0	1	0	
0	1	0	1	1	1	0	1	1	1	0	1	2	1	0	0	0	0	0	0	1	0	1	0	0	1	1	0	1	1	1	0	0	0	1	0	0	0	1	0	0	0	1	1	2	0	1	0	0	1	0	1	1	0	1	1	1	0	0	0	0	1	1	1	1	1	0	0	0	0	1	1	1	0	0	0	1	0	0	0	0	1	1	1	1	1	1	0	1	0	0	0	1	0	1	1	0	1	0	0	
1	1	1	1	0	0	1	0	1	0	0	0	1	0	0	1	1	0	0	2	1	0	0	1	0	0	0	0	1	1	1	0	0	0	1	0	0	1	0	1	0	0	0	1	0	1	1	0	0	0	0	1	1	0	0	1	1	0	0	1	0	1	1	1	1	0	0	1	0	1	2	0	1	1	0	1	1	0	0	2	1	1	1	1	1	1	0	0	0	0	1	0	0	1	0	2	1	0	1	0	
1	0	0	1	0	1	1	0	0	1	0	0	0	0	1	1	1	0	1	1	0	0	1	1	0	1	0	0	1	1	0	1	1	1	0	0	1	1	0	0	0	1	0	0	1	1	1	1	0	1	1	0	1	0	0	1	1	1	0	0	1	0	1	0	0	0	1	1	1	0	1	1	1	1	0	1	2	0	1	0	0	1	1	1	0	1	1	1	0	2	1	1	0	0	0	0	0	1	1	1	
1	0	0	1	1	0	1	1	1	1	0	1	1	2	1	0	0	1	0	1	1	0	0	1	0	0	0	0	0	0	0	0	0	0	1	1	1	1	0	0	1	1	0	0	1	0	0	1	0	0	1	1	0	1	0	0	1	0	1	1	1	0	0	1	1	0	1	1	0	0	0	1	0	1	1	0	1	1	0	0	1	1	0	1	1	1	0	1	0	0	1	1	0	1	0	1	1	0	0	0	
0	1	1	0	1	2	1	0	0	1	0	0	1	1	0	1	0	1	1	0	1	1	0	1	1	0	1	0	1	1	0	0	1	1	1	0	0	1	2	1	2	0	1	2	1	1	0	0	0	0	1	1	1	0	0	1	1	0	0	1	1	1	0	1	1	1	0	1	0	1	0	0	0	1	1	0	2	1	0	1	0	0	1	0	0	0	1	0	1	1	1	0	1	0	1	0	0	0	1	1	
1	1	1	1	1	1	0	1	1	0	1	0	1	1	0	1	0	1	1	2	0	1	1	0	1	1	1	0	1	0	1	0	0	1	0	0	2	0	1	1	0	1	1	0	0	0	0	1	1	0	1	1	0	1	1	0	1	0	1	0	1	1	0	1	1	1	1	1	0	1	0	0	0	1	1	1	0	0	0	1	1	1	0	1	0	1	1	0	0	1	0	1	0	0	1	0	0	1	1	0	
1	1	0	0	1	1	1	0	1	1	0	1	1	1	0	1	1	0	1	1	1	0	0	1	1	0	0	0	0	0	1	2	0	1	0	0	1	1	1	0	1	0	0	0	0	1	0	1	1	1	1	0	0	1	0	0	1	1	0	1	0	1	0	0	0	1	1	1	1	1	0	1	1	0	0	0	1	0	0	1	0	1	1	0	1	0	0	1	1	0	0	0	1	1	0	0	0	0	0	0	
2	2	1	0	0	1	0	2	0	0	0	0	0	1	0	0	1	0	0	0	1	1	1	1	0	0	0	0	0	1	0	1	0	0	1	1	0	0	0	1	0	1	1	0	0	1	0	1	1	1	1	0	0	0	1	1	0	1	0	1	0	0	1	0	1	1	0	1	1	0	0	1	0	0	2	1	0	1	1	1	1	0	0	1	0	1	0	0	0	1	0	0	1	0	0	1	0	1	1	0	
1	1	1	0	0	2	1	0	0	1	0	0	0	1	0	0	0	0	0	0	0	1	0	0	0	0	0	0	1	0	0	0	1	0	1	1	0	1	0	0	0	0	1	0	0	1	1	0	0	0	1	0	0	1	1	1	0	0	1	1	1	0	0	1	1	0	1	1	1	1	0	0	1	0	1	1	1	1	0	1	0	0	1	1	1	0	0	1	0	0	1	1	0	1	0	0	0	1	0	0	
0	0	0	1	1	1	1	0	1	0	0	1	0	1	1	1	1	1	1	0	0	0	0	0	0	0	1	1	0	0	0	1	0	0	0	0	1	0	0	1	1	0	0	0	0	0	0	0	0	0	0	1	0	0	0	0	0	1	1	0	1	1	0	1	1	1	0	0	1	0	1	0	0	1	1	1	1	0	0	0	1	0	0	1	0	2	0	1	1	1	1	1	0	1	0	0	1	1	0	1	
2	0	1	0	0	0	0	1	0	0	1	1	1	1	1	1	0	0	0	1	0	0	0	1	1	0	0	1	1	0	1	1	0	0	1	1	1	0	0	1	1	1	1	0	2	1	0	0	1	0	1	0	1	0	0	0	1	1	1	1	0	1	0	1	0	1	0	1	0	0	0	1	0	1	1	0	1	1	0	1	1	1	0	1	0	1	0	0	1	1	1	0	0	0	1	0	1	0	0	1	
0	0	1	0	0	1	1	1	0	0	1	0	0	1	1	1	1	1	0	0	1	0	1	1	0	1	0	0	1	1	1	1	1	1	0	1	1	0	1	1	1	0	1	1	0	0	0	1	1	0	2	0	0	1	0	1	1	1	0	1	0	0	0	1	0	1	1	0	1	0	0	0	0	0	0	1	0	0	1	1	1	1	1	0	0	0	1	0	1	1	1	1	1	0	0	0	0	1	0	1	
1	1	0	1	0	1	1	1	1	1	0	0	0	0	0	0	0	0	1	1	0	0	0	1	2	0	0	1	0	1	0	1	1	0	0	0	0	1	0	0	1	1	1	1	1	0	0	0	1	0	1	0	1	0	1	0	1	1	2	0	0	1	1	1	0	0	1	0	1	0	0	0	0	0	1	1	1	0	1	1	0	0	1	1	0	0	1	0	1	1	0	0	1	1	0	0	0	1	0	0	
0	1	1	0	0	0	1	1	1	0	0	0	1	0	1	1	0	1	0	0	1	1	0	0	0	1	0	0	0	0	0	0	2	1	1	2	0	0	0	1	0	0	0	1	1	1	0	1	0	1	0	1	1	0	0	1	0	1	1	0	2	1	0	0	1	1	0	1	1	0	1	0	2	1	0	1	0	0	0	1	1	1	1	1	1	1	0	1	0	0	0	0	0	0	1	1	0	1	0	1	
0	0	2	1	0	0	1	1	0	0	1	0	0	0	0	1	0	1	1	1	1	0	0	0	1	1	0	1	1	0	0	0	0	1	1	1	1	0	0	0	1	0	1	1	2	0	1	0	1	0	0	0	0	0	1	0	1	1	0	0	1	1	0	1	0	1	0	1	0	0	0	1	1	0	0	0	0	1	0	0	1	1	0	2	0	1	0	0	0	1	1	1	1	1	1	0	0	2	1	1	
0	1	1	1	0	1	1	1	1	1	1	1	0	0	0	1	0	0	1	2	0	1	1	0	0	0	1	0	1	1	0	1	0	0	1	0	1	1	0	1	0	0	1	1	0	1	0	0	1	0	0	1	1	0	0	1	1	1	1	0	0	0	0	1	1	0	0	0	1	1	1	0	0	0	1	1	1	1	1	2	1	0	1	0	1	0	0	0	1	1	1	1	0	1	0	0	1	1	0	2	
0	1	1	0	0	1	0	0	1	0	0	1	0	1	0	0	0	1	0	1	1	1	0	1	0	0	1	1	0	1	0	1	1	0	1	0	1	0	1	0	0	0	1	0	1	1	1	0	1	0	0	1	0	1	1	1	1	0	1	1	1	0	0	0	0	1	0	0	0	0	1	0	1	1	1	0	0	1	0	1	1	1	1	1	1	1	0	1	0	0	0	1	0	0	0	0	0	1	0	0	
1	1	0	1	1	1	2	0	0	1	0	0	1	1	0	0	1	1	1	0	1	0	0	1	0	1	1	0	0	0	0	1	1	1	1	1	0	0	0	0	0	0	1	0	1	1	1	1	0	0	0	1	0	1	1	0	1	1	1	1	1	1	0	0	1	1	1	1	0	1	1	1	1	0	0	1	0	1	0	0	1	0	1	0	2	0	1	0	1	1	0	1	0	1	0	0	1	0	0	0	
1	1	1	1	1	1	1	0	0	1	1	0	0	1	1	0	1	1	0	1	0	0	1	0	1	0	0	1	0	0	0	1	0	0	0	1	1	0	1	0	1	1	0	0	0	0	0	1	1	0	0	1	1	0	0	1	1	0	1	1	0	0	1	0	0	0	1	0	0	1	0	0	1	0	1	1	0	1	0	1	1	0	0	0	1	1	1	0	1	1	0	1	1	0	0	0	0	1	1	0	
0	1	1	0	1	1	0	0	0	2	0	0	0	1	1	0	1	0	0	1	0	0	1	0	0	1	1	1	1	0	1	1	1	0	1	0	0	1	1	0	1	1	1	1	1	1	0	0	1	0	1	1	0	1	0	0	1	0	0	0	1	0	1	2	1	1	1	2	0	0	1	0	1	1	0	1	1	1	0	1	0	0	1	1	1	0	1	1	1	1	1	1	0	1	0	0	1	1	1	1	
2	1	0	1	1	1	0	0	2	1	0	0	2	1	0	0	1	0	1	2	1	0	0	2	1	1	0	0	1	1	0	0	1	0	1	1	1	1	1	1	0	1	0	1	1	0	0	1	0	1	1	0	2	0	1	1	0	1	1	1	0	0	1	1	0	1	0	0	1	1	0	1	2	1	1	0	0	1	1	0	0	0	0	0	0	1	1	0	0	0	0	1	0	1	0	1	1	0	1	0	
0	0	1	0	0	1	0	1	1	1	1	0	1	0	0	1	0	0	0	0	1	0	1	0	0	1	1	0	1	1	1	0	0	1	0	1	2	0	0	1	0	1	0	1	0	0	1	1	0	1	1	1	1	1	2	0	1	0	1	0	0	0	1	0	0	1	1	1	0	0	0	1	1	1	0	0	0	1	0	0	0	0	0	1	0	0	1	0	0	1	0	0	0	1	1	1	0	1	1	1	
0	0	0	1	1	1	1	1	0	0	1	1	1	0	1	0	0	0	0	1	1	1	0	1	1	0	0	0	1	0	1	0	1	1	0	1	0	0	0	1	1	1	0	0	1	2	1	0	1	0	0	1	1	0	0	0	0	0	0	0	0	0	0	0	0	1	0	1	0	1	1	1	1	0	1	0	0	0	0	1	0	0	1	0	1	0	0	1	1	0	1	1	1	1	0	0	1	0	0	1	
1	0	0	0	0	0	0	1	1	1	0	0	0	1	0	1	1	1	1	2	1	0	0	0	0	1	0	0	1	0	0	1	0	1	1	0	0	1	1	0	0	1	0	1	1	0	1	0	1	0	1	1	1	1	1	0	0	0	1	1	1	1	0	0	1	0	0	0	1	0	1	0	0	0	1	1	1	1	1	1	0	0	1	0	1	1	1	1	0	0	1	1	1	0	1	1	0	0	1	0	
0	1	1	1	1	0	0	1	1	1	0	1	0	1	2	0	0	0	0	1	1	0	1	1	0	0	1	1	1	1	0	1	0	1	0	1	1	1	1	0	1	1	1	1	1	0	1	0	1	0	0	0	0	1	0	0	0	0	0	0	0	0	1	1	1	0	1	0	1	2	0	1	0	0	1	2	0	0	0	0	1	0	0	1	1	0	1	1	0	0	1	1	1	0	1	0	1	1	0	1	
1	1	1	1	0	0	1	1	0	0	1	0	0	0	0	1	0	0	1	1	1	1	1	0	1	1	1	1	0	0	0	0	0	1	0	0	0	0	1	0	1	2	1	0	1	0	0	0	1	1	1	1	0	0	1	1	1	0	0	1	1	1	1	1	1	1	0	0	1	0	0	0	1	1	1	1	1	0	1	0	1	0	0	0	0	0	0	1	1	0	0	0	0	0	1	0	1	2	0	0	
0	1	1	1	1	1	1	0	0	0	0	1	0	1	1	1	0	2	0	0	0	0	1	0	1	0	1	1	0	0	1	0	0	0	1	1	0	0	0	1	0	2	0	1	1	0	1	0	0	2	0	0	1	0	0	1	1	1	1	0	0	1	0	0	0	0	1	0	1	0	0	0	0	0	0	1	1	0	1	0	1	1	1	0	0	1	1	1	1	0	0	0	0	1	1	1	1	1	1	1	
1	1	1	1	2	0	0	0	0	0	1	0	0	1	0	0	1	0	1	0	1	0	1	0	1	1	1	0	2	1	1	0	1	0	1	1	1	1	1	1	1	0	1	1	0	1	1	0	1	1	0	1	0	2	0	0	1	0	0	1	0	1	1	1	2	1	0	1	0	1	1	0	1	0	0	0	0	0	0	1	1	1	0	0	1	0	0	1	0	1	1	0	1	1	1	1	0	1	1	0	
1	0	1	1	1	1	2	0	0	0	1	1	0	1	1	0	0	0	0	1	1	0	1	1	0	1	1	1	0	1	0	0	0	0	0	0	2	1	1	0	1	0	1	1	1	0	0	1	0	1	0	0	0	0	0	0	0	0	0	2	0	1	0	1	1	0	1	0	0	1	1	1	0	0	1	0	1	0	0	0	0	0	1	1	0	1	1	1	1	0	0	1	0	1	1	1	0	0	0	0	
0	0	0	0	0	0	1	1	0	0	2	1	0	0	0	0	1	1	0	1	1	0	0	0	1	0	0	1	0	0	1	0	0	0	0	0	1	1	0	1	0	1	0	1	1	0	0	1	0	0	1	0	1	0	0	1	0	1	1	1	0	1	1	1	1	0	1	1	0	1	1	0	0	0	0	1	1	1	1	1	0	0	1	0	0	0	0	0	1	1	0	0	1	1	1	0	1	2	0	0	
0	1	0	0	0	0	0	1	1	0	0	0	0	0	1	1	0	1	0	0	1	0	1	1	0	1	0	1	0	0	1	1	1	0	1	1	0	1	1	1	0	0	0	1	1	0	0	0	1	0	1	1	0	1	1	0	0	1	0	0	1	1	2	1	0	0	2	0	0	1	0	1	0	1	0	1	0	1	1	0	0	0	0	0	1	1	0	0	1	1	1	0	0	1	0	1	0	1	1	0	
0	1	1	1	0	1	0	1	0	1	2	1	1	0	1	1	1	0	1	1	0	1	1	0	1	0	1	1	0	0	1	0	1	1	1	0	0	1	0	0	0	0	1	1	0	1	1	0	0	0	0	0	1	0	1	0	1	0	0	1	0	0	0	0	0	0	0	0	1	0	1	1	1	1	0	0	0	0	0	0	1	1	1	1	0	1	0	1	0	0	0	1	0	0	0	1	1	0	0	1	
1	0	1	1	0	1	1	1	0	1	1	0	0	0	0	1	0	0	1	1	1	0	0	0	1	1	0	0	1	0	2	1	2	0	1	0	1	0	0	0	1	0	0	0	0	0	0	1	0	2	1	0	0	0	1	1	1	0	1	2	1	1	1	0	0	1	1	1	1	1	0	0	0	0	0	0	0	1	0	1	0	1	0	1	1	1	0	1	0	1	0	0	0	0	0	1	0	0	1	0	
1	1	1	1	1	1	1	0	1	0	0	0	1	1	0	1	0	1	0	0	1	2	0	0	0	1	1	0	0	0	1	0	0	0	0	0	1	1	1	1	1	1	1	1	1	0	1	1	1	0	1	1	1	0	0	0	1	0	0	0	0	1	1	1	0	1	1	0	0	0	0	1	0	0	1	0	1	2	0	1	0	1	1	0	0	1	1	1	0	0	0	1	0	0	0	1	1	0	1	1	
2	0	1	0	0	1	1	0	2	0	0	1	1	1	0	1	1	0	1	1	1	0	2	0	1	1	1	0	1	0	1	1	0	0	1	1	0	1	0	1	1	1	0	0	0	0	0	1	0	0	0	0	1	0	0	0	0	0	0	1	0	0	1	1	0	1	1	1	0	0	1	0	1	1	1	1	0	1	0	1	1	0	2	0	0	0	0	1	0	1	0	1	0	1	0	0	2	0	1	0	
1	0	0	1	1	0	0	1	0	0	1	1	0	1	1	0	0	0	0	2	1	0	0	1	1	0	0	1	0	1	0	0	1	0	0	0	1	1	1	1	0	0	0	0	0	1	0	0	0	0	1	0	0	1	1	0	1	1	1	1	0	0	1	1	0	0	1	1	1	1	0	0	1	1	1	0	0	0	1	1	1	0	0	0	0	1	1	0	0	1	1	0	1	0	0	1	0	1	1	0	
0	0	0	0	0	0	1	1	1	1	1	0	1	0	1	1	1	0	0	0	0	1	0	0	1	1	1	1	0	1	2	1	0	0	1	0	1	0	1	0	1	0	0	1	1	1	0	1	1	0	1	1	0	0	0	0	1	0	0	1	1	1	0	1	1	1	0	0	0	1	0	0	0	1	0	1	0	0	1	0	0	1	1	0	1	1	1	0	1	1	0	0	1	1	0	0	1	0	1	1	
0	0	0	0	1	1	0	1	0	0	0	0	1	1	0	0	0	1	0	0	1	1	0	1	1	1	1	0	0	0	0	0	0	0	1	1	1	0	1	1	1	1	1	0	0	1	0	0	0	0	0	0	1	0	0	1	1	1	1	1	0	1	0	0	0	0	1	0	0	0	0	1	0	0	0	1	1	1	1	1	0	0	0	1	0	1	0	1	0	0	1	0	0	1	0	1	0	0	0	0	
1	0	1	1	1	0	1	0	1	0	1	1	1	1	1	1	0	1	0	1	0	1	1	0	0	1	1	1	1	0	1	1	0	1	0	0	1	0	1	0	1	0	1	0	0	1	0	0	0	1	1	0	0	1	0	1	1	0	1	0	1	0	1	0	0	0	1	1	1	0	2	1	1	1	0	1	0	0	1	0	1	0	1	1	0	1	0	1	0	0	2	0	1	1	0	1	1	1	0	0	
0	0	1	1	1	1	0	0	1	0	1	0	0	0	0	1	0	0	1	0	0	0	1	0	1	1	0	0	1	0	1	1	0	1	0	0	1	1	1	1	0	0	1	0	0	1	0	1	0	1	1	0	0	1	0	0	1	0	0	0	1	0	1	1	0	1	0	1	1	0	1	1	0	0	2	1	1	1	1	0	1	0	1	0	1	2	0	0	0	0	0	0	2	1	1	1	0	1	1	1	
1	0	1	0	1	0	1	0	1	1	1	1	1	0	1	1	0	1	0	1	0	0	0	1	1	1	1	0	1	1	0	1	0	0	1	1	1	1	0	0	1	1	0	1	1	0	1	0	1	0	0	0	0	1	1	1	0	0	0	1	0	1	1	0	0	0	1	1	1	2	0	0	1	1	0	1	0	0	1	1	1	0	0	0	0	1	1	0	0	0	0	1	1	0	0	0	0	0	0	0	
0	1	1	1	0	0	1	0	0	1	1	0	1	1	1	0	1	0	0	0	1	0	0	0	1	1	0	0	1	1	1	0	1	1	1	0	0	1	0	1	1	0	0	1	1	1	0	0	1	1	1	1	0	1	1	0	0	0	1	0	1	0	0	0	1	0	2	0	0	0	0	1	1	1	0	1	1	0	1	0	1	1	0	1	0	1	1	1	1	1	0	0	0	0	1	0	0	0	0	1	
1	1	1	1	1	0	1	0	1	0	1	0	0	1	1	1	0	0	0	0	0	1	1	0	1	0	1	1	0	0	0	0	1	0	0	1	0	0	1	1	0	0	1	0	1	0	2	0	0	0	2	0	0	2	0	1	1	1	1	1	0	1	1	0	0	1	1	0	0	1	1	1	0	0	1	0	0	0	0	1	1	0	1	0	1	0	1	0	0	0	1	1	0	0	1	0	0	1	0	1	
1	1	1	1	1	1	0	1	0	0	0	1	0	1	0	1	0	0	1	1	0	0	0	1	1	1	0	1	0	1	0	0	0	0	1	0	1	1	1	1	1	0	1	1	0	1	1	1	1	1	0	2	1	0	1	0	0	1	1	0	0	0	1	1	0	0	0	1	0	0	0	1	0	1	1	1	1	1	0	1	1	0	1	1	1	1	1	0	1	0	1	1	0	1	1	1	1	1	0	1	
1	0	0	1	1	0	1	0	1	1	0	1	0	1	1	0	0	1	0	1	1	1	1	0	0	1	0	0	0	1	0	0	0	0	1	0	0	0	0	0	1	1	1	0	0	0	0	0	0	0	0	1	0	0	0	0	1	1	1	2	1	1	0	1	0	1	0	0	2	1	1	1	0	1	0	1	0	0	0	1	0	0	0	1	0	1	0	1	1	0	0	0	0	0	0	0	1	1	1	0	
0	0	0	1	1	1	1	0	0	0	0	0	1	0	1	1	0	0	1	0	0	0	0	1	0	0	0	0	0	1	2	0	1	1	0	0	1	1	0	1	1	1	1	1	1	1	1	0	1	1	1	1	1	0	0	0	1	0	0	0	1	0	0	1	0	0	0	1	0	0	0	0	1	0	0	0	0	1	1	0	0	1	1	0	1	0	0	1	0	0	0	1	0	0	1	0	0	1	0	1	
0	1	0	1	0	1	0	1	1	0	0	1	1	1	0	1	0	0	1	0	0	0	2	1	1	0	0	0	0	0	1	0	1	1	1	0	1	0	1	1	0	0	1	1	0	0	1	0	1	1	0	1	1	0	1	1	1	0	0	0	1	0	1	1	0	0	1	1	1	1	0	0	1	0	1	0	0	1	1	0	1	1	0	0	1	0	1	0	0	0	1	0	0	1	0	1	0	1	0	0	
0	1	0	1	0	0	0	0	0	1	0	0	0	0	1	0	1	1	0	1	1	0	1	0	0	1	1	0	1	1	0	0	0	0	0	0	0	0	0	0	1	0	0	0	0	0	1	0	1	1	1	1	0	0	0	0	0	2	0	0	1	0	1	1	1	1	1	1	0	0	0	1	0	1	2	0	0	1	1	0	1	2	1	1	1	2	1	2	1	0	1	0	1	1	1	0	0	2	1	0	
1	0	0	0	1	0	1	1	0	1	0	1	0	0	0	0	0	1	1	1	1	0	1	1	1	0	0	0	1	0	0	0	0	1	0	1	1	1	1	0	0	0	0	1	1	1	0	0	1	0	0	0	1	0	0	1	0	0	0	1	1	1	1	1	0	0	1	0	0	1	1	2	0	0	1	1	0	1	0	1	0	0	1	1	0	1	1	0	1	1	0	0	1	0	1	0	1	0	1	1	
0	1	1	1	0	1	1	0	0	1	0	1	0	1	1	0	1	1	1	1	1	1	1	0	0	1	1	1	1	2	1	1	1	0	1	2	0	0	1	0	1	0	0	2	1	0	0	1	1	0	1	1	0	0	1	0	1	0	0	0	1	0	0	1	1	1	0	0	2	1	1	1	0	0	0	1	0	0	0	1	0	0	0	0	1	0	0	0	0	1	2	0	0	1	0	1	1	0	1	0	
0	0	1	0	0	1	0	1	1	1	0	1	1	0	0	0	0	1	0	0	1	0	2	0	1	0	1	0	0	0	1	1	1	2	1	1	1	0	0	1	0	0	0	1	1	0	0	0	0	0	0	1	0	0	1	0	1	1	1	1	0	0	1	0	1	0	1	1	0	0	0	1	1	1	1	1	0	1	1	0	1	1	0	0	1	1	0	0	0	0	1	0	1	1	1	0	0	1	0	1	
0	0	1	0	1	0	0	1	0	0	1	1	0	0	1	1	0	1	0	1	1	0	1	0	1	0	0	1	0	0	0	0	1	1	1	0	0	0	1	1	1	1	0	0	0	0	1	1	1	1	1	0	1	1	1	1	1	1	1	1	1	0	1	0	0	1	0	0	0	0	1	0	1	0	0	1	0	0	1	1	0	1	1	0	1	1	0	0	1	0	0	0	1	0	0	1	1	1	0	0	
0	1	0	1	1	0	0	1	0	0	1	2	1	0	2	0	0	0	0	1	1	0	0	2	1	0	1	1	1	1	0	1	0	0	2	0	1	1	0	0	1	0	1	1	1	1	1	1	1	0	2	1	0	0	1	1	1	1	0	1	1	1	1	1	0	1	1	1	1	1	0	1	0	1	1	0	0	2	1	1	1	0	0	0	1	1	0	0	1	1	1	0	0	1	0	0	0	0	0	0	
1	0	1	0	1	1	1	0	0	0	1	1	0	0	0	0	0	1	1	1	1	1	0	1	0	0	1	1	1	1	1	0	0	0	1	1	0	2	0	0	1	1	0	0	0	0	1	1	0	0	1	1	1	1	1	1	0	0	1	1	0	1	1	1	1	0	0	0	1	1	0	1	1	1	0	1	0	1	0	1	0	0	1	1	0	1	1	0	1	1	0	0	0	1	0	1	0	0	1	1	
1	0	0	0	1	1	0	0	0	1	1	1	1	0	1	0	1	0	0	0	0	0	0	0	2	0	0	2	1	0	0	1	0	1	0	0	1	0	0	1	0	0	0	0	0	0	1	0	1	0	1	0	1	0	1	0	1	0	1	0	1	0	0	1	0	0	0	0	0	1	1	0	1	1	1	0	0	0	1	1	1	1	0	0	0	0	1	1	1	0	0	0	1	1	1	1	1	0	1	0	
1	0	0	0	1	1	0	1	1	0	0	1	1	0	1	0	2	1	1	0	1	0	1	1	0	0	0	0	1	1	1	1	0	0	1	1	0	0	1	0	1	0	0	0	0	0	0	0	0	0	1	1	1	0	0	0	1	0	1	0	0	0	0	1	1	0	0	1	0	1	1	1	1	0	0	0	0	1	1	1	0	1	0	0	0	0	1	1	1	0	0	1	1	1	1	0	1	0	0	0	
0	0	1	0	0	0	1	0	0	1	1	1	0	0	0	0	1	1	0	0	0	1	0	0	2	0	2	1	0	0	0	1	0	0	0	0	1	1	2	0	0	0	1	0	1	0	0	0	1	0	0	0	0	1	0	0	0	0	1	1	1	0	1	1	1	1	1	1	0	0	0	1	0	0	0	0	0	1	0	0	0	0	1	1	0	1	1	1	1	0	1	0	1	0	0	1	0	0	0	0	
1	1	0	1	1	1	1	1	1	1	1	1	0	0	0	1	0	1	1	1	0	0	1	0	0	0	1	1	0	1	0	1	0	1	1	1	1	0	1	1	1	1	1	0	0	1	1	1	0	1	1	1	1	1	0	1	1	0	0	0	1	1	1	0	1	0	1	0	1	2	1	0	0	1	2	0	0	1	1	0	0	0	0	1	1	0	0	0	0	1	0	1	0	0	0	1	1	1	0	1	
0	0	0	0	0	1	1	1	0	0	0	1	0	1	0	0	0	1	1	1	0	0	0	1	1	1	0	1	0	1	0	0	1	0	0	0	1	0	1	1	1	0	0	1	0	0	0	0	0	0	1	0	0	1	1	0	1	0	0	0	1	1	1	0	1	0	1	1	1	0	0	0	0	0	1	1	1	0	1	0	0	0	2	0	1	1	1	1	1	1	0	1	0	2	0	0	1	0	1	1	
2	1	1	0	1	0	0	0	0	0	0	0	2	1	0	1	1	0	0	0	0	0	0	0	1	1	1	1	1	0	0	0	1	0	0	0	0	0	1	1	1	1	1	0	1	1	0	0	0	0	1	1	0	0	0	1	1	1	0	0	1	0	1	1	1	1	1	0	1	1	1	1	0	1	0	0	1	0	0	1	1	0	1	1	0	1	0	1	1	0	1	0	0	1	0	1	1	0	1	1	
0	0	1	1	0	0	0	0	0	0	1	0	1	1	1	1	0	0	0	1	0	0	0	0	0	2	0	1	0	1	0	1	0	2	0	1	0	0	1	1	0	0	0	1	0	0	1	0	1	1	1	0	1	0	0	0	0	0	1	0	0	1	1	1	0	0	1	0	0	1	0	0	1	0	1	0	0	1	0	1	0	1	0	1	0	0	0	1	0	1	0	1	0	0	0	0	0	1	1	1	
2	0	0	1	1	1	1	0	0	1	1	1	1	0	1	1	1	0	0	1	0	0	0	1	1	0	1	1	0	1	1	0	1	1	0	1	0	0	2	1	1	1	0	0	0	0	1	0	0	1	0	0	0	0	0	0	1	0	1	0	0	1	1	0	1	1	0	1	0	0	0	0	0	1	1	0	0	1	1	0	0	0	1	0	0	1	0	0	0	1	1	1	0	1	0	0	0	0	0	0	
0	1	1	1	0	1	0	0	0	1	0	1	1	0	1	0	1	1	1	1	1	0	2	0	0	1	1	0	0	0	1	1	0	1	1	1	0	0	1	1	0	1	1	1	1	1	2	1	1	0	1	0	1	0	0	0	0	0	1	1	0	0	1	1	0	1	0	1	0	0	1	0	1	0	1	1	0	1	1	1	1	1	0	0	1	0	0	1	0	1	0	0	1	0	1	1	1	0	0	0	
1	1	0	2	1	0	1	0	1	0	1	0	1	1	1	1	0	0	1	0	1	0	0	1	0	0	0	1	0	0	0	1	0	0	0	0	1	0	0	0	1	1	0	0	1	1	0	0	1	0	1	0	2	0	0	1	0	0	0	1	0	1	1	1	1	0	0	1	0	1	0	0	0	1	1	0	1	1	1	1	1	1	0	0	1	0	0	0	1	0	0	0	1	1	1	1	0	0	0	0	
0	1	0	1	0	0	0	1	0	1	1	0	1	0	0	0	0	1	0	0	1	1	1	1	0	0	0	0	0	0	0	0	0	1	0	0	0	1	1	0	1	0	1	0	0	1	0	0	0	0	1	1	0	0	0	0	1	0	1	1	1	0	1	0	0	1	0	1	1	0	0	0	1	1	0	1	0	0	1	0	0	0	1	0	0	0	1	1	1	0	1	1	1	1	0	1	1	1	0	1	
1	0	0	0	0	1	1	0	0	1	0	0	1	0	1	0	1	1	0	1	0	1	1	0	1	0	1	0	0	0	1	0	1	0	0	1	0	0	1	0	0	1	0	0	1	1	0	2	1	1	1	1	0	0	0	0	1	1	0	0	0	1	1	0	0	1	2	0	1	1	1	1	2	1	0	0	0	0	0	0	1	0	1	1	0	1	0	1	0	0	1	1	0	0	0	1	0	0	0	0	
0	1	1	1	0	0	1	1	0	0	1	1	0	1	1	1	1	1	1	1	0	0	0	1	0	0	0	1	0	0	0	0	1	1	0	1	0	1	1	0	0	0	1	0	0	1	0	1	1	0	0	1	0	1	1	0	1	0	1	1	1	0	1	0	0	1	0	1	1	1	1	0	0	1	1	1	1	1	1	0	0	0	0	0	0	1	0	1	1	0	0	0	1	0	0	0	1	1	1	1	
1	1	1	0	0	1	1	1	0	0	1	1	1	0	0	1	0	1	0	0	0	0	1	0	1	1	2	0	1	0	0	1	2	0	0	0	1	1	0	1	1	0	0	0	1	0	1	0	0	1	1	1	1	0	1	0	0	1	1	0	0	1	0	0	1	0	0	0	1	0	1	1	0	0	1	0	1	0	1	1	0	0	2	1	0	1	0	1	0	1	1	1	0	0	1	1	1	0	0	1	
1	1	0	1	1	0	0	0	0	1	2	0	1	1	1	1	0	0	0	0	1	0	1	0	1	1	0	1	0	0	1	0	1	1	0	0	0	1	1	0	1	1	0	0	0	1	0	0	0	0	1	1	0	1	1	0	1	1	0	1	0	1	0	1	0	0	1	0	0	1	0	1	0	1	1	1	1	0	1	0	0	0	1	1	0	0	0	0	1	1	1	1	0	0	1	1	1	1	1	1	
0	1	1	0	1	0	1	1	1	1	1	1	1	0	1	0	1	1	1	0	1	1	0	0	0	1	1	0	0	2	2	1	1	1	1	1	0	1	0	1	1	1	1	1	0	0	1	0	0	1	1	1	1	2	0	1	1	0	0	1	1	0	1	1	0	0	0	1	0	1	1	1	1	1	0	0	1	1	1	0	0	2	0	0	1	1	0	1	0	0	1	1	1	0	0	0	1	1	1	0	
0	0	0	0	0	0	0	1	0	1	0	1	1	0	0	1	1	0	0	0	0	1	0	1	0	1	1	0	0	0	0	1	0	0	0	0	0	0	1	1	0	1	0	0	1	0	0	1	0	0	1	0	0	0	1	1	1	0	1	1	1	1	1	1	1	0	1	1	1	1	1	1	1	1	1	0	1	0	1	0	1	1	1	0	1	1	1	1	1	1	0	1	0	1	1	0	1	0	1	0	
0	1	1	0	0	0	0	1	1	1	0	0	1	0	1	1	0	1	1	0	1	1	0	0	0	0	1	0	0	1	1	1	1	1	1	1	1	0	1	0	0	0	1	0	1	1	1	0	1	1	0	1	0	1	1	1	1	1	1	0	0	0	1	0	0	0	1	0	0	0	0	1	1	0	1	0	0	0	1	1	0	0	1	1	1	0	1	0	0	2	0	0	0	0	0	2	1	1	0	0	
1	1	0	0	0	0	0	1	1	1	1	1	2	0	1	1	0	0	1	0	0	1	1	0	1	1	0	0	0	0	1	0	0	1	0	1	1	1	1	0	1	0	1	1	0	0	0	0	1	0	0	1	0	1	0	0	1	1	0	0	0	0	0	1	0	0	0	1	1	1	0	0	1	1	1	0	1	0	0	1	0	0	1	0	1	0	0	1	1	1	0	1	0	1	0	1	2	0	0	0	
0	1	0	0	1	1	1	1	0	1	1	1	1	1	0	0	1	2	1	1	0	1	1	0	0	1	0	0	0	0	0	1	1	0	0	1	1	1	0	0	0	1	1	1	1	0	1	1	1	1	1	0	1	1	0	0	1	1	0	1	0	0	0	1	0	0	1	0	1	0	0	0	0	0	1	1	1	0	1	0	0	1	0	1	1	1	0	1	0	0	1	1	1	1	0	1	0	0	1	1	
1	0	1	0	1	1	0	1	1	0	0	0	1	0	1	1	1	1	0	1	0	0	1	1	0	0	1	0	0	0	0	1	1	1	2	0	0	1	2	0	1	1	0	0	1	0	1	0	1	1	1	1	0	0	0	1	1	1	0	1	0	1	1	1	1	0	0	0	1	0	1	0	0	0	1	1	1	0	0	1	1	1	1	0	0	1	0	0	0	0	1	0	0	1	0	1	1	1	0	1	
0	0	1	1	0	1	0	0	1	1	1	1	0	1	1	1	0	1	1	1	1	1	0	0	1	1	1	1	0	1	1	1	0	1	1	0	1	1	0	1	0	1	0	1	0	0	0	1	0	0	0	2	0	1	0	0	1	0	1	1	0	1	0	0	0	1	0	1	1	1	1	0	1	0	0	0	1	1	0	0	0	0	0	0	0	0	0	1	0	1	1	1	0	0	1	1	0	0	0	0	
1	0	1	0	0	1	0	0	0	0	0	1	0	1	0	0	1	0	1	0	0	1	0	0	1	1	0	0	0	1	1	1	1	0	0	0	1	0	0	1	1	1	1	0	1	0	0	0	0	1	0	1	1	1	1	0	0	1	1	0	0	1	1	1	0	1	2	1	1	0	1	1	1	0	0	1	0	1	1	0	0	2	0	1	1	1	1	1	0	1	0	0	1	0	1	0	0	1	1	0	
1	1	1	1	1	0	1	1	1	0	1	1	0	1	1	1	0	0	0	0	0	0	0	0	0	1	0	1	1	1	1	1	0	0	0	1	0	1	1	1	1	0	1	1	1	1	0	1	1	0	0	1	1	0	1	1	1	0	0	0	1	1	0	0	1	1	0	0	0	0	1	1	1	0	1	0	0	1	0	1	0	1	0	1	0	1	0	1	1	1	0	0	2	0	0	0	0	1	1	1	
0	1	0	1	0	0	0	1	1	2	1	1	0	0	0	1	1	1	1	0	1	1	0	0	0	1	0	0	0	0	0	1	0	1	0	0	0	1	0	0	1	1	1	1	0	1	0	1	0	1	1	1	1	1	1	1	0	0	1	0	1	0	0	0	1	0	0	0	1	0	1	1	0	1	1	1	1	1	1	1	0	0	1	0	1	0	1	1	1	1	0	1	0	1	1	0	0	0	0	2	
0	1	1	0	0	1	0	0	1	0	1	1	0	1	0	0	1	1	0	1	1	0	0	0	1	1	2	0	0	1	1	0	0	0	1	1	1	0	0	0	0	0	0	0	1	0	0	0	1	1	1	0	0	0	0	0	0	1	1	0	0	0	0	1	1	0	1	0	1	0	0	0	0	1	1	0	0	1	0	1	1	1	0	0	1	1	0	0	0	0	1	1	0	1	1	1	0	0	0	1	
0	1	1	1	0	0	0	1	0	0	0	0	0	0	1	1	0	0	1	0	1	1	1	0	1	1	1	1	1	1	0	0	1	1	1	0	0	1	0	1	1	1	0	1	1	0	0	1	2	0	1	1	1	1	0	0	0	0	0	1	0	0	1	0	0	1	1	0	1	1	1	0	1	2	0	2	1	0	1	1	1	0	0	0	1	1	1	0	1	0	0	1	0	0	0	1	0	0	0	0	
0	0	0	0	0	0	0	1	1	0	0	1	2	1	0	0	1	1	0	1	0	1	0	0	0	1	1	1	1	1	1	1	1	0	0	0	1	0	1	0	1	0	0	1	0	1	0	1	1	1	1	0	0	0	0	0	1	0	2	0	0	0	0	1	1	0	1	1	1	0	0	0	1	0	1	0	1	0	1	0	0	0	1	0	1	0	0	0	0	0	1	1	0	1	0	0	1	0	1	0	
1	0	0	0	0	0	0	0	1	0	0	0	0	0	1	1	1	1	0	1	0	0	0	1	1	0	1	0	1	1	0	1	0	0	0	1	0	1	1	0	1	1	0	0	0	0	1	1	1	0	0	0	1	0	1	0	0	1	0	1	1	1	1	1	1	0	1	0	0	0	0	0	0	1	0	0	0	0	1	1	0	1	1	1	1	1	0	0	0	1	1	1	0	1	1	1	1	2	1	0	
0	1	1	0	0	0	1	1	0	1	0	1	0	1	0	0	0	0	0	1	2	1	1	0	1	0	0	0	0	1	1	1	0	1	0	0	1	0	1	1	1	0	1	1	1	1	0	0	0	1	0	0	0	2	0	0	0	1	1	0	0	0	0	0	1	0	0	1	1	0	1	0	1	0	0	0	0	2	1	0	0	1	0	1	0	1	1	0	1	0	1	1	1	0	1	0	1	0	0	0	
2	0	1	0	0	0	1	0	0	0	1	0	0	0	1	0	0	1	0	0	1	1	1	0	0	0	1	1	1	0	1	1	0	0	0	1	1	1	0	1	1	0	0	0	0	0	1	0	0	0	0	0	1	0	1	0	0	0	1	0	0	1	0	0	1	1	1	0	1	1	1	0	1	1	1	1	0	1	0	0	1	0	1	0	1	0	1	0	1	0	1	1	1	0	0	0	0	1	1	0	
1	0	0	0	1	0	1	0	0	1	0	0	1	1	0	1	0	0	0	1	0	1	0	1	0	0	0	0	1	0	0	0	0	0	0	1	1	1	0	1	1	0	0	1	0	1	0	0	0	0	1	1	0	1	1	1	1	0	1	0	0	1	0	1	0	1	1	0	0	0	1	0	0	1	1	1	0	0	1	1	1	1	0	1	0	1	0	1	1	1	0	0	1	1	1	0	1	1	1	0	
0	0	1	0	1	0	1	0	1	0	1	1	0	1	1	0	1	1	1	1	1	0	1	0	0	1	1	0	0	1	1	1	0	0	0	0	2	0	1	1	1	0	0	1	1	1	0	1	0	1	1	0	1	0	1	1	1	1	1	1	0	0	0	0	1	0	0	0	1	0	0	1	0	0	0	0	0	0	0	1	0	0	0	1	1	0	1	1	1	1	1	0	0	0	2	2	0	1	1	0	
1	1	1	2	1	1	0	0	1	0	1	1	1	2	0	1	1	0	0	0	0	1	1	1	1	1	1	0	0	1	1	0	1	0	1	0	1	0	1	1	0	0	2	1	1	1	1	0	0	1	0	0	0	0	0	1	0	0	0	0	1	1	1	1	0	1	1	0	1	1	1	0	1	1	1	0	0	1	1	1	1	1	1	0	1	0	1	0	0	0	1	0	1	0	1	0	0	0	0	0	
1	1	0	1	1	1	0	1	0	0	0	0	0	0	0	1	2	1	0	0	1	1	0	0	0	1	1	1	1	0	0	1	0	1	0	0	1	0	1	0	0	1	1	1	1	1	0	1	0	1	1	0	0	0	0	0	0	0	0	0	0	1	1	0	1	0	1	1	1	1	0	0	0	0	1	0	0	0	0	0	1	0	1	0	0	1	1	1	0	1	1	1	0	1	1	0	1	1	0	0	
0	1	1	1	1	1	1	1	1	1	0	0	0	1	1	1	0	0	1	0	1	0	0	1	1	1	0	0	1	0	0	1	1	1	1	0	2	1	1	0	0	1	1	1	0	0	0	0	0	0	0	1	0	0	2	1	1	0	0	1	0	1	0	0	1	1	0	1	1	0	0	1	0	1	1	1	1	0	1	1	1	1	0	1	1	1	0	1	1	1	0	1	0	0	1	1	0	1	0	1	
1	0	0	1	1	0	2	1	1	1	0	0	0	1	0	0	1	0	1	1	0	0	1	0	0	1	0	1	1	1	0	0	1	0	2	1	0	0	1	0	0	0	1	0	1	0	1	0	0	1	0	1	0	1	1	1	1	1	1	0	1	1	0	0	0	0	0	1	1	0	1	1	1	0	1	0	1	0	0	0	1	1	1	1	0	0	0	0	2	1	0	0	1	1	1	1	0	2	1	1	
1	1	1	1	0	1	0	0	0	0	0	1	0	1	1	0	1	0	0	1	1	2	1	0	0	0	0	0	0	0	0	0	2	0	0	0	1	0	1	1	0	1	1	0	1	0	2	0	0	0	0	1	0	1	1	0	1	0	1	1	0	1	0	0	1	1	1	1	1	1	1	1	0	0	1	1	1	0	0	1	2	0	0	1	0	1	0	0	0	0	0	1	1	0	0	0	0	0	0	0	
0	1	1	1	1	1	0	1	0	1	1	1	0	1	1	1	2	0	0	1	0	1	1	0	1	1	0	0	0	1	0	1	0	1	1	0	1	1	1	0	1	1	0	1	1	1	0	1	1	1	1	2	1	1	0	1	1	1	1	1	0	0	0	0	1	2	0	0	0	2	0	1	0	0	0	1	1	1	0	0	0	1	0	1	1	0	1	1	1	1	0	1	0	0	2	1	1	1	1	0	
0	1	1	1	0	1	0	1	0	1	1	1	0	0	0	1	0	2	1	1	0	1	0	1	0	0	1	1	1	0	1	1	1	1	1	0	0	1	1	0	0	1	1	1	0	0	1	0	1	0	1	0	0	0	0	1	0	0	1	1	0	1	1	0	0	0	0	0	0	0	0	1	0	0	0	1	0	1	1	0	1	1	0	1	1	1	1	0	0	1	1	0	1	0	1	0	1	0	1	1	
1	0	0	0	0	1	1	1	0	1	1	1	1	0	1	1	2	0	1	0	0	0	0	0	0	0	1	0	0	1	1	0	0	0	1	1	0	0	0	1	1	0	0	0	1	0	0	1	1	0	0	1	0	0	1	0	1	1	0	0	0	1	1	1	1	1	2	0	0	1	0	0	1	1	0	0	1	1	0	1	1	1	0	0	1	1	0	0	1	2	1	1	1	0	1	0	2	1	1	0	
1	1	0	1	0	1	0	0	0	0	1	0	1	1	1	2	2	0	0	0	0	0	1	1	1	0	1	0	0	0	0	0	1	1	1	0	0	0	0	0	0	1	0	0	0	0	0	1	1	1	1	1	1	0	1	0	2	0	0	0	1	0	0	0	0	0	0	0	0	0	1	0	0	1	1	0	0	1	0	1	0	0	0	1	1	0	0	0	1	0	0	0	1	0	0	0	1	0	0	0	
1	0	0	1	0	1	0	1	1	1	2	1	1	1	1	0	1	1	0	1	0	1	1	0	1	0	1	0	1	0	0	0	1	0	0	0	1	0	0	2	0	0	2	0	0	0	0	1	0	1	0	1	0	0	0	1	1	1	1	0	1	0	1	1	0	0	0	1	0	0	1	0	0	1	1	1	0	1	0	1	0	1	1	0	1	0	1	1	0	1	1	1	1	1	0	0	1	1	0	1	
1	0	1	1	1	0	0	1	1	2	1	0	1	1	1	0	0	0	0	1	1	0	0	0	1	0	1	1	0	0	1	0	0	0	1	1	1	0	1	1	1	0	1	1	1	0	1	0	1	1	0	1	1	0	0	0	1	0	1	0	1	0	1	0	1	1	0	0	0	1	0	0	0	1	1	1	0	0	0	1	0	1	0	1	0	0	0	0	1	1	1	0	0	0	1	0	1	0	1	0	
0	0	0	0	0	1	0	1	0	1	1	0	1	0	1	0	1	1	0	0	0	0	0	1	0	0	0	1	0	2	0	1	1	1	0	0	0	0	0	1	0	2	0	1	1	1	1	0	1	0	1	1	1	0	0	0	0	0	1	0	0	1	1	1	1	1	1	1	0	1	0	1	0	0	1	1	1	0	1	0	0	1	0	0	0	0	0	0	0	0	1	1	1	0	0	0	1	0	0	0	
0	0	0	0	0	0	0	0	0	1	1	1	0	0	1	0	1	1	1	1	0	1	0	0	2	0	0	0	0	1	0	0	1	0	0	0	0	1	0	1	1	1	0	0	1	0	1	1	0	1	0	0	0	0	0	1	1	2	0	0	1	1	0	0	1	1	0	0	0	0	0	1	0	1	0	0	0	1	0	1	1	1	1	0	1	0	0	1	0	0	0	1	0	0	0	0	0	0	1	0	
1	0	0	0	1	0	0	1	0	1	0	0	0	2	1	1	0	0	0	0	0	1	1	0	2	1	0	1	0	0	1	0	1	0	0	1	0	0	1	1	0	1	1	0	0	0	0	0	0	0	1	1	1	0	1	1	0	0	1	1	0	0	0	0	0	1	0	1	0	1	1	1	0	0	1	1	1	0	1	0	1	0	1	0	2	1	1	1	0	0	1	0	1	0	1	1	1	1	0	1	
0	0	0	1	1	0	1	1	0	0	0	0	0	0	1	0	0	1	0	0	0	1	0	0	1	0	0	0	0	1	0	0	1	0	0	1	1	0	1	1	1	1	0	1	0	0	1	1	0	1	1	0	0	1	1	1	1	1	0	1	0	0	0	1	1	1	1	0	0	1	1	1	1	0	1	1	0	0	0	0	0	1	0	0	1	1	1	1	0	1	0	0	1	1	0	1	0	0	1	1	
1	0	1	1	0	0	1	1	0	1	1	0	1	0	1	0	0	0	1	1	1	1	0	0	2	2	0	1	0	0	1	0	1	0	0	0	0	0	0	1	1	1	0	0	0	1	0	1	0	0	1	0	1	1	0	0	0	0	1	0	1	0	0	1	1	1	0	0	0	1	1	0	1	1	1	0	0	1	1	1	0	0	1	1	1	1	1	0	1	1	1	0	0	1	0	0	1	1	0	1	
0	0	0	1	1	0	0	0	0	1	1	0	0	1	1	0	1	1	1	1	1	1	0	1	1	0	0	1	0	0	0	0	0	1	1	0	0	0	0	1	0	0	0	1	0	0	0	1	0	1	1	1	0	0	1	0	1	0	0	0	0	1	1	1	0	0	0	1	0	1	1	1	1	0	1	1	0	1	0	1	1	0	1	0	1	1	1	1	1	0	1	1	0	1	1	1	1	0	0	0	
0	1	1	0	1	0	1	1	0	1	0	1	1	1	1	0	0	1	1	1	0	0	1	0	1	1	1	1	0	0	0	0	1	0	1	1	0	0	0	1	1	0	0	1	1	1	1	1	0	0	0	0	0	0	1	0	1	1	1	0	0	1	0	0	0	0	2	0	0	1	1	0	0	1	0	1	1	1	0	0	1	1	0	0	1	0	1	1	1	1	1	0	0	2	1	0	1	1	0	1	
1	1	1	0	1	0	0	0	0	1	1	1	2	1	0	1	1	1	0	1	0	0	1	1	0	0	0	1	0	1	1	1	1	2	1	1	0	1	0	0	1	1	0	0	1	0	1	0	1	0	0	1	1	0	1	1	0	0	0	1	1	1	1	0	0	1	1	1	0	1	0	0	1	1	1	1	0	0	1	1	0	1	1	1	1	0	0	1	0	1	0	0	0	2	0	1	0	1	1	0	
0	1	0	2	2	1	1	1	1	0	0	0	1	0	0	1	0	1	0	1	1	0	0	0	1	1	1	0	0	2	1	0	1	1	1	0	0	0	0	1	0	0	0	0	0	0	1	1	0	1	0	2	1	1	0	1	1	1	0	0	1	0	1	1	0	1	0	0	1	1	1	0	1	0	1	0	0	1	0	1	1	0	0	1	0	0	0	0	0	0	1	1	0	1	1	2	1	0	1	0	
0	1	1	1	0	0	0	0	1	1	0	0	1	0	1	0	1	0	1	1	1	1	1	0	1	1	1	0	1	0	0	1	1	1	0	2	0	1	0	1	1	1	1	0	0	1	1	1	1	0	1	1	1	0	0	2	0	0	1	1	1	0	1	1	1	0	1	0	0	1	0	0	1	0	0	1	0	0	1	0	1	0	0	1	1	2	0	1	0	0	1	1	0	0	1	1	1	1	1	1	
0	1	1	0	0	1	1	0	1	0	0	1	0	0	1	1	2	1	1	0	1	1	0	1	0	0	1	0	0	0	1	1	1	0	0	0	1	0	1	1	0	1	0	1	0	1	1	1	2	1	0	1	0	1	1	0	1	1	0	1	0	0	1	1	0	1	0	1	0	1	1	0	1	0	1	0	1	1	1	0	0	1	1	1	0	1	1	1	1	0	1	0	1	1	1	0	0	0	0	0	
0	1	1	1	1	0	1	1	1	0	0	1	0	0	0	1	1	1	1	0	0	1	1	0	0	0	1	1	1	0	1	1	1	1	1	0	2	0	0	0	0	1	0	1	1	0	0	1	2	1	1	1	1	0	1	0	1	1	0	0	1	1	0	0	0	0	0	1	1	1	1	1	1	0	1	1	1	1	1	2	0	1	0	0	1	0	0	1	1	1	0	1	0	1	1	1	0	1	1	1	
0	1	1	0	1	0	0	2	1	1	0	0	0	0	0	1	1	0	1	0	1	2	1	0	0	0	1	1	1	0	0	1	0	1	0	1	0	0	0	0	1	1	0	1	0	1	0	0	0	0	1	0	0	0	1	0	0	1	0	1	1	0	1	2	1	1	1	1	0	1	1	1	0	2	0	0	0	0	0	0	1	1	1	0	1	0	0	1	1	1	0	0	1	0	1	0	1	0	1	0	
1	1	1	1	0	1	1	1	1	0	1	0	1	1	0	0	0	0	0	1	0	1	1	1	0	1	1	1	0	0	0	0	0	0	1	1	1	0	1	2	0	2	0	1	0	0	1	0	0	0	0	1	1	0	1	1	0	1	0	0	1	0	1	0	0	1	0	0	0	0	1	1	1	1	1	0	1	1	0	1	0	1	1	0	1	0	0	0	0	1	1	0	1	1	1	0	0	1	0	0	
0	0	1	1	0	1	1	1	0	0	0	0	1	0	1	1	0	0	1	0	0	0	0	0	1	2	0	0	1	1	0	0	0	1	0	0	0	1	0	0	0	1	0	1	1	1	0	0	0	1	0	0	1	0	1	0	1	0	0	1	1	0	0	1	1	0	1	1	1	0	1	0	1	0	0	0	1	0	1	1	1	1	0	1	0	1	1	0	1	0	1	0	0	1	0	1	0	1	1	0	
1	1	0	1	1	1	0	0	1	0	1	0	0	0	0	0	1	1	1	1	1	0	0	0	1	0	1	1	0	0	1	1	0	0	1	0	1	0	1	0	1	1	1	1	0	0	0	1	2	1	1	1	1	1	1	0	0	0	1	0	0	0	0	0	0	1	1	1	1	1	1	1	0	1	1	0	0	1	0	1	0	0	0	0	1	0	1	1	1	0	1	1	1	1	0	0	0	0	0	0	
0	1	1	1	1	0	1	0	1	0	1	0	1	1	1	1	0	1	0	1	1	0	0	0	0	1	1	0	0	1	1	0	0	1	1	1	1	0	1	0	0	1	0	0	0	1	1	1	1	1	0	1	2	1	1	1	1	0	1	0	0	0	1	0	1	0	1	1	1	1	0	0	1	1	1	0	0	0	0	0	0	0	0	1	0	1	0	0	0	2	0	1	0	1	1	0	0	1	0	2	
0	1	1	0	0	0	0	1	0	0	0	0	0	1	0	1	0	0	1	1	0	1	1	1	1	1	1	0	0	1	0	0	0	0	1	1	1	0	1	0	1	1	0	0	0	1	0	0	1	1	0	1	0	0	0	0	0	0	1	0	1	0	1	0	1	1	1	1	0	1	0	0	1	1	0	0	1	1	0	1	0	1	0	1	0	0	0	0	1	1	0	1	1	0	1	0	0	0	1	0	
0	1	1	0	1	0	0	0	0	1	1	0	1	0	1	0	1	0	0	1	0	1	1	0	0	0	0	0	1	1	1	1	1	1	0	1	1	0	0	0	1	1	1	0	0	0	1	0	0	1	0	0	2	0	1	1	1	0	1	1	1	1	0	1	1	0	1	0	0	1	0	0	0	1	1	0	1	1	1	0	0	0	0	1	1	0	0	0	1	1	1	0	1	0	1	0	0	1	1	2	
0	1	1	1	0	0	1	0	0	0	1	1	1	1	1	0	1	0	1	0	1	0	1	1	1	2	1	0	2	1	0	1	1	1	1	1	1	0	0	0	0	0	1	0	0	0	1	0	1	1	0	0	0	1	0	0	1	1	0	0	1	0	0	1	0	0	0	1	1	2	0	1	1	1	1	1	0	1	0	0	2	1	1	1	0	1	1	1	0	1	0	1	1	1	0	1	0	0	1	0	
1	0	1	0	1	1	0	0	0	0	1	2	1	1	0	0	1	1	0	0	1	1	1	0	1	0	0	1	1	1	0	0	0	1	0	0	1	0	1	0	0	0	1	1	0	0	1	0	1	0	0	0	1	0	0	1	2	0	1	0	0	0	0	1	2	1	1	0	0	1	0	0	0	0	0	1	2	0	1	0	0	0	0	1	0	1	0	1	1	0	0	1	1	1	0	0	0	1	1	0	
1	0	0	0	0	1	0	0	0	0	1	0	0	1	0	1	1	1	1	0	0	1	0	1	1	0	1	1	1	1	0	0	0	0	1	1	1	0	1	0	1	1	1	1	0	1	0	0	1	1	0	0	1	0	0	1	0	0	1	0	1	1	1	0	1	1	1	1	0	0	1	0	1	1	1	2	0	1	1	1	1	1	0	1	0	2	1	0	0	0	0	1	1	1	1	0	1	0	0	1	
1	0	0	1	1	0	0	1	1	1	0	0	0	1	0	0	0	1	1	1	0	0	1	0	0	1	1	1	0	1	1	0	0	0	1	0	0	0	0	1	0	2	1	1	1	1	0	0	1	1	1	0	1	1	0	0	0	0	1	1	1	0	0	0	0	1	0	0	1	1	1	1	1	0	0	1	0	0	1	1	0	1	1	0	1	1	1	1	0	0	0	1	0	1	0	1	0	0	0	1	
1	1	0	0	1	0	1	1	1	0	0	0	0	0	0	1	0	1	0	0	0	0	1	1	1	0	0	0	0	1	1	0	2	0	1	0	0	0	0	0	2	0	1	0	1	1	0	1	1	1	0	0	0	0	0	0	0	0	1	1	0	1	1	1	0	0	0	1	0	1	1	1	1	1	0	1	1	0	0	1	1	1	0	0	1	2	1	0	1	1	0	0	0	1	1	0	1	1	2	1	
0	1	0	1	1	0	0	1	1	1	0	0	1	0	0	0	0	1	1	2	1	0	0	0	1	1	0	1	0	1	0	1	0	0	0	1	0	0	0	1	0	0	0	1	1	1	0	0	0	0	0	1	0	0	1	1	1	0	1	0	0	1	2	1	0	0	1	0	1	0	0	0	0	0	1	1	1	1	1	1	0	0	0	1	0	0	1	0	1	2	1	0	1	0	0	0	1	0	1	1	
1	1	0	1	1	0	1	1	1	1	0	1	0	1	1	0	0	2	0	0	1	0	1	1	1	2	0	0	1	1	1	1	1	0	0	1	0	0	0	1	0	0	0	0	0	0	0	1	0	1	0	0	1	1	1	0	0	1	0	1	0	0	0	1	1	0	1	0	0	1	0	1	0	1	0	0	0	1	0	1	0	1	0	0	1	1	1	1	0	2	1	0	0	1	1	1	0	0	1	0	
1	1	1	1	1	1	0	0	1	1	1	1	1	1	0	1	0	0	1	0	1	1	1	0	0	0	1	1	2	1	0	1	0	1	1	0	0	0	0	0	1	0	0	1	1	1	0	1	1	0	0	1	1	0	0	0	1	1	0	0	1	1	1	1	1	0	1	0	1	1	1	1	1	1	1	1	0	0	1	0	1	1	1	2	1	0	0	0	0	0	1	1	0	0	0	1	1	2	1	0	
1	2	0	1	0	0	0	0	1	0	1	1	0	1	0	1	0	0	0	0	0	0	1	0	1	1	0	0	0	1	0	0	1	1	1	0	2	0	0	1	0	0	1	1	0	0	1	1	0	1	0	1	1	0	1	0	0	1	1	1	1	0	1	1	0	0	0	0	0	0	0	0	1	1	0	0	0	1	0	0	0	0	1	0	0	0	0	0	1	0	0	0	1	1	0	1	0	0	0	1	
1	0	1	0	1	1	0	0	1	0	1	1	1	0	1	0	0	1	0	0	0	1	1	1	1	1	0	0	0	0	0	1	1	1	0	0	1	0	1	1	1	0	1	1	1	1	1	1	0	0	0	0	0	2	1	1	0	1	0	1	1	1	0	1	1	0	0	0	1	0	1	1	0	2	1	1	0	0	0	0	1	0	0	1	0	1	0	0	0	1	0	0	1	0	1	1	0	1	1	0	
1	1	0	0	0	1	0	1	1	1	1	1	0	0	0	0	1	0	1	0	0	0	0	2	1	1	1	0	0	1	0	1	0	1	1	1	0	0	1	0	1	0	0	1	1	1	1	1	1	0	1	0	1	1	1	0	0	0	0	0	0	0	1	0	1	0	0	1	1	0	0	0	1	0	1	1	1	0	0	0	0	0	1	0	1	1	1	0	0	1	1	1	1	1	1	0	1	0	1	1	
1	1	1	1	0	0	0	0	2	1	0	1	1	0	1	1	1	1	1	0	0	1	1	1	0	1	0	0	0	0	0	0	1	0	1	1	1	1	0	0	1	1	0	1	1	0	0	0	0	0	0	1	0	0	1	0	0	1	0	0	1	0	1	0	1	1	1	0	0	1	0	1	0	1	1	0	1	0	1	0	1	0	1	0	1	0	0	0	0	0	0	0	1	1	1	1	1	0	0	0	
1	0	0	0	1	1	1	0	1	1	0	1	0	1	1	1	1	1	1	1	1	1	0	0	1	0	0	0	0	1	0	1	0	0	0	0	2	0	0	1	0	0	1	0	0	0	1	0	1	1	0	1	0	0	0	0	0	1	1	2	0	1	0	1	0	0	1	0	1	1	0	0	1	0	1	0	0	1	1	1	1	0	0	1	0	1	0	0	0	1	0	0	1	1	0	0	1	1	0	0	
0	1	1	0	1	1	1	1	1	0	0	0	1	0	0	0	0	0	1	0	0	0	0	1	1	1	0	0	1	1	1	1	1	1	0	2	1	0	0	1	1	0	0	0	1	0	0	1	0	1	0	2	1	0	0	0	0	0	1	0	1	1	0	1	0	1	0	1	1	0	0	0	1	1	0	0	0	0	0	1	1	0	1	0	1	1	0	1	0	1	1	1	1	0	1	1	0	0	1	0	
1	1	1	1	0	1	1	1	0	1	1	0	1	0	0	1	0	0	1	1	1	0	1	1	0	1	1	1	1	2	1	1	0	1	1	0	1	1	0	0	0	0	1	0	0	0	0	1	1	0	0	1	1	0	0	1	1	0	1	1	0	0	0	1	0	0	0	0	0	1	1	1	1	0	1	1	1	2	0	1	0	0	0	1	0	0	0	0	1	1	0	1	1	0	1	0	0	0	0	0	
0	1	0	0	1	0	1	1	0	1	1	1	1	1	0	1	1	1	0	1	0	0	0	1	1	1	1	0	0	1	0	0	1	0	0	1	1	0	1	1	0	1	1	1	0	0	1	1	1	1	1	0	0	1	0	0	0	0	0	1	0	0	0	1	0	0	1	0	1	1	0	1	1	1	1	1	0	1	1	0	1	0	0	0	1	0	1	0	1	0	2	1	0	0	1	0	0	2	1	0	
0	1	0	0	1	2	1	1	0	1	1	0	0	1	2	1	1	0	0	0	1	0	0	1	1	0	1	0	0	0	1	0	0	1	1	1	2	0	0	1	1	0	0	0	1	1	0	0	1	1	0	1	2	0	0	1	1	1	0	0	1	0	1	1	0	1	0	1	0	0	1	1	1	0	2	0	0	1	0	1	1	1	0	1	1	0	2	1	0	1	0	0	1	1	0	1	0	0	0	0	
1	0	0	0	1	0	1	0	1	0	0	1	0	1	1	1	0	1	1	0	1	1	0	0	0	0	0	1	0	0	0	0	1	1	0	0	1	0	1	1	1	0	0	1	1	1	0	0	1	0	1	0	0	1	2	2	0	0	1	1	0	0	0	0	0	0	1	0	0	1	0	0	0	1	1	0	0	0	0	0	0	1	1	1	1	0	0	0	0	0	1	0	0	1	1	1	1	1	1	0	
1	0	0	1	0	1	0	1	0	1	1	0	1	1	1	0	0	1	1	1	1	1	1	0	0	0	1	0	1	1	1	0	0	1	0	0	1	1	0	0	1	0	0	2	1	1	0	1	1	1	0	0	0	1	1	0	0	0	0	0	1	1	1	1	1	0	1	1	0	0	0	2	0	2	1	0	0	0	0	1	0	0	0	1	1	1	1	1	1	0	1	0	0	1	0	0	0	1	1	0	
1	0	1	0	0	1	1	1	1	1	0	0	1	0	0	0	1	0	0	1	0	1	0	0	2	0	1	1	1	1	0	0	0	0	0	0	1	0	0	0	1	0	0	0	0	0	1	1	1	0	0	1	0	0	1	1	0	1	0	1	0	1	1	2	1	1	0	0	1	1	1	0	1	0	1	0	1	1	0	1	1	0	0	1	0	0	0	1	1	0	0	1	1	0	1	1	0	0	1	0	
1	1	1	1	0	0	0	0	0	1	1	1	0	1	1	1	1	1	0	1	1	1	1	0	0	1	1	1	0	1	1	1	0	1	1	0	1	1	0	1	1	1	0	0	0	1	0	0	1	0	1	1	0	0	1	0	1	0	0	1	0	1	0	0	0	0	1	1	0	1	1	0	0	1	0	1	1	0	0	0	0	2	1	0	0	0	0	0	0	1	1	0	0	0	0	0	1	1	1	1	
1	1	0	1	0	0	1	0	1	1	1	0	0	0	1	1	1	0	1	0	0	0	0	2	1	1	0	1	0	1	1	1	0	0	1	0	0	1	0	1	1	1	0	1	0	1	1	1	0	1	1	1	0	0	1	0	2	0	1	1	1	1	1	0	1	0	0	0	1	1	0	1	1	0	0	0	0	1	1	1	0	0	0	0	0	0	1	0	1	0	0	0	1	1	1	1	1	0	0	0	
1	0	0	0	0	1	1	0	0	0	0	0	0	0	1	0	0	1	0	0	0	1	0	0	0	0	1	0	0	0	1	1	0	0	1	0	0	1	0	0	1	0	1	0	0	0	0	0	1	1	0	1	0	0	1	0	0	0	0	2	1	0	1	0	1	1	1	0	0	1	1	1	1	0	0	0	0	1	0	1	1	1	0	1	0	0	1	2	0	1	0	1	1	0	1	1	0	0	0	1	
1	0	0	0	0	0	1	1	1	0	0	1	1	1	0	1	0	0	1	0	0	1	1	0	0	1	1	1	0	1	1	1	0	0	1	2	0	0	1	1	1	0	1	1	1	1	0	1	0	0	0	0	0	1	1	1	0	1	1	0	1	0	1	0	0	0	1	0	1	0	0	1	0	1	0	1	1	1	0	1	0	1	0	0	1	1	1	0	1	1	1	1	0	1	1	1	1	0	0	0	
1	1	0	1	1	1	1	1	0	1	0	1	0	0	1	1	0	1	1	0	1	1	0	0	0	1	0	0	1	0	1	0	1	0	1	1	1	1	1	0	0	0	1	0	0	0	0	1	0	1	1	0	1	0	1	1	1	1	0	2	1	0	1	1	1	0	0	0	0	1	1	0	1	0	0	0	1	1	1	1	0	1	1	0	1	0	0	1	0	1	0	1	0	0	1	0	1	0	1	1	
1	0	1	1	1	0	0	1	0	0	0	1	1	1	0	0	0	1	0	0	1	1	1	1	0	0	0	0	1	1	1	0	0	1	1	0	0	0	0	1	0	0	0	0	1	0	0	1	0	0	1	0	0	0	0	0	0	0	0	1	0	0	1	1	1	0	1	0	1	1	0	1	1	0	1	1	0	1	0	1	0	1	0	1	1	0	1	0	0	0	0	0	0	1	0	0	0	1	0	1	
0	1	0	0	1	0	0	1	1	0	1	0	1	1	1	1	1	0	0	0	0	0	1	0	1	1	1	0	1	0	0	0	0	0	0	1	0	1	0	1	0	1	0	2	0	0	1	0	1	0	0	2	0	0	0	0	0	0	1	1	0	1	0	0	1	1	0	0	0	1	0	1	0	0	1	0	0	0	1	1	0	0	0	0	0	0	1	1	1	1	1	0	1	1	1	1	1	0	1	1	
0	0	1	2	1	1	0	0	0	0	1	1	0	1	1	0	0	1	0	1	1	1	1	0	0	0	2	0	0	0	1	1	0	0	1	1	1	1	0	0	0	1	1	1	0	1	1	1	0	1	1	1	0	0	1	1	0	0	0	1	1	0	1	0	0	1	0	0	1	1	1	0	1	1	0	1	1	0	0	1	0	1	1	1	1	1	1	0	0	1	1	1	0	0	0	0	0	1	1	1	
0	0	1	0	0	0	0	1	0	0	1	1	1	0	2	1	1	0	1	0	0	0	0	0	0	0	2	0	1	0	0	0	1	1	1	1	0	0	1	0	0	0	0	1	0	1	0	1	0	1	2	1	1	0	0	1	0	0	0	1	0	0	1	0	1	0	1	2	0	0	1	1	1	1	1	0	0	0	0	0	1	1	1	1	1	1	0	1	1	1	1	1	0	1	0	0	1	1	1	1	
0	1	1	0	1	1	0	1	0	1	1	1	1	1	1	0	0	1	1	1	0	0	0	1	1	0	1	1	1	1	0	0	0	0	0	1	1	1	0	1	0	2	0	0	0	1	1	0	0	0	0	0	1	1	0	0	0	2	0	1	1	1	0	0	0	1	0	0	0	1	0	1	0	1	0	1	0	1	1	0	0	1	1	0	0	1	1	1	1	0	0	0	0	0	1	1	0	1	0	1	
1	1	0	0	1	1	0	1	1	0	0	1	0	1	1	1	1	0	0	1	0	0	0	0	2	1	0	0	1	1	1	1	1	1	0	0	1	0	0	0	0	0	1	0	0	1	0	0	0	1	1	1	0	0	1	0	0	0	0	0	1	1	0	0	1	1	1	0	1	0	1	0	1	1	0	1	1	1	0	0	0	1	0	1	0	1	0	1	1	0	1	0	1	1	1	1	1	1	1	0	
0	0	0	0	0	1	1	1	0	0	0	0	1	2	0	1	1	0	0	0	1	0	0	1	0	1	0	1	0	1	0	1	0	1	0	0	0	0	1	1	1	1	0	0	0	1	0	1	0	1	0	1	1	1	0	1	1	0	0	0	1	0	0	1	0	0	1	0	0	1	0	0	1	1	1	0	1	1	1	1	0	0	1	1	1	0	1	0	0	0	1	1	0	1	2	0	0	0	0	1	
0	0	0	0	0	1	0	0	0	1	1	1	0	1	1	1	1	0	1	0	0	0	1	0	0	1	0	0	0	1	0	0	1	1	1	0	1	1	0	0	1	1	0	1	1	1	0	0	0	1	0	1	1	0	1	1	1	0	1	1	0	1	1	0	1	0	0	0	1	0	0	1	1	1	1	1	1	1	0	0	0	1	1	2	1	0	0	0	0	0	0	0	1	1	0	0	1	1	0	0	
0	0	1	1	0	0	1	0	0	0	1	1	2	0	1	0	0	0	1	1	1	1	1	1	1	1	0	1	0	0	0	0	0	1	0	1	0	1	2	1	0	0	1	1	1	1	0	1	1	0	0	0	0	0	1	1	0	0	0	1	2	1	0	0	1	0	0	1	1	0	0	1	1	0	0	1	0	1	0	0	0	0	1	1	0	1	1	1	0	0	1	0	0	1	2	0	0	0	1	0	
1	0	1	1	0	0	0	0	0	1	1	1	1	0	1	1	1	0	0	0	0	0	1	1	0	1	0	1	2	1	0	0	1	1	0	0	1	1	0	0	0	0	0	1	0	1	2	0	2	0	1	0	1	1	0	0	0	1	2	0	0	0	0	1	1	1	0	1	0	0	1	1	0	0	1	0	1	1	0	0	0	1	0	0	0	1	1	0	1	1	0	1	1	1	1	1	0	1	1	0	
0	0	1	1	1	1	0	1	1	1	1	0	1	0	0	2	0	1	1	0	1	1	0	1	1	1	0	1	0	1	1	0	0	1	0	0	1	1	1	1	1	0	0	0	1	0	1	0	1	0	0	0	0	0	1	0	1	0	1	0	1	1	1	1	1	0	1	2	0	1	1	0	0	0	0	0	1	0	1	0	1	1	1	0	1	0	1	0	1	1	1	1	0	0	0	0	0	1	1	0	
0	0	0	0	1	1	0	0	0	1	0	2	1	0	0	0	1	1	0	1	1	1	0	1	1	1	1	0	1	0	1	0	1	0	1	1	2	0	1	0	2	0	1	1	1	1	0	0	0	1	1	1	0	0	1	1	1	0	1	0	0	0	0	0	0	0	1	0	0	1	1	1	0	1	0	1	0	0	1	0	1	1	0	1	0	1	1	0	2	0	0	1	0	0	0	1	1	1	1	1	
1	1	0	1	1	1	1	1	0	0	1	1	0	0	1	1	1	1	1	1	1	0	1	1	0	0	0	0	0	1	1	0	0	1	1	1	1	0	1	1	1	0	0	1	0	0	0	1	0	0	0	0	0	1	1	1	0	0	0	0	1	1	2	0	0	1	1	1	0	1	1	0	0	1	1	1	1	0	1	0	1	0	1	0	0	0	0	0	0	1	0	0	1	0	1	1	0	1	0	1	
0	1	1	1	0	0	1	0	0	1	0	1	1	1	1	1	0	1	0	1	1	0	0	0	0	0	1	0	0	0	1	1	0	2	0	1	0	1	0	0	1	0	1	0	1	0	1	1	0	0	0	0	1	1	1	0	1	1	0	1	0	1	1	0	0	0	1	0	1	0	0	1	1	1	0	1	0	1	0	1	1	1	1	0	1	1	1	0	0	0	1	0	0	1	0	0	0	0	1	0	
0	1	0	0	1	2	1	0	0	2	1	0	0	0	1	2	1	0	1	1	0	1	1	0	1	0	0	1	1	1	1	1	1	1	1	1	0	1	1	0	0	0	1	1	0	0	1	1	0	0	2	0	0	0	1	0	0	0	0	0	1	0	1	1	1	2	1	1	0	1	1	1	0	0	1	0	0	1	1	0	1	0	0	1	1	0	1	0	1	0	1	0	0	0	1	1	1	1	0	0	
1	1	0	0	0	1	0	0	0	0	1	0	1	2	1	2	0	1	1	0	0	0	0	0	0	1	0	1	2	0	1	1	1	1	0	0	0	0	1	0	0	1	0	1	1	1	0	1	0	1	0	0	0	1	1	0	1	1	0	2	1	1	0	0	1	1	1	1	1	0	1	1	0	1	1	0	0	0	0	1	0	1	0	0	0	0	1	0	0	0	0	1	1	0	1	1	0	0	1	0	
1	1	0	0	0	1	0	0	0	1	1	1	0	0	0	0	1	0	0	1	0	0	1	0	1	0	1	1	0	0	0	1	1	0	1	0	0	1	1	0	0	1	1	1	0	1	0	0	0	1	0	0	1	0	0	1	1	0	0	1	0	2	0	1	1	1	0	0	1	0	1	0	0	0	1	1	0	0	0	0	0	0	0	0	0	1	1	1	0	1	1	1	1	0	1	1	1	1	0	1	
0	1	0	1	1	0	0	1	1	0	0	0	1	0	1	0	1	1	1	0	1	1	1	1	0	1	1	1	1	1	0	1	0	1	1	1	0	1	0	0	0	1	0	0	1	0	0	0	0	1	1	0	1	1	0	0	1	1	1	0	1	1	1	1	0	0	1	0	1	0	0	1	0	1	1	1	0	1	0	0	0	0	0	0	0	0	1	0	1	0	1	1	0	0	1	0	2	1	0	0	
0	1	1	0	1	0	1	1	1	1	0	1	0	1	0	1	1	0	0	0	0	1	0	1	1	1	1	1	1	0	0	1	1	1	0	1	1	2	0	1	0	0	1	0	0	0	0	1	0	0	1	0	0	0	2	1	0	1	1	0	2	0	1	1	1	0	1	0	0	1	1	1	1	0	1	0	1	0	1	0	1	0	0	0	1	0	0	0	1	0	0	1	2	0	1	0	0	0	1	2	
1	0	1	0	0	0	0	1	1	1	0	0	1	1	1	0	1	0	0	0	1	1	1	1	0	0	1	1	1	0	0	0	0	0	0	0	0	1	1	1	0	1	0	0	1	2	0	1	0	1	1	1	1	1	1	1	2	1	0	1	1	0	1	0	0	1	0	0	0	1	0	0	0	1	1	1	1	0	0	1	1	0	1	1	0	1	1	0	0	1	0	0	1	0	0	1	1	1	1	0	
0	1	0	0	0	1	1	1	0	0	0	0	1	0	1	0	0	1	1	0	0	1	1	0	1	1	0	1	0	1	1	0	1	0	0	0	1	0	0	0	1	0	0	0	0	0	0	1	0	1	0	1	0	2	1	1	1	0	0	1	1	0	1	0	1	0	1	1	0	1	1	0	2	0	0	1	0	1	0	1	0	1	0	0	0	1	0	1	1	1	1	0	0	0	1	0	1	1	1	0	
1	1	0	0	0	0	0	2	1	1	0	1	0	0	0	2	0	1	1	1	0	0	0	1	0	1	0	0	1	1	0	1	0	0	2	0	1	0	0	1	1	0	0	0	0	0	1	0	1	1	1	1	1	0	0	0	0	1	1	0	0	0	1	2	0	1	0	1	1	0	0	1	0	1	1	0	1	0	1	1	0	0	1	0	1	1	0	0	0	0	1	0	0	0	1	1	0	0	1	0	
1	0	0	0	0	1	1	0	0	0	1	1	1	1	0	0	1	2	1	0	1	1	1	0	0	0	1	0	0	0	1	1	0	0	0	1	0	1	0	0	1	0	0	1	1	1	1	1	1	1	0	0	0	2	1	1	2	1	0	1	0	0	1	0	1	0	0	1	0	1	0	0	1	0	0	1	0	1	1	0	1	1	0	0	0	0	0	0	1	0	1	0	1	0	1	1	0	1	0	1	
0	0	0	1	1	0	0	0	0	1	1	1	0	1	0	0	1	2	0	0	0	0	0	0	0	0	1	1	0	1	1	0	0	1	1	1	1	1	1	1	0	1	0	0	0	1	0	0	0	0	1	0	1	1	0	2	0	1	0	1	0	1	0	0	0	1	2	0	1	0	1	0	0	1	0	1	1	0	0	0	1	0	1	0	1	0	0	0	1	0	0	0	0	0	0	1	1	0	0	0	
1	0	0	1	0	1	0	1	0	0	0	0	1	1	0	1	2	1	0	1	1	1	0	0	1	1	1	0	0	1	0	1	0	1	1	0	1	1	0	1	1	0	1	0	0	1	0	0	1	0	1	1	0	1	0	1	2	1	0	1	0	0	0	1	0	0	0	1	1	1	1	0	1	1	1	0	1	1	1	0	0	1	1	0	0	0	0	0	0	0	1	0	0	1	1	1	2	1	1	1	
0	0	0	0	0	0	1	0	1	0	0	0	1	2	1	1	1	1	0	1	0	0	1	0	0	1	1	1	1	1	1	0	1	0	0	1	1	0	1	1	0	1	1	1	0	0	0	1	0	1	0	1	1	0	1	1	1	2	1	1	2	0	0	0	0	0	1	0	0	1	0	1	0	0	1	1	0	0	1	1	0	1	1	1	1	1	0	0	0	1	0	1	1	1	0	0	1	1	1	0	
0	0	0	0	1	0	0	1	1	0	0	0	1	0	0	0	1	0	1	1	1	0	0	0	0	0	1	1	1	1	1	0	0	1	0	1	0	1	1	1	1	1	0	1	0	2	0	1	1	0	0	2	1	1	1	0	1	1	1	0	1	0	0	1	1	1	1	0	1	0	0	0	1	2	1	1	0	0	0	0	0	0	0	1	0	1	1	1	0	1	1	1	1	1	1	1	0	1	1	1	
1	1	0	1	0	0	0	0	0	1	2	1	0	1	1	0	0	0	1	0	0	1	1	1	0	1	0	0	0	0	0	0	1	1	0	1	1	1	1	1	0	1	1	1	0	0	0	0	1	0	1	1	0	0	0	1	0	0	1	1	0	1	0	1	0	1	0	1	0	0	1	1	1	1	1	1	0	0	1	0	1	1	0	0	1	0	1	0	2	1	0	0	0	1	1	0	0	1	0	1	
0	0	0	1	1	1	1	1	1	0	1	0	0	1	0	1	1	0	1	0	1	1	0	1	0	1	0	0	1	1	1	0	0	1	1	1	0	0	0	0	0	0	0	1	1	0	2	0	0	0	1	1	1	1	1	0	1	0	0	1	1	0	1	0	0	1	1	1	0	1	1	0	0	0	1	0	1	0	1	1	1	0	1	1	1	0	1	1	0	0	1	1	0	2	1	1	1	0	1	1	
1	1	0	0	1	1	1	0	0	1	0	1	0	1	0	1	0	0	0	0	0	0	0	1	0	0	1	1	0	0	0	0	1	0	0	0	0	0	0	1	0	1	0	0	0	0	1	1	1	1	0	0	0	1	0	1	1	0	1	0	1	0	1	0	1	1	1	0	1	0	1	1	0	0	0	0	2	0	0	1	0	0	0	2	0	1	1	0	0	1	1	1	0	1	1	0	0	1	1	1	
1	0	1	1	1	1	1	1	1	1	1	0	1	1	0	0	0	0	0	0	0	1	0	1	1	0	0	0	0	0	1	1	0	0	0	1	1	1	1	1	0	0	0	1	0	1	2	0	1	1	0	0	0	1	0	0	1	1	0	0	1	0	0	1	1	0	2	0	1	0	1	0	1	1	0	0	0	1	1	0	1	1	0	1	0	0	1	1	0	0	0	0	0	1	1	0	1	1	2	0	
1	0	1	0	0	1	0	1	1	0	0	1	0	0	1	0	1	0	1	1	1	2	1	1	0	0	1	1	1	0	0	1	1	0	1	0	1	1	0	1	1	1	0	0	1	1	1	0	0	0	0	2	1	1	0	1	0	1	0	0	1	1	1	0	1	1	0	1	1	0	1	0	1	0	0	1	1	0	1	1	0	0	0	0	1	1	0	0	1	1	1	0	1	1	0	1	1	1	1	0	
1	1	1	0	1	1	1	1	1	1	1	1	1	1	0	0	1	1	0	1	0	0	0	0	1	0	0	2	0	0	1	1	1	0	1	0	0	1	0	1	0	1	1	1	1	0	0	0	0	0	0	0	0	1	1	0	1	2	2	0	0	1	1	1	1	0	1	0	0	0	0	1	1	1	0	1	0	0	1	0	1	1	0	1	1	1	1	1	1	0	0	0	1	1	0	1	0	1	0	0	
0	1	0	0	1	0	1	1	1	1	0	1	0	1	0	0	1	0	1	1	0	2	0	1	0	1	0	1	1	0	1	1	0	1	1	0	1	1	0	1	1	0	0	0	1	1	0	0	0	1	0	1	0	0	1	0	1	1	0	0	0	0	1	0	1	0	0	0	0	1	1	1	0	1	0	0	0	0	1	1	1	0	2	1	1	0	0	1	1	1	1	0	0	1	1	1	1	1	1	1	
1	0	1	0	1	1	1	0	1	1	0	1	0	1	0	0	0	0	1	1	0	0	0	1	0	1	1	0	0	0	0	1	1	2	2	1	1	1	2	0	0	0	1	0	1	0	0	0	0	1	1	1	0	0	0	1	1	1	1	0	0	0	1	0	1	0	1	1	1	0	1	0	1	1	0	0	0	0	1	0	0	0	1	1	0	1	0	0	1	0	1	1	1	0	0	0	0	0	0	0	
0	0	1	1	1	1	1	0	0	1	0	1	0	1	1	0	0	1	0	0	0	1	1	1	1	1	0	0	1	0	1	0	0	1	1	1	0	1	1	1	0	1	0	1	1	1	0	1	0	2	0	0	0	0	0	1	0	1	0	1	0	0	0	0	0	0	1	0	0	1	0	0	0	0	0	1	0	0	1	0	0	1	0	0	1	0	0	1	1	0	0	1	0	0	2	0	1	0	1	0	
0	0	0	1	1	0	1	0	0	0	1	1	0	0	1	1	1	0	0	1	1	1	0	0	0	1	1	0	1	1	1	0	0	1	0	2	1	0	1	0	1	0	0	0	0	1	1	0	0	1	0	1	0	1	1	0	0	1	1	0	1	0	0	1	0	1	1	1	0	1	1	0	0	1	0	1	0	1	0	0	0	1	1	0	1	0	0	0	0	0	1	1	0	0	0	0	1	0	2	1	
1	1	0	2	0	0	0	1	0	0	1	0	0	1	1	0	0	1	1	0	1	0	1	1	1	0	1	1	1	0	1	0	1	1	1	0	1	1	1	0	1	0	0	1	1	1	1	1	0	1	0	0	0	0	1	1	0	0	1	1	1	1	1	0	1	0	0	0	1	0	0	0	1	1	1	1	0	0	0	1	1	1	0	0	0	1	1	1	1	1	0	1	0	0	1	1	1	0	1	1	
0	1	0	0	1	1	1	0	0	2	0	1	1	0	2	1	0	0	0	0	1	1	1	1	0	0	0	0	0	0	0	0	1	1	1	0	1	1	1	0	1	0	0	1	0	1	1	1	0	1	0	1	0	1	0	1	0	0	2	0	0	1	0	0	0	1	0	0	0	0	2	0	0	0	0	1	0	1	1	1	1	0	1	1	1	1	1	0	1	0	0	0	0	0	1	1	0	0	0	1	
1	1	0	0	0	0	1	0	1	1	0	1	1	1	1	1	0	1	0	0	1	1	1	0	0	0	1	0	0	1	1	0	0	0	1	0	0	0	0	1	0	0	1	1	1	1	2	1	0	1	1	0	1	0	0	1	0	1	0	0	0	0	0	1	0	1	1	1	0	0	1	1	1	1	1	2	1	0	1	0	1	1	0	1	1	1	1	2	0	1	0	1	0	0	0	0	1	1	2	0	
1	0	1	0	1	1	0	0	1	1	1	0	0	1	0	0	0	1	1	0	0	0	0	0	1	1	1	0	0	0	1	0	1	1	1	0	2	1	0	1	1	1	1	0	0	1	0	1	0	1	1	0	0	0	1	2	0	0	0	0	0	0	1	1	0	1	1	0	0	1	0	1	1	0	1	1	0	1	0	1	1	0	2	1	1	1	1	1	0	0	0	0	0	0	1	1	1	1	1	1	
0	1	0	0	1	1	0	1	1	0	0	0	1	0	1	1	0	0	0	0	1	0	1	0	1	1	0	0	1	0	0	0	1	1	1	1	1	0	1	1	1	1	1	1	1	0	0	1	0	1	0	0	0	1	0	0	0	0	0	1	0	0	1	1	0	0	1	1	0	0	1	0	1	1	0	0	0	1	1	1	0	0	0	1	1	1	2	1	0	1	1	0	0	1	0	0	1	1	1	1	
0	0	1	0	0	1	1	1	0	1	0	0	0	0	1	1	0	0	0	1	0	1	1	1	0	1	1	1	0	0	1	1	1	1	0	1	0	0	0	0	0	0	0	1	1	0	1	1	0	0	0	0	0	1	0	0	0	0	0	1	0	1	0	1	1	1	0	1	0	1	0	1	1	1	0	1	0	1	1	0	1	2	2	1	0	0	1	0	1	0	0	0	0	2	0	1	0	0	0	0	
1	1	1	0	0	1	0	0	0	0	1	1	1	1	0	0	1	1	0	1	0	0	0	1	0	1	1	0	0	1	1	1	0	1	1	1	0	0	0	0	1	0	1	1	1	1	0	0	0	1	1	1	1	1	1	1	0	2	1	1	0	1	1	0	1	0	0	1	0	1	1	1	0	0	0	0	0	0	1	0	1	1	1	0	1	0	2	1	1	0	0	0	0	1	0	1	1	0	1	1	
0	1	1	2	0	0	1	0	1	0	1	1	0	0	0	0	0	0	0	2	2	1	0	1	1	1	0	1	0	1	0	0	0	2	1	0	0	0	1	0	1	0	1	0	1	1	0	1	1	1	0	0	1	0	0	1	1	0	1	1	0	0	1	1	0	1	0	0	0	1	1	0	0	1	1	1	0	0	1	1	0	0	1	0	0	1	0	0	0	0	0	0	0	0	0	1	0	1	1	0	
2	1	0	1	1	0	1	0	0	0	0	0	1	1	0	0	0	0	0	1	1	1	0	0	1	2	0	1	0	0	0	0	1	1	0	1	0	0	0	0	0	0	1	1	0	1	0	0	1	0	1	1	1	1	1	0	0	1	1	1	1	2	1	0	1	0	0	1	0	1	0	1	0	1	0	0	0	1	1	0	1	2	0	1	1	0	1	0	0	0	0	1	0	1	0	0	1	0	1	0	
0	0	0	1	1	0	0	0	1	0	0	1	0	1	1	1	0	1	1	0	0	1	0	0	0	1	0	1	0	1	1	0	0	0	0	0	1	2	1	1	0	0	1	0	0	0	1	1	0	0	1	1	0	1	0	0	0	0	0	1	2	0	1	1	1	2	1	0	1	1	1	1	0	1	1	1	0	1	0	1	1	2	0	2	1	0	0	1	0	1	0	2	1	0	1	0	1	1	0	0	
0	1	1	1	1	0	0	1	1	0	0	1	0	0	0	1	1	1	0	1	1	0	1	1	1	0	1	0	0	0	0	1	0	1	1	0	2	0	0	0	0	0	1	0	1	0	1	1	1	1	0	0	1	0	1	1	1	0	0	1	1	1	0	2	0	1	1	0	0	1	1	0	0	1	1	1	0	1	1	0	0	0	1	0	1	1	0	0	1	1	1	0	0	0	0	2	1	1	0	1	
1	0	0	1	0	0	0	1	1	1	1	0	0	1	0	1	0	0	0	0	1	1	1	1	0	1	0	1	1	1	1	0	0	0	0	0	1	0	0	0	0	1	0	1	0	1	0	0	1	1	0	0	1	0	0	0	2	0	0	1	1	0	0	0	0	1	1	0	1	1	1	1	0	1	0	1	0	0	1	1	0	1	0	0	1	0	0	1	1	0	0	0	0	0	1	0	1	1	1	0	
1	0	0	1	1	1	1	1	1	0	0	0	0	0	1	0	1	1	0	0	1	1	0	1	1	1	0	1	0	0	1	1	1	1	1	0	1	1	1	1	1	1	1	0	1	0	1	1	0	0	0	0	0	0	0	0	0	0	0	1	0	1	0	1	0	0	0	0	1	1	1	1	1	0	0	1	0	1	0	0	1	1	1	1	0	2	0	1	0	0	0	1	0	0	0	0	1	1	0	1	
0	1	1	0	0	1	1	2	0	1	1	0	1	1	1	1	1	0	1	2	0	1	0	0	0	1	1	1	1	0	1	0	0	1	0	1	0	0	0	0	0	0	0	0	0	0	1	1	1	1	0	0	1	0	0	1	0	1	0	1	0	1	2	0	1	0	0	0	0	0	1	0	0	0	1	0	0	0	0	1	1	1	0	1	1	0	0	1	1	0	0	0	1	1	1	0	1	0	0	1	
0	0	0	0	1	1	1	1	1	0	0	1	0	0	1	0	1	0	1	1	0	1	0	1	1	1	0	1	1	1	2	1	0	1	0	1	1	0	1	1	1	1	1	0	0	1	1	0	1	0	0	1	2	1	0	0	1	1	0	1	1	0	0	1	0	0	0	1	1	1	1	0	1	0	1	1	0	1	0	0	1	0	0	1	0	1	0	0	1	1	1	0	0	0	1	0	0	1	1	0	
0	0	1	1	1	1	1	1	0	1	0	1	1	0	1	0	0	0	1	1	1	0	0	1	1	1	2	0	1	0	0	0	1	0	1	0	0	1	1	1	1	0	0	0	0	0	0	1	0	1	1	1	1	0	1	1	0	0	0	1	1	0	0	0	1	0	0	0	1	0	0	1	0	1	1	2	1	0	1	1	0	0	1	1	1	1	0	0	1	0	1	0	0	1	1	0	1	1	0	2	
1	1	1	1	1	0	0	0	1	1	1	0	0	0	1	1	0	1	0	0	1	0	1	1	1	1	2	1	0	1	1	0	0	0	1	1	1	1	0	1	1	1	0	0	1	0	1	0	1	1	1	1	0	1	1	1	1	0	0	1	0	0	0	1	0	1	1	0	0	0	1	1	1	2	1	0	0	0	0	1	0	0	0	1	1	1	1	1	0	0	0	1	1	0	1	0	1	1	0	0	
0	0	0	0	0	1	0	0	1	0	0	2	1	1	1	0	0	0	1	1	1	0	1	1	1	1	1	1	1	0	1	0	0	1	1	0	1	0	0	1	0	0	0	1	1	0	1	0	1	0	0	1	0	1	0	1	0	1	2	1	0	1	0	0	1	0	0	0	0	1	1	0	1	0	0	1	0	1	0	1	0	1	1	1	0	0	1	1	2	1	1	0	0	0	0	0	1	1	0	0	
0	0	0	1	0	0	0	0	0	0	0	1	0	1	1	0	1	1	1	1	0	1	1	0	0	1	0	1	0	0	0	0	1	0	0	0	1	1	1	1	0	0	0	1	0	0	1	1	1	1	0	0	0	0	1	0	1	0	0	0	1	2	1	0	1	0	1	0	1	1	1	0	1	0	1	0	1	0	1	0	1	0	1	0	0	1	0	1	0	0	1	0	1	0	1	1	1	1	0	0	
1	1	0	0	1	0	0	0	0	1	1	0	0	1	0	0	1	1	0	1	1	1	0	0	0	1	1	0	0	1	1	1	1	0	1	0	0	1	0	0	1	0	0	0	1	0	1	0	0	1	1	0	1	0	0	1	0	0	0	1	0	0	0	1	0	0	1	0	0	1	1	1	1	1	1	1	0	1	1	1	0	0	1	0	0	1	0	0	0	1	1	1	1	1	0	0	1	0	0	0	
1	1	0	0	1	0	0	1	1	2	0	1	1	1	1	0	1	1	0	0	0	1	0	0	1	0	1	1	0	0	0	0	0	1	1	0	0	0	0	1	1	1	0	0	1	1	0	1	0	1	1	0	1	1	0	1	1	1	1	0	1	0	1	1	1	0	0	1	0	0	0	1	1	1	0	0	2	1	1	0	1	0	0	0	1	0	1	0	1	1	0	0	1	1	0	1	1	0	1	1	
1	1	0	0	2	1	0	0	1	0	1	0	1	0	0	1	1	0	1	0	1	0	1	0	0	0	1	1	1	1	0	1	1	1	0	1	1	0	1	0	1	1	1	0	0	0	0	1	0	0	1	0	0	0	1	0	1	0	1	1	1	1	0	1	0	0	0	1	0	0	0	2	1	0	0	0	0	0	0	1	1	0	0	0	0	0	0	0	1	1	1	1	0	1	1	0	0	0	1	1	
0	0	1	0	1	1	1	1	0	0	0	1	1	1	0	0	1	0	0	1	0	1	1	1	1	0	0	1	0	1	1	0	0	0	1	0	1	0	0	0	0	0	0	0	0	1	1	1	0	0	1	1	0	0	1	0	0	0	0	0	1	0	2	1	1	0	1	0	1	0	1	0	0	0	0	1	1	0	1	1	1	0	0	1	1	0	1	0	0	1	0	1	0	1	1	0	0	1	0	1	
0	0	1	1	0	0	0	1	0	1	0	1	0	1	0	1	1	1	0	0	0	0	1	0	0	0	0	2	0	1	2	1	0	0	1	2	0	0	0	1	1	0	1	0	1	0	1	0	1	1	1	1	1	1	1	1	0	1	0	1	0	1	0	1	0	1	1	0	0	1	0	0	0	0	0	1	1	1	0	1	1	0	0	1	0	1	0	0	0	1	0	1	0	0	0	1	0	0	0	0	
1	1	1	0	1	1	1	1	1	0	1	0	0	2	1	1	0	0	0	0	1	0	0	0	1	1	0	0	0	0	0	1	0	1	1	1	0	0	0	0	1	1	1	1	2	1	1	1	0	0	1	1	1	1	0	1	1	0	0	1	0	1	1	1	2	1	1	1	0	0	1	1	1	1	1	1	1	1	0	0	0	1	1	1	0	0	1	0	1	1	1	1	1	0	1	1	1	0	1	1	
0	1	0	0	0	1	1	1	0	0	0	0	1	0	1	1	1	1	1	0	1	0	0	0	1	0	0	1	1	0	0	0	1	1	0	0	1	0	0	0	1	1	0	0	1	1	1	0	0	1	1	1	1	1	0	1	0	2	0	0	0	1	1	1	1	1	1	1	1	0	1	0	0	0	0	1	1	0	1	0	1	1	0	1	1	1	0	0	0	0	0	0	1	0	0	1	1	0	0	0	
0	0	0	1	1	1	1	1	1	1	1	1	0	0	0	1	0	1	1	1	0	1	0	0	0	0	0	1	0	0	0	0	0	0	0	1	1	1	0	1	1	0	0	1	0	1	0	0	1	1	1	1	0	1	1	1	1	1	1	1	0	0	1	0	0	0	1	0	0	0	1	1	1	1	0	1	1	1	0	1	2	0	0	1	1	1	1	1	0	0	1	0	1	1	0	0	0	0	1	1	
0	1	0	0	0	1	0	0	1	1	0	1	0	0	0	0	1	1	1	0	1	1	0	0	0	1	0	0	1	0	1	0	1	0	1	0	0	1	0	1	1	0	1	0	1	0	1	0	0	1	1	0	1	1	1	0	0	0	0	1	1	1	1	1	1	0	1	1	0	1	1	0	1	0	0	1	1	0	1	0	1	0	1	1	1	0	1	0	1	1	1	1	0	1	1	1	0	0	0	1	
1	2	1	0	0	0	1	0	1	0	1	0	0	0	0	1	1	0	1	1	1	0	0	0	2	0	0	1	1	1	0	1	1	0	1	1	1	1	0	1	0	0	1	1	1	1	1	1	0	0	1	0	1	0	0	1	0	0	0	1	0	1	0	0	1	1	1	0	1	0	1	0	0	1	0	0	0	1	1	1	1	0	1	0	2	1	1	1	0	1	0	0	1	0	0	0	0	1	0	1	
0	1	1	0	0	1	0	0	0	1	0	0	1	0	0	0	1	1	0	0	0	1	1	1	1	1	0	1	0	0	0	1	1	1	1	1	1	1	1	1	1	1	0	0	0	1	0	1	0	0	1	1	1	0	0	0	0	1	1	1	1	1	1	1	1	1	0	0	1	2	0	1	0	0	0	1	1	0	0	1	0	0	1	0	0	0	0	1	0	0	0	2	0	0	1	0	1	0	0	1	
0	0	1	0	1	1	1	1	1	0	0	0	0	0	1	0	0	1	0	0	0	0	1	0	0	2	0	1	0	1	0	0	0	0	1	0	1	0	0	0	1	1	0	0	0	1	0	0	0	1	0	1	0	0	0	1	1	0	0	0	0	1	0	0	0	0	0	0	0	0	0	1	0	1	0	0	0	0	0	1	1	0	1	1	0	0	1	0	0	1	0	1	0	1	0	0	0	1	0	0	
0	0	0	0	1	1	0	1	1	0	0	1	1	0	1	0	1	1	0	1	1	0	1	0	1	0	1	1	0	0	0	0	1	1	1	1	2	0	1	1	0	1	0	1	1	1	0	0	1	1	0	1	1	0	1	1	0	2	1	1	0	1	1	1	1	1	1	2	1	1	0	1	0	1	1	1	1	0	0	1	1	0	0	0	0	0	0	1	1	1	1	1	1	1	0	0	1	0	0	0	
1	1	0	1	0	0	1	1	1	1	1	0	1	0	1	1	0	0	1	1	1	1	0	0	0	0	1	1	0	0	0	1	0	0	0	0	1	1	1	0	1	1	0	1	1	0	0	0	1	0	0	1	1	0	0	1	1	1	0	1	1	0	0	0	1	1	1	1	1	0	2	0	1	1	0	0	0	1	0	1	1	0	0	1	1	0	0	1	0	0	0	0	1	1	0	1	1	0	1	0	
0	0	1	1	0	1	1	1	0	1	1	0	0	1	1	0	0	0	2	0	1	0	0	1	0	0	1	0	0	0	0	0	1	1	1	0	1	1	1	0	1	0	0	0	1	0	1	1	1	0	1	0	0	1	0	1	0	0	0	1	1	1	1	0	0	0	0	2	1	0	1	1	1	0	1	1	1	0	0	1	0	1	0	0	1	1	1	1	1	0	0	1	1	1	0	1	0	1	1	1	
0	1	1	0	1	1	0	1	0	0	1	1	1	0	1	1	0	1	1	0	0	1	1	0	1	0	0	1	1	0	1	0	1	2	0	1	1	0	1	0	0	0	1	0	1	0	1	0	0	1	0	1	0	0	0	0	0	0	1	0	2	0	1	1	0	0	1	0	0	1	1	1	0	1	0	1	1	0	0	1	1	1	0	0	1	0	0	1	2	1	1	1	0	0	1	0	1	0	0	0	
0	1	0	0	2	1	0	0	0	0	1	1	1	1	0	1	0	1	1	0	1	0	1	0	1	0	1	1	0	0	0	1	0	1	0	0	1	0	1	0	0	0	1	1	0	2	0	1	1	1	0	1	0	0	0	0	1	0	2	1	0	1	0	0	1	0	0	1	0	1	1	0	0	0	1	1	1	0	1	1	1	1	0	1	0	1	1	1	1	0	0	0	0	0	0	2	1	1	0	0	
0	1	0	0	1	0	1	0	1	1	2	0	0	0	1	0	1	0	1	1	1	1	0	0	1	0	0	0	0	0	1	0	0	0	2	0	1	0	0	1	0	0	0	0	1	0	0	0	1	1	1	1	0	1	0	0	0	1	1	0	1	0	0	0	1	0	0	1	1	0	0	0	0	1	1	0	1	0	0	0	1	1	1	0	1	0	1	1	1	1	0	1	1	0	0	0	0	1	2	0	
0	1	1	1	0	1	0	1	1	2	0	1	0	1	0	2	0	1	1	1	0	1	0	0	1	1	1	1	0	0	2	0	0	0	1	0	0	1	0	2	1	0	0	0	0	0	0	1	0	0	0	0	1	0	0	1	0	2	1	0	1	0	0	0	0	1	1	1	0	1	0	0	1	1	0	0	0	1	1	2	1	0	1	1	0	1	0	0	2	0	0	1	1	0	0	0	0	0	1	0	
0	1	1	0	1	1	0	0	0	0	0	1	0	0	0	0	1	1	0	0	0	1	1	1	2	1	1	0	0	1	1	0	1	1	1	1	0	0	1	0	0	0	0	1	1	0	1	0	1	2	0	0	0	0	1	0	2	0	0	0	0	1	1	1	1	1	0	0	1	1	0	1	0	1	0	0	0	0	1	0	0	1	1	1	1	0	0	1	1	0	1	1	0	1	0	0	1	0	0	1	
1	2	2	0	0	0	1	0	1	0	1	1	0	1	1	1	0	1	0	1	0	1	2	0	0	1	1	0	0	1	0	0	1	1	1	0	0	1	0	1	0	0	0	1	0	2	1	0	0	1	1	0	1	1	0	1	1	1	1	2	0	1	0	0	1	1	1	0	0	1	1	1	0	0	1	0	0	0	1	0	1	0	1	1	0	1	0	0	0	0	0	0	1	1	1	0	0	1	0	1	
0	0	0	0	0	0	1	0	0	0	0	0	1	0	0	0	1	1	1	0	1	1	0	1	1	1	0	0	0	1	1	0	0	0	1	1	1	1	1	0	1	1	0	0	0	2	0	0	0	1	1	1	0	1	1	1	0	0	0	0	0	0	0	1	1	0	0	1	0	0	0	0	1	1	1	0	1	0	1	0	1	0	0	0	1	0	1	0	0	0	0	0	1	0	0	0	0	1	0	0	
0	0	0	0	1	1	0	0	0	1	1	0	0	1	0	1	0	0	1	1	1	0	1	1	0	0	0	1	0	1	1	0	0	1	0	1	0	1	1	0	0	0	0	0	1	0	0	2	1	1	0	0	1	0	0	0	0	1	1	0	1	1	1	1	1	0	0	0	1	1	1	1	1	0	1	2	1	1	1	0	1	1	0	0	1	1	1	0	1	1	0	1	0	0	1	0	0	0	0	1	
1	1	0	2	1	1	1	1	0	0	1	0	1	0	1	0	0	0	1	0	0	0	0	1	0	1	0	0	0	1	1	1	0	1	0	1	0	1	1	1	1	0	1	1	0	0	0	1	1	0	1	0	0	1	0	1	1	1	0	1	1	1	0	0	1	1	0	0	0	1	1	0	0	1	1	1	0	0	0	1	1	0	1	1	0	1	1	1	1	1	1	0	1	0	2	0	1	0	0	1	
0	1	0	1	0	0	0	1	1	1	0	1	1	0	0	1	1	0	1	0	0	0	1	1	1	0	1	1	0	1	1	0	0	1	0	0	1	0	0	1	0	1	1	0	1	1	1	1	1	0	0	0	1	0	0	0	0	0	0	0	0	1	1	1	2	0	0	0	1	0	1	1	0	1	1	0	0	1	0	2	0	1	0	1	0	1	1	1	0	0	1	1	0	0	1	1	0	1	1	1	
0	1	1	0	1	0	1	0	0	0	0	1	1	1	1	1	0	1	0	1	0	0	1	0	1	0	1	1	1	1	0	0	0	0	0	1	1	0	0	0	1	1	1	1	0	1	0	1	0	0	0	1	1	1	1	1	0	1	1	1	0	0	0	1	0	1	1	1	1	1	1	0	1	1	0	0	1	1	1	0	0	1	1	1	1	0	0	1	1	1	1	0	1	0	0	1	0	0	0	0	
0	1	0	0	1	1	0	1	0	0	0	1	0	0	1	0	0	0	0	1	0	0	1	0	0	0	1	0	1	0	0	1	0	0	1	1	0	0	1	0	1	0	0	0	1	0	1	1	0	1	1	0	1	1	1	0	0	0	1	1	0	2	0	0	1	0	0	0	1	0	0	0	1	1	1	1	0	1	1	0	1	0	0	1	0	0	0	0	2	0	0	0	1	1	1	0	1	1	1	0	
0	1	0	0	0	1	1	0	1	1	0	1	1	1	1	1	1	1	0	0	0	0	1	1	0	0	1	1	0	2	0	0	0	1	1	0	0	1	0	0	1	0	0	1	1	0	1	2	1	0	1	0	1	0	1	0	1	0	0	1	0	1	1	2	0	1	1	0	0	0	0	0	0	1	1	0	1	1	1	1	1	0	0	0	0	1	0	0	1	1	1	0	0	1	0	0	1	0	1	1	
1	1	1	0	0	1	1	0	0	1	1	0	0	0	1	0	1	1	1	1	0	0	1	0	0	1	0	1	1	1	1	0	0	1	0	1	0	1	0	0	0	0	1	0	0	0	0	0	0	0	0	1	1	0	1	1	0	0	0	0	0	0	0	1	1	1	0	1	1	0	0	1	1	1	0	0	1	0	1	0	0	0	0	0	1	1	1	0	0	0	1	1	1	0	1	0	0	1	1	0	
0	0	0	0	0	0	1	1	1	1	0	2	1	1	1	1	1	1	0	1	1	0	1	0	0	0	0	0	0	1	2	1	0	1	0	0	1	1	0	0	0	1	0	0	0	1	0	1	0	0	0	0	1	1	1	0	0	1	0	0	0	0	1	1	0	1	0	2	2	1	0	0	0	0	0	0	1	0	0	0	1	0	1	1	0	0	1	1	1	1	0	0	0	1	0	0	1	0	1	1	
1	0	1	2	0	1	1	1	0	0	1	1	1	1	1	0	1	0	0	0	1	0	0	1	1	1	1	0	1	0	1	0	1	0	1	1	0	0	1	0	0	1	0	1	0	1	1	0	1	0	0	1	1	1	0	0	1	0	0	0	1	0	1	0	1	0	1	1	1	1	0	1	0	1	1	1	0	1	0	1	1	0	1	0	1	1	1	0	0	0	0	0	1	0	0	0	0	0	0	1	
1	1	0	1	0	1	0	1	1	0	0	1	1	1	0	0	0	0	0	1	0	1	1	0	1	1	1	1	0	1	1	0	0	0	1	0	1	1	1	1	0	1	1	1	1	1	2	0	0	1	1	1	1	0	0	1	1	1	0	1	0	0	0	1	1	0	0	1	1	0	1	0	1	0	0	0	0	0	1	0	0	1	0	1	0	0	1	0	1	0	0	1	0	0	0	0	0	0	1	0	
1	0	1	0	0	0	0	1	0	0	0	0	1	1	1	0	0	1	1	1	0	1	0	1	0	0	0	1	0	1	1	1	0	1	0	0	0	1	1	1	1	0	0	0	0	0	0	1	0	1	0	0	1	1	0	1	0	1	0	0	1	0	1	1	0	0	1	1	0	1	0	0	0	1	1	0	1	0	1	0	0	1	0	1	1	1	1	1	1	0	0	1	0	0	0	1	1	0	1	0	
0	0	1	1	0	0	1	1	0	1	0	1	1	0	1	0	1	0	0	0	1	1	1	0	1	1	0	1	1	1	0	1	0	1	0	1	0	0	1	0	1	1	0	1	1	0	1	1	1	0	1	1	1	1	1	0	0	1	1	0	1	1	0	0	1	2	0	1	0	0	1	0	1	0	0	1	0	1	0	1	0	1	0	0	1	0	2	1	1	1	0	1	0	0	0	0	1	0	0	1	
0	1	1	0	0	0	0	1	0	0	0	1	0	0	1	0	0	1	1	1	1	0	0	1	1	0	0	1	0	0	0	0	1	0	1	0	1	1	0	1	0	0	0	0	0	0	0	0	1	0	1	1	0	0	0	1	1	1	1	1	0	1	0	0	1	1	1	0	1	0	0	1	1	1	1	0	0	1	1	1	0	0	1	0	1	0	0	0	0	0	1	0	1	0	1	1	1	0	0	0	
1	1	0	1	0	1	1	1	0	1	0	0	0	0	1	1	1	1	0	1	1	0	1	1	0	0	0	1	1	1	1	1	1	1	0	0	0	1	1	0	1	1	0	1	1	0	1	0	1	1	2	1	1	0	1	0	0	1	0	0	0	0	1	1	1	0	1	1	1	0	0	0	0	1	1	0	1	0	1	2	1	0	0	1	1	2	1	0	0	0	1	1	1	0	2	1	1	1	0	0	
0	0	0	1	1	1	0	2	1	1	1	1	1	1	0	0	1	0	1	0	1	0	0	1	1	1	0	1	0	1	1	1	2	1	0	1	0	0	1	0	1	0	0	1	1	0	0	1	0	0	1	1	1	1	0	1	1	1	1	1	0	0	1	1	0	0	0	1	0	1	0	1	0	0	1	0	0	0	0	1	1	1	1	0	1	1	1	0	0	0	0	0	1	1	0	1	0	0	0	1	
1	1	1	0	0	0	0	0	1	0	1	0	0	0	0	1	0	1	1	1	1	0	0	1	1	1	0	1	0	1	0	1	1	0	0	0	0	1	0	0	0	0	1	0	0	0	0	0	0	0	0	1	1	1	0	0	0	1	0	0	0	0	0	1	1	0	1	1	0	1	0	0	0	0	1	0	1	0	1	1	0	1	0	1	0	0	1	0	1	2	1	1	1	0	0	0	0	0	0	1	
2	1	1	0	0	0	1	1	0	0	0	1	1	0	0	1	1	0	0	1	1	0	1	0	2	0	0	0	1	1	1	0	0	0	0	1	0	0	0	0	0	1	1	1	0	1	1	0	1	1	0	0	0	0	0	0	0	1	1	1	1	0	1	0	1	1	0	0	1	1	2	1	1	0	1	0	0	1	0	0	1	0	0	2	0	0	0	0	1	0	1	0	0	0	0	0	0	0	1	1	
0	1	1	0	1	0	0	1	0	0	1	0	1	0	1	1	0	1	1	1	0	2	1	2	0	1	0	1	0	0	1	0	1	0	1	1	1	1	1	0	0	0	1	0	1	1	0	1	0	0	0	0	1	1	1	0	1	1	1	0	1	0	1	0	0	0	1	1	1	1	0	0	1	1	0	0	0	0	1	1	1	0	0	0	1	1	1	0	1	0	0	1	1	1	0	1	0	0	1	1	
1	0	0	0	1	0	1	0	1	1	0	1	1	0	1	1	0	1	0	0	0	0	0	1	0	1	1	0	1	1	0	1	0	0	1	1	0	1	0	1	1	0	1	0	0	1	1	0	1	0	1	1	2	1	1	1	1	0	0	1	0	0	1	1	0	1	1	0	1	0	2	0	0	0	0	1	0	0	2	0	0	0	0	1	1	1	0	1	1	1	1	0	0	0	1	0	1	1	0	0	
0	1	1	1	1	0	0	1	1	0	0	1	1	0	0	0	1	1	0	0	1	1	1	1	0	1	1	1	0	1	1	1	1	1	0	1	1	0	0	1	1	0	0	1	1	0	0	1	1	1	1	1	1	1	1	0	1	0	1	1	0	0	0	1	1	1	0	0	1	0	0	0	0	1	1	0	1	0	1	0	0	1	0	0	1	0	0	1	2	0	1	0	0	0	1	0	1	1	1	0	
1	0	1	0	1	1	0	0	1	1	1	0	1	0	1	1	0	1	1	0	0	0	1	1	0	1	0	1	0	1	2	2	0	0	1	1	0	0	0	0	0	1	1	1	1	0	0	0	1	0	0	0	1	0	1	0	0	2	1	0	1	1	1	1	0	0	0	0	0	0	0	0	1	0	0	0	1	1	0	0	1	0	0	0	0	1	1	1	1	0	1	0	0	0	0	1	1	1	1	0	
1	1	1	1	1	0	0	0	1	1	0	0	0	0	1	1	0	0	1	1	0	0	1	0	1	0	1	1	1	1	2	0	0	0	0	1	0	0	0	0	1	0	1	0	0	1	0	1	0	1	1	1	0	1	0	1	0	0	0	1	1	1	1	1	0	0	1	1	1	1	0	0	0	1	0	0	1	0	0	1	0	0	1	1	1	1	0	1	1	1	1	0	0	1	0	0	0	0	1	0	
1	1	0	1	0	1	0	1	1	0	1	0	1	1	1	1	1	1	0	1	1	0	1	0	1	0	0	0	1	0	1	1	1	0	1	1	1	0	1	0	1	0	0	0	1	0	2	0	0	1	1	0	0	1	0	1	1	1	1	2	1	1	1	1	0	0	0	1	1	0	1	0	0	1	1	0	0	0	1	0	1	0	1	1	0	1	1	0	0	1	1	0	0	1	0	1	1	0	0	2	
0	1	1	0	1	0	0	1	1	0	1	1	0	1	1	2	1	1	1	0	1	0	1	0	0	1	0	1	0	1	1	1	1	1	0	0	0	1	0	0	1	0	0	0	1	0	1	1	0	0	1	0	0	1	1	0	1	0	0	1	0	0	0	1	0	1	0	0	0	0	1	0	1	1	0	1	0	0	0	0	1	1	0	0	1	1	0	1	1	0	0	0	1	0	0	1	0	0	1	0	
1	1	0	1	1	0	0	1	0	1	0	0	1	0	1	1	0	0	1	0	1	1	1	0	0	0	1	1	2	0	1	0	1	0	0	0	0	0	2	1	0	1	0	1	0	0	0	0	0	2	2	0	1	0	1	1	1	1	1	1	0	1	0	0	0	1	0	1	0	0	1	0	0	1	0	0	0	0	1	0	0	0	1	0	0	0	1	0	1	0	0	0	0	0	1	0	1	0	1	0	
0	0	1	1	0	1	0	1	0	0	1	0	1	1	0	1	1	0	0	0	0	0	1	1	1	1	0	0	1	1	0	0	1	0	0	0	1	1	0	0	1	0	0	0	0	1	1	1	0	1	0	1	1	0	0	1	0	1	0	0	0	0	0	1	1	1	0	1	1	0	0	1	0	0	1	0	0	0	1	1	0	0	0	1	0	0	1	0	0	1	0	1	1	1	2	1	1	0	1	1	
1	1	1	1	0	1	0	0	0	0	0	1	0	1	0	0	0	0	1	0	0	0	0	0	1	1	2	1	1	0	0	1	1	0	0	1	1	1	2	1	0	0	1	1	1	0	0	1	0	0	1	1	1	0	1	1	0	1	0	0	0	1	0	1	1	0	0	0	1	0	0	1	0	0	1	0	1	0	1	0	1	0	1	1	0	1	1	1	0	0	1	0	0	0	1	1	0	1	1	1	
0	0	0	0	0	1	0	0	1	1	1	1	0	0	1	0	0	1	0	0	0	0	1	1	0	1	1	1	1	1	1	0	1	1	1	1	0	1	1	0	1	0	0	1	1	1	0	1	0	1	1	1	0	2	1	1	2	1	1	0	1	1	0	0	0	1	0	0	1	0	0	0	0	1	1	0	1	0	0	1	1	0	1	0	1	1	1	0	1	0	1	1	0	0	0	0	0	0	0	0	
2	0	1	1	1	1	1	0	1	0	0	0	1	0	0	1	0	0	1	1	0	0	0	0	0	1	1	1	1	1	1	0	0	0	1	0	1	0	0	0	1	0	0	0	0	1	0	0	0	0	0	1	1	1	1	1	0	1	1	1	0	0	1	0	0	0	1	1	1	0	0	0	0	0	0	0	0	0	0	1	1	1	0	1	1	0	1	0	0	0	0	1	0	1	0	2	0	0	1	1	
0	0	1	0	1	1	0	1	1	1	1	1	1	0	1	1	0	1	0	0	0	1	0	1	0	1	0	0	1	0	1	0	1	1	0	0	1	1	1	1	1	0	0	1	1	0	0	1	1	0	0	0	1	1	0	1	0	1	0	1	1	0	1	0	0	1	1	0	0	0	0	1	0	1	1	0	0	0	1	0	0	0	1	1	1	0	0	1	0	0	0	0	2	1	0	1	0	0	1	0	
1	2	1	0	1	1	0	1	0	1	0	1	0	0	0	0	0	1	0	1	1	0	0	1	0	1	1	1	1	0	0	1	0	1	0	0	1	0	1	1	0	0	0	0	1	1	1	1	0	1	0	1	0	1	1	0	1	0	0	0	1	0	0	0	1	0	1	0	0	1	0	1	1	0	0	1	0	1	0	0	1	1	1	1	0	0	1	1	0	1	0	0	1	0	1	0	1	0	1	0	
1	0	1	0	0	0	0	1	0	1	0	1	1	1	0	0	1	0	0	1	0	0	1	1	0	1	1	1	1	0	1	1	2	0	0	0	0	1	1	1	0	0	0	0	0	1	1	1	0	1	1	0	1	1	1	1	0	1	0	1	0	1	1	0	0	2	0	0	0	0	0	0	0	2	0	1	1	1	0	1	1	1	0	2	0	1	0	0	0	0	0	1	1	0	0	0	0	0	0	1	
1	1	1	1	0	0	0	1	1	0	0	0	0	0	0	1	0	0	0	1	0	0	0	0	0	2	0	1	0	1	0	0	0	0	1	0	1	0	1	1	0	0	1	1	1	1	1	1	1	0	1	0	0	0	0	1	0	1	1	1	0	0	0	0	2	1	1	0	0	0	0	1	0	0	0	1	1	0	1	1	1	0	1	1	1	1	0	0	0	0	0	1	0	1	1	0	1	0	2	1	
1	1	0	1	1	0	1	0	1	0	1	1	1	0	0	0	1	1	1	1	1	1	0	0	0	1	0	1	1	1	0	0	0	0	0	1	1	1	1	1	1	1	1	1	1	0	1	1	0	2	1	1	0	1	0	0	1	1	1	0	0	0	0	1	2	1	0	1	1	0	0	1	0	1	0	1	0	0	0	0	0	0	1	1	1	0	0	0	1	0	1	1	1	0	1	0	1	1	0	1	
1	1	0	1	1	1	1	0	0	0	1	1	1	0	1	0	0	0	1	0	0	1	0	0	0	0	1	1	0	1	1	1	1	1	0	1	1	0	0	0	1	1	1	0	0	1	0	1	1	1	1	1	1	0	1	0	0	0	1	1	1	0	0	0	0	1	0	0	0	0	0	0	1	1	0	1	0	0	1	0	0	0	0	1	0	0	1	1	0	1	1	0	1	0	1	0	0	0	0	0	
1	0	1	0	0	0	2	0	1	0	0	1	0	1	0	0	1	0	0	1	2	0	2	1	0	0	0	1	1	0	1	1	0	0	1	0	1	1	1	0	0	1	0	0	1	0	1	1	0	1	0	1	1	1	0	1	0	1	1	0	1	0	1	0	0	0	1	0	1	1	0	1	0	0	1	0	1	0	0	0	1	0	0	1	1	0	0	1	0	1	1	0	1	0	1	0	1	1	1	1	
1	1	0	1	1	1	0	1	1	1	0	0	1	1	1	0	1	0	1	0	0	1	0	0	0	1	0	1	1	1	0	1	1	0	0	1	1	1	1	0	1	0	2	0	0	0	1	1	0	1	1	0	0	1	1	0	0	0	0	0	1	0	1	0	2	1	1	1	1	1	1	0	0	0	1	1	0	1	1	0	1	0	1	1	0	0	0	0	1	0	2	1	1	1	0	1	0	1	1	2	
1	0	1	0	1	0	0	0	1	1	0	0	1	0	1	0	1	0	1	1	0	1	1	0	1	1	1	1	1	2	1	0	1	0	0	1	0	1	0	1	0	1	1	0	0	1	1	0	0	0	0	0	0	0	0	1	0	1	0	1	0	1	0	1	0	1	1	0	1	0	1	1	1	1	1	0	1	0	1	1	1	0	1	1	2	1	0	1	0	1	1	1	1	0	0	1	1	1	1	0	
0	1	1	1	1	0	1	0	0	0	0	0	1	1	0	0	1	0	1	1	1	0	0	0	1	1	1	1	0	0	0	0	0	1	0	1	1	0	1	1	0	1	1	1	1	1	0	1	0	0	0	1	0	0	1	1	1	0	2	1	1	1	1	1	0	1	0	1	0	1	0	0	1	1	0	0	0	1	0	0	1	1	0	1	0	1	0	1	1	1	0	1	1	0	0	1	1	1	1	1	
1	0	0	1	1	1	1	0	1	0	0	1	0	1	1	0	0	1	1	0	1	0	0	0	0	0	0	0	1	0	1	0	0	1	1	1	0	0	1	1	1	0	0	1	0	1	0	0	0	1	1	1	1	0	0	0	0	1	1	0	0	0	1	1	0	1	1	0	1	1	1	0	1	1	0	1	0	0	0	0	1	1	0	1	0	1	0	0	0	1	0	1	0	1	0	1	0	1	0	2	
0	0	1	1	1	0	0	0	0	1	0	1	1	0	1	0	0	0	1	0	0	0	0	0	0	1	0	1	0	0	1	1	1	0	0	0	1	0	0	1	0	1	0	1	1	0	0	1	0	1	0	1	1	1	0	0	1	0	0	0	1	0	0	0	1	0	1	1	0	2	1	0	0	0	0	1	1	0	1	1	1	0	0	0	1	0	1	1	0	0	0	0	1	1	1	0	1	1	0	0	
1	0	1	0	0	0	0	0	1	0	1	0	1	0	0	1	1	1	1	0	1	0	1	0	1	0	0	0	1	1	1	0	1	0	1	1	0	0	0	0	0	0	1	1	1	1	1	1	0	1	0	1	0	0	0	0	1	1	0	0	0	1	0	0	0	1	0	1	1	0	0	2	0	0	1	0	1	0	1	1	0	1	0	0	1	1	1	1	1	1	1	0	0	0	1	1	0	1	1	0	
0	1	1	1	1	0	0	1	0	1	1	0	1	1	0	0	0	1	1	0	0	1	0	0	0	1	0	0	1	1	1	0	0	1	1	1	1	0	0	1	0	1	1	0	1	1	0	0	0	1	0	1	1	1	1	1	0	0	1	1	1	0	0	0	0	0	1	0	1	0	1	1	0	1	0	0	1	1	0	0	1	1	0	0	1	1	0	0	0	1	1	0	1	0	1	1	1	0	0	0	
1	1	1	1	0	0	1	0	1	0	0	0	1	1	0	0	1	1	1	1	1	0	0	0	1	1	1	0	1	1	0	0	0	1	0	1	1	0	1	1	0	1	1	1	1	0	1	1	0	0	0	1	0	1	1	1	1	0	1	1	0	0	0	0	0	1	0	0	0	1	1	0	0	1	1	1	1	0	1	0	1	0	0	1	1	1	1	1	1	0	1	1	1	1	0	0	1	1	1	0	
1	0	0	0	0	0	0	1	0	0	1	1	1	1	0	0	0	0	1	0	0	0	1	0	0	0	0	1	1	0	1	0	0	1	0	1	0	0	0	1	1	1	1	1	0	1	1	1	1	0	1	0	0	1	0	0	1	1	1	1	1	0	0	1	1	0	0	0	1	0	1	1	2	1	1	0	1	1	0	0	1	0	1	0	0	0	0	0	0	0	1	0	1	0	0	0	2	1	0	0	
0	0	1	0	0	1	0	0	1	1	1	1	1	1	0	1	0	0	1	1	0	0	1	1	0	1	0	0	0	1	1	0	0	1	1	1	0	0	1	0	0	1	1	0	1	0	1	0	1	0	0	0	1	2	1	1	1	1	1	0	0	0	0	1	1	0	1	2	0	1	0	0	1	1	0	0	0	0	0	2	1	1	0	0	0	0	0	0	1	0	0	1	0	0	1	0	0	1	0	1	
1	0	1	0	1	1	0	1	0	1	1	1	0	1	0	1	0	0	1	1	0	1	0	1	0	1	0	1	0	1	1	1	1	1	0	0	2	0	0	0	0	1	0	0	0	1	1	1	1	0	0	0	0	1	0	1	1	0	0	0	1	0	1	1	1	0	1	1	0	0	0	0	1	0	1	1	1	0	1	0	1	0	1	0	1	0	1	1	1	1	1	1	1	1	1	1	1	2	1	0	
1	0	1	0	1	0	0	0	1	1	1	0	2	0	0	0	0	1	1	0	0	0	2	0	1	1	1	1	1	0	0	1	1	0	0	0	1	0	0	1	1	1	0	0	0	1	0	1	1	0	0	1	1	1	1	0	0	0	0	0	0	0	0	0	0	0	0	1	1	0	1	1	1	1	1	1	1	1	1	1	1	0	0	0	0	1	1	1	1	1	1	0	1	1	0	0	0	1	1	1	
0	1	0	0	0	1	1	0	0	0	1	1	0	1	0	0	1	1	1	1	1	1	1	1	0	0	0	1	1	1	1	0	0	1	1	1	1	1	0	0	0	1	1	0	1	1	1	1	1	1	1	1	1	1	0	0	1	1	0	0	0	0	1	0	0	1	0	1	0	1	1	1	0	1	0	1	0	0	1	1	0	0	1	1	0	0	0	1	1	1	0	1	0	2	1	1	1	1	0	0	
0	1	0	1	1	0	0	0	0	0	1	1	0	0	0	0	0	0	0	0	0	0	1	0	1	0	1	1	0	0	0	0	0	0	1	1	0	0	1	0	1	1	1	0	1	1	1	1	0	0	1	1	0	1	0	1	0	1	1	0	0	0	0	0	1	0	1	0	0	1	0	0	0	0	0	1	0	0	0	1	1	0	0	1	1	0	1	1	0	0	1	0	0	0	0	0	0	0	1	0	
1	1	0	0	1	0	1	1	0	0	0	1	0	0	1	0	0	0	1	1	1	1	1	1	0	1	1	0	1	0	0	0	0	1	1	1	1	1	0	1	1	0	1	1	1	1	0	0	0	1	1	0	0	0	1	1	1	1	0	0	1	1	0	0	1	0	0	2	0	1	1	1	0	0	1	0	1	0	1	1	0	0	0	1	1	1	0	0	1	0	1	0	1	0	1	0	0	1	1	1	
0	0	1	0	1	2	1	0	1	1	0	1	1	0	0	1	0	0	1	1	0	0	1	1	1	1	1	0	1	0	2	0	1	0	0	1	0	1	1	1	1	1	2	0	0	0	1	1	1	1	0	0	0	0	0	0	0	1	0	1	1	1	1	1	1	0	1	1	2	0	1	0	0	0	1	1	1	1	1	1	1	1	0	0	0	1	1	1	1	1	1	1	0	1	0	0	1	0	2	0	
1	1	0	0	0	0	0	1	1	0	1	1	1	1	1	1	0	0	1	0	1	1	1	1	0	0	1	0	1	0	0	1	1	1	0	0	0	1	1	0	1	0	0	0	1	0	1	0	0	1	0	1	1	1	0	0	0	1	0	0	0	0	0	1	0	0	1	1	2	0	1	0	0	0	0	0	1	0	0	1	0	1	0	1	1	1	1	1	0	0	0	0	1	1	1	0	1	0	0	2	
1	1	0	0	1	0	1	1	0	1	1	1	1	0	1	0	0	0	0	1	0	0	0	1	1	1	0	1	1	0	0	1	1	1	2	0	0	0	1	0	0	0	1	1	1	0	1	0	1	1	0	1	0	0	1	0	1	1	1	1	1	0	1	1	0	0	1	1	1	1	0	0	0	0	0	1	1	0	0	1	1	1	0	0	0	1	1	0	1	0	1	2	1	0	0	1	0	1	1	0	
0	1	1	0	1	0	1	0	0	0	0	1	1	0	1	0	1	0	1	0	1	0	1	1	1	1	1	0	0	0	0	1	0	0	0	0	0	2	0	1	0	1	0	2	0	1	1	0	0	2	0	0	1	0	1	0	0	0	0	0	1	0	1	1	0	0	0	0	1	1	0	0	2	1	1	0	0	1	1	0	0	1	1	0	1	1	1	1	1	1	0	0	0	1	1	0	1	0	1	1	
1	0	1	1	0	0	1	1	0	1	1	1	0	0	0	0	0	1	0	1	1	1	1	1	1	0	1	1	0	0	1	0	0	0	0	1	0	0	0	0	0	1	1	1	1	1	1	0	1	1	1	0	1	0	0	0	0	1	1	1	1	0	0	1	0	0	0	1	1	0	0	0	0	1	1	0	1	0	0	1	1	1	0	2	0	0	0	0	1	0	1	0	1	0	0	0	0	2	0	0	
0	0	1	1	1	1	0	0	1	0	1	0	1	1	1	1	1	0	0	1	0	0	1	0	0	1	1	1	1	0	1	1	0	1	0	0	1	1	0	1	2	0	0	0	0	1	1	0	1	1	1	0	0	1	1	1	0	1	0	0	0	0	1	1	0	1	1	0	2	0	0	0	0	0	1	0	0	0	1	1	0	1	1	1	0	0	0	0	0	1	1	1	0	0	1	0	1	1	1	0	
1	1	1	0	0	2	0	0	0	1	1	1	0	1	1	1	0	0	0	0	1	0	0	1	1	0	1	1	1	1	1	1	0	1	2	1	1	0	0	0	1	1	1	0	0	0	0	1	0	0	0	1	1	1	1	0	1	1	0	0	1	2	0	1	2	0	1	0	1	0	0	0	0	1	0	0	1	0	0	1	0	0	1	1	0	1	0	1	0	0	1	1	1	0	1	1	1	0	1	1	
1	0	1	1	1	1	1	1	0	1	1	1	1	1	1	0	1	0	1	1	0	0	0	0	1	1	1	1	0	0	1	0	0	0	0	0	1	1	1	0	0	1	1	1	0	1	1	1	1	2	0	0	0	0	1	0	0	0	0	0	1	1	1	1	1	0	0	1	0	1	0	0	1	1	1	0	0	1	1	1	0	1	0	1	1	1	1	1	0	0	1	0	0	1	0	0	1	1	1	1	
0	0	0	1	0	0	1	0	1	1	1	0	0	1	1	1	0	0	0	0	0	0	1	0	0	1	1	1	1	1	0	0	2	0	0	1	0	1	0	1	0	1	0	1	1	0	0	1	1	0	1	1	1	1	1	1	0	1	1	1	1	0	2	0	0	0	0	0	0	0	1	1	1	1	1	0	0	0	1	1	1	1	1	0	0	0	2	0	0	0	1	0	1	0	0	0	2	0	0	1	
0	0	1	0	1	0	1	1	1	0	0	1	0	1	1	1	0	0	1	1	1	0	1	1	0	0	1	0	0	0	1	0	0	1	1	1	1	0	1	1	0	1	1	1	1	0	0	1	0	1	0	1	0	1	0	0	1	0	1	0	1	1	1	0	1	1	0	1	1	0	1	1	0	1	1	1	1	1	0	0	1	0	1	1	0	2	0	1	0	0	0	1	1	1	0	0	0	0	0	0	
0	1	0	0	0	1	0	2	1	1	1	0	0	1	1	0	0	1	0	0	0	1	0	0	1	1	1	1	1	1	1	0	0	1	1	0	0	1	0	1	0	0	1	1	0	0	0	0	0	0	0	0	1	1	0	1	0	0	0	0	0	0	1	1	0	0	0	1	1	1	1	0	0	1	1	1	0	0	1	0	0	1	0	1	0	0	0	0	0	0	0	0	1	0	0	1	0	0	0	0	
0	1	1	1	1	1	1	1	1	1	1	1	2	1	1	1	1	1	1	1	0	0	1	0	0	0	2	1	0	0	1	0	0	0	0	1	1	0	0	0	0	0	1	0	0	1	2	1	1	1	0	1	1	1	1	1	0	1	0	0	0	1	2	0	1	1	0	1	1	1	1	2	0	0	1	1	1	1	0	1	1	0	1	2	0	1	0	0	0	0	1	0	0	1	0	0	0	1	2	0	
1	1	0	0	1	0	1	1	0	1	0	1	0	0	1	1	1	0	1	0	0	0	0	1	0	0	0	1	1	1	0	1	0	1	1	1	1	1	1	1	1	0	1	1	1	0	1	0	0	1	1	0	1	2	0	1	1	0	1	0	0	0	0	0	0	0	0	1	0	0	1	1	0	1	0	1	1	1	1	0	1	0	1	0	1	1	1	0	0	0	1	1	0	1	0	0	2	1	1	0	
1	1	1	1	0	1	1	0	2	2	2	0	0	1	1	1	0	1	1	1	0	1	0	0	1	0	1	1	0	1	1	0	2	1	1	1	0	0	1	0	0	1	1	1	0	1	0	0	1	1	1	1	1	0	0	1	0	0	0	1	0	0	1	0	1	0	1	1	0	1	1	1	1	0	1	0	0	0	0	1	1	1	0	0	0	1	0	0	1	0	1	1	0	0	1	1	0	1	0	0	
1	0	0	0	0	0	1	1	1	0	0	1	1	0	0	1	0	0	0	1	0	0	1	0	1	1	0	1	1	0	1	1	1	1	1	0	1	1	0	1	1	1	1	1	0	0	1	0	1	0	1	1	1	2	1	0	1	1	1	1	1	1	0	0	1	1	0	1	1	0	0	1	0	1	1	2	1	1	0	1	1	0	1	1	0	0	0	1	1	0	1	1	1	0	1	2	0	1	0	0	
1	1	0	0	0	0	0	1	0	1	0	1	0	0	0	0	0	0	0	0	1	1	1	1	1	1	0	1	0	0	0	1	1	0	1	1	1	0	1	1	0	1	1	0	0	1	0	1	1	1	1	1	0	0	1	0	1	1	0	0	0	0	0	0	1	0	1	1	1	2	1	1	1	0	1	0	1	1	0	1	0	1	2	1	1	0	0	1	1	2	0	0	0	0	0	1	1	1	1	0	
1	1	0	0	0	0	1	0	0	0	1	1	0	1	2	0	2	1	1	0	0	0	1	0	1	0	1	0	0	1	0	0	1	0	1	1	1	0	0	1	0	0	1	0	1	1	2	0	1	1	0	1	0	0	1	1	1	1	1	1	1	0	0	0	0	1	1	1	1	1	1	1	1	0	1	0	1	0	0	1	1	1	0	0	0	1	0	0	1	0	1	0	0	0	1	1	1	0	0	0	
1	0	0	1	0	1	0	1	0	0	0	0	1	0	0	0	0	1	1	1	0	1	1	0	1	0	1	0	1	0	1	1	0	0	1	0	1	1	0	0	0	1	1	1	0	0	0	1	1	0	1	1	1	0	0	1	1	0	1	0	1	1	1	0	0	0	0	1	1	1	0	0	1	0	1	0	0	1	1	0	1	1	2	1	0	0	1	1	1	0	0	0	0	1	1	0	0	0	1	0	
0	0	0	0	1	1	0	1	0	1	1	0	2	1	1	0	0	1	0	0	1	1	0	0	0	0	1	0	1	1	0	0	1	1	0	0	0	1	1	0	0	1	1	1	1	0	2	0	1	0	1	0	0	0	1	1	1	0	0	1	1	1	0	0	0	0	0	0	1	1	0	1	0	1	1	0	0	0	0	1	1	1	1	0	1	1	0	0	1	1	0	1	0	1	0	0	0	0	1	0	
1	1	0	1	0	1	0	0	0	1	0	1	1	1	0	0	0	1	1	1	0	0	0	1	0	0	0	0	0	1	0	0	1	0	0	1	0	1	0	0	2	1	2	0	0	1	2	1	0	0	0	1	0	0	0	1	1	0	1	1	0	1	0	1	0	0	0	1	0	0	1	0	0	1	1	1	1	1	1	0	1	0	0	0	1	0	0	1	1	0	0	0	0	0	0	0	1	1	1	1	
0	1	1	0	1	0	2	2	0	0	1	0	2	0	0	0	2	1	1	0	1	1	0	1	1	0	1	0	1	1	0	0	0	0	0	1	0	0	0	0	1	1	0	1	1	0	0	1	0	0	1	0	1	1	1	1	1	0	0	1	1	0	1	0	1	0	1	0	0	1	1	1	0	1	0	0	0	0	1	0	1	0	0	0	0	0	0	0	0	0	1	0	0	1	0	1	1	1	1	0	
0	0	0	0	1	0	0	1	0	0	1	0	1	1	1	0	1	1	1	1	1	0	1	1	0	0	0	1	0	1	0	1	1	1	0	1	1	1	0	0	0	0	0	1	1	0	0	0	1	0	1	1	1	0	1	1	1	1	1	1	1	0	0	0	0	0	0	0	0	1	1	1	0	1	1	0	1	1	2	0	0	2	0	1	0	0	0	0	1	0	0	1	1	0	0	0	1	1	1	1	
1	1	0	0	0	0	1	1	2	1	0	0	0	1	1	1	0	0	0	1	0	1	1	1	0	0	0	2	1	1	0	0	0	1	0	2	0	1	1	1	1	0	0	1	0	1	1	0	0	1	0	0	0	1	0	0	0	0	0	0	1	0	1	1	0	1	1	0	0	0	0	0	0	0	1	1	0	2	1	0	0	0	0	0	0	0	0	1	0	0	0	0	1	0	1	0	0	1	1	0	
1	0	0	0	0	0	0	0	2	1	0	1	0	0	1	1	1	1	1	0	1	1	0	0	1	0	1	1	0	0	0	0	1	0	0	0	0	0	0	1	1	1	0	0	1	0	1	0	1	0	0	0	0	1	0	0	1	0	0	1	0	1	0	1	1	0	1	0	1	0	1	1	1	0	0	1	0	0	0	0	0	0	1	0	0	0	0	0	1	0	0	0	0	0	1	0	1	0	0	0	
1	1	0	0	0	0	1	1	0	0	0	1	1	1	1	0	0	0	1	0	1	0	1	0	1	1	0	1	1	1	0	0	0	1	1	0	1	0	0	1	1	0	0	1	0	1	0	0	0	1	0	1	1	1	0	0	1	0	0	0	0	0	0	1	0	1	1	0	1	1	0	0	0	1	0	1	1	0	0	1	0	0	0	0	0	1	1	0	1	0	1	0	2	0	0	1	0	0	1	1	
0	0	0	0	1	0	1	1	0	1	1	1	0	1	0	0	1	0	1	0	1	1	0	1	1	0	1	1	0	1	1	0	0	0	0	0	1	0	1	1	0	0	0	1	0	1	1	1	0	1	1	1	0	0	0	1	2	0	0	0	1	0	1	1	0	1	1	1	1	1	0	0	1	0	0	0	1	0	0	1	0	1	0	0	1	1	0	0	1	1	0	0	0	1	1	0	1	1	1	1	
0	0	0	0	1	1	1	0	1	1	1	1	0	0	1	1	0	1	0	1	0	0	0	1	1	0	1	1	1	0	1	0	1	1	1	0	0	0	1	0	0	0	1	1	0	0	1	0	1	1	1	1	0	1	1	1	1	1	0	1	1	0	0	0	0	1	1	0	1	0	0	2	0	0	1	0	1	1	1	0	1	2	2	2	1	1	0	1	1	1	0	0	0	0	0	0	0	1	0	0	
1	0	0	2	1	0	0	1	1	0	0	1	0	0	0	2	1	0	2	1	1	1	0	0	1	1	0	0	1	0	1	1	0	0	0	1	0	1	1	0	1	1	0	0	2	0	0	0	1	1	0	1	1	1	0	1	0	1	0	0	0	0	0	1	1	0	0	1	1	0	0	1	0	0	1	0	1	0	1	0	1	1	0	0	0	0	0	1	0	0	0	1	0	1	0	2	1	1	1	0	
0	0	1	1	0	0	1	1	1	0	1	1	1	0	0	0	0	0	1	0	1	1	0	0	1	0	1	0	1	0	0	0	1	1	0	1	1	0	0	1	1	1	0	0	1	1	0	1	1	1	1	1	1	0	1	0	1	1	1	0	0	0	0	0	1	1	0	0	0	0	1	0	1	1	1	1	0	1	1	0	0	0	0	0	0	0	1	0	1	1	0	1	1	1	1	1	1	0	1	1	
1	0	0	0	1	0	0	1	0	0	1	1	0	0	0	1	0	0	0	0	1	0	0	0	1	0	0	1	0	1	0	1	0	0	0	1	1	0	0	1	0	1	1	0	1	1	1	1	0	1	1	1	0	0	1	0	0	0	1	0	0	1	0	0	0	0	1	1	0	0	2	0	0	0	0	0	0	1	1	0	0	0	0	0	0	0	1	0	0	1	1	1	0	0	0	0	2	1	0	1	
0	1	0	1	0	0	0	0	0	1	1	1	0	1	0	1	1	0	0	0	0	0	0	1	0	0	1	0	1	0	0	1	0	0	1	1	0	0	1	1	0	0	0	0	0	1	1	1	1	0	0	1	0	1	0	0	0	1	0	1	1	0	0	0	0	0	0	0	1	1	1	2	0	1	1	1	1	1	0	1	1	1	1	1	1	0	1	1	1	0	0	1	1	0	1	1	0	1	0	0	
0	1	1	1	0	0	1	1	1	0	0	1	0	1	0	0	0	1	0	1	0	0	0	0	1	0	0	0	0	0	0	0	0	0	1	0	1	0	1	2	0	1	0	1	0	0	1	1	0	1	0	0	0	1	0	0	1	1	1	0	1	0	0	1	1	1	0	0	1	0	0	1	1	0	0	1	1	0	1	1	1	0	2	0	1	1	2	1	1	0	0	0	1	1	0	0	2	0	0	0	
0	1	1	1	1	1	2	0	1	1	1	1	1	0	0	1	0	0	1	0	0	2	0	0	0	0	1	0	1	0	1	1	1	1	0	1	1	0	1	0	0	0	1	0	0	1	0	1	1	0	1	0	1	0	1	0	1	1	1	0	1	1	0	0	0	1	1	0	1	1	2	0	1	0	1	2	1	1	0	0	0	1	0	0	0	0	1	0	0	0	1	1	0	1	0	1	1	0	1	0	
1	1	1	1	1	1	1	1	1	0	1	1	2	0	1	1	0	1	0	1	1	0	0	1	1	0	1	2	0	0	1	1	1	0	0	0	0	1	0	0	1	0	0	0	1	0	1	1	0	1	1	0	1	0	1	1	1	0	1	0	0	0	1	0	1	1	1	1	1	0	0	0	0	0	1	0	0	0	1	0	1	2	1	2	0	0	0	0	0	1	0	1	1	0	2	0	0	0	1	0	
0	1	0	0	0	1	1	0	0	0	1	0	1	0	1	1	0	0	0	1	0	1	0	0	1	1	0	1	0	1	0	1	1	1	1	1	2	1	1	0	0	0	1	1	0	0	0	1	0	0	1	2	0	0	0	1	0	1	0	0	0	0	1	0	0	1	1	1	0	0	1	1	0	0	1	0	0	1	1	0	0	1	1	0	0	0	1	0	0	0	1	1	0	0	0	0	1	1	0	0	
0	0	0	0	1	0	0	1	1	1	0	1	0	1	1	0	0	0	0	0	0	1	1	0	1	1	1	1	0	0	1	0	1	0	0	0	0	0	1	0	1	1	0	0	0	0	1	0	0	1	1	0	1	1	0	1	1	0	0	1	0	1	1	0	1	1	0	1	0	0	0	1	0	1	0	1	0	0	1	0	0	1	0	0	0	1	1	1	0	0	0	1	0	1	0	1	0	0	1	1	
0	0	0	1	1	1	1	0	1	1	0	1	1	1	1	1	0	1	1	0	1	1	1	2	0	1	0	0	0	0	1	0	1	1	0	1	1	0	0	0	1	1	0	1	0	1	2	0	1	0	2	1	1	1	0	1	1	0	1	0	1	0	0	0	0	1	0	0	1	1	0	0	0	1	1	1	1	1	1	1	1	1	1	0	1	1	0	0	1	1	0	0	1	0	0	0	1	1	0	0	
1	1	2	1	1	0	0	1	0	0	1	0	1	1	0	0	1	1	1	0	1	1	0	0	0	0	1	1	1	1	1	1	0	1	0	0	1	1	0	0	0	1	0	1	1	0	0	1	1	0	2	0	0	1	1	0	1	0	1	0	0	0	0	0	1	1	0	0	0	1	0	0	0	0	0	1	0	0	1	1	1	0	2	0	0	0	1	1	1	1	1	1	1	1	0	0	1	0	1	0	
1	1	1	0	1	1	1	1	1	0	0	0	1	0	1	1	1	1	1	1	0	1	1	1	1	1	1	1	0	0	1	1	1	0	0	1	1	0	0	1	0	0	0	0	2	1	1	2	0	0	0	1	0	1	0	1	1	0	1	0	2	1	1	0	0	0	1	1	2	1	0	0	0	1	0	0	0	1	0	2	0	1	0	1	0	0	0	1	1	0	0	0	1	1	1	1	0	1	1	0	
0	1	0	0	0	1	0	0	1	0	1	1	0	1	0	1	0	0	1	1	1	0	1	0	1	1	0	1	0	0	0	1	1	0	0	0	1	0	0	0	1	1	0	1	0	0	0	0	1	1	0	0	1	1	0	0	0	0	0	1	0	0	0	1	1	2	1	0	0	0	1	0	0	1	1	0	0	0	0	2	0	0	0	0	2	0	0	0	1	0	1	1	1	0	1	1	0	0	1	0	
0	1	1	1	0	0	1	1	1	0	0	1	1	0	1	0	1	2	1	1	0	0	0	0	1	0	1	1	0	1	1	1	1	0	0	1	0	0	1	1	1	0	0	1	0	1	0	0	1	1	0	1	0	1	0	1	0	1	1	0	1	1	1	1	0	0	1	0	1	1	0	0	0	1	0	0	0	0	1	0	1	1	1	1	0	0	1	0	2	1	1	1	0	0	1	0	0	1	0	1	
1	1	1	0	0	0	1	1	0	1	0	0	0	0	1	0	0	1	1	0	0	0	1	0	0	1	1	1	0	0	1	0	1	1	1	1	0	0	1	1	0	1	1	1	1	1	1	1	0	0	1	0	1	0	0	0	0	0	0	2	1	1	0	1	1	1	0	0	0	0	1	1	0	1	0	1	0	0	1	1	0	0	1	1	0	1	1	1	0	0	0	0	1	0	1	0	1	0	1	1	
1	1	1	1	1	0	0	1	0	1	1	1	0	1	0	1	1	0	0	1	1	1	0	0	1	0	1	1	0	0	1	1	1	1	0	1	0	1	0	0	1	1	0	0	0	0	1	1	0	0	1	0	1	0	1	0	1	0	1	0	1	1	0	1	1	0	0	0	1	0	0	0	1	1	1	1	0	0	0	1	0	0	0	1	0	0	0	1	1	0	0	0	1	0	0	0	0	2	1	0	
0	0	0	0	1	1	1	1	0	1	1	1	0	1	1	0	0	0	0	2	0	1	0	1	1	2	1	1	0	0	1	0	0	0	0	0	1	0	1	0	0	1	1	0	1	0	1	0	1	2	1	2	0	0	0	0	1	1	0	0	1	1	1	1	0	0	0	1	0	0	0	1	1	1	0	1	1	1	0	0	0	0	0	0	1	1	2	0	1	1	0	1	1	0	1	1	0	0	0	0	
1	1	1	0	0	0	1	0	1	1	1	1	1	0	1	1	1	1	0	1	1	0	0	1	1	0	1	1	1	1	0	0	0	0	0	0	0	0	0	0	0	0	0	1	1	0	0	1	1	0	0	1	1	0	0	1	1	1	1	1	1	0	1	0	1	1	2	0	0	0	0	0	0	0	1	1	1	1	1	0	0	0	1	0	1	1	0	1	1	0	0	1	1	1	0	0	1	1	1	0	
1	0	0	1	1	1	1	0	1	1	1	1	1	1	1	1	1	0	1	0	0	1	1	1	1	0	0	0	0	0	0	0	0	1	1	0	1	1	0	0	1	0	0	0	0	1	1	1	2	0	1	1	0	1	0	0	0	0	1	0	0	0	0	0	0	1	0	0	1	1	1	0	1	1	0	0	1	0	1	1	1	1	0	0	1	1	1	1	0	2	0	0	1	1	2	1	1	1	0	0	
0	0	0	0	0	1	0	0	0	1	1	1	0	1	1	1	1	0	1	1	0	0	0	0	0	1	1	0	1	0	0	0	1	0	0	0	0	0	0	1	0	1	0	0	1	0	0	0	0	1	1	0	0	0	0	0	1	0	0	0	1	1	1	0	1	0	1	0	1	1	0	0	0	1	1	0	1	0	0	1	1	1	0	1	1	1	1	0	1	1	0	0	2	0	0	0	1	0	0	1	
0	1	1	1	0	1	0	1	0	0	0	0	1	0	1	0	0	1	0	1	1	0	1	1	1	0	1	0	1	0	0	1	0	0	0	0	1	0	0	1	0	1	1	1	0	1	1	1	1	0	0	0	1	0	1	1	0	1	1	1	1	0	0	0	0	1	0	1	0	0	1	1	1	0	1	0	1	1	1	0	0	0	1	1	1	1	1	0	1	0	1	2	1	0	1	1	1	1	0	1	
0	0	0	1	1	1	1	0	0	1	1	1	0	1	0	1	1	0	1	0	1	1	0	1	0	0	0	0	0	0	0	0	1	0	1	0	0	1	0	1	1	0	1	0	0	0	0	0	0	0	2	0	1	0	1	0	1	1	0	1	0	1	0	0	1	0	1	0	0	0	1	0	1	0	1	1	1	0	1	1	0	1	0	0	0	1	0	1	1	1	1	1	1	1	1	1	1	1	1	1	
1	0	1	1	0	2	1	1	1	0	1	0	1	1	1	1	1	0	0	1	1	0	0	0	1	0	0	1	0	1	1	0	0	0	1	0	0	0	0	1	0	1	0	1	1	1	0	0	0	0	0	0	0	0	0	1	1	1	0	0	1	0	1	1	1	0	1	0	1	1	1	1	1	0	2	0	0	1	0	2	1	0	0	0	1	0	0	0	1	1	0	1	1	0	1	1	0	0	0	1	
1	0	1	1	1	2	0	1	1	1	1	0	1	1	0	1	0	0	0	1	1	1	1	0	1	0	1	0	1	1	0	0	1	0	1	1	1	1	1	0	1	1	0	1	0	0	0	0	0	0	0	1	1	1	1	1	0	0	1	0	0	0	1	2	0	1	0	0	0	0	1	1	1	1	0	0	1	0	0	0	1	1	2	0	1	0	0	1	0	1	0	1	2	0	1	1	1	0	1	0	
1	0	0	0	1	1	0	1	0	1	0	1	0	1	1	0	1	1	1	1	1	2	1	1	1	0	1	0	1	0	0	0	1	1	0	1	1	0	0	0	0	0	1	1	0	1	1	1	0	0	2	0	0	0	1	1	0	1	1	1	0	0	1	1	0	0	1	1	1	0	0	1	0	0	1	1	1	1	0	1	1	1	1	0	2	1	0	0	0	1	1	0	0	0	0	0	0	1	0	1	
1	1	1	0	0	0	0	1	1	1	0	1	0	0	0	0	0	0	1	1	0	1	1	1	1	1	0	1	0	0	1	0	0	0	0	0	1	1	1	0	0	1	1	0	0	1	1	2	0	1	1	1	1	1	1	0	0	1	1	0	0	0	0	0	1	1	1	0	0	0	1	0	0	1	0	0	2	0	0	0	1	0	0	2	1	0	1	0	1	0	0	0	1	1	0	0	0	0	1	0	
0	0	0	1	0	0	1	0	0	0	1	0	1	1	1	0	0	0	1	0	0	1	1	0	1	1	0	0	0	0	1	0	1	0	0	1	0	0	1	0	0	1	2	0	1	1	1	1	1	1	0	0	1	0	0	0	1	1	0	2	0	1	0	1	0	2	1	1	1	1	0	1	0	1	0	1	1	0	1	1	0	0	0	1	2	2	0	1	0	0	0	1	1	0	0	1	0	1	1	0	
1	1	1	1	1	0	0	1	0	0	1	0	0	1	0	1	1	0	0	1	0	0	0	1	1	1	0	1	1	0	0	1	0	1	0	1	1	0	2	1	0	0	1	0	0	0	0	1	0	0	0	1	0	1	1	0	1	0	0	1	0	1	1	1	0	0	1	2	1	1	0	1	0	1	1	1	1	1	1	1	1	0	1	0	1	1	0	1	1	1	0	1	1	0	1	1	0	0	0	1	
1	0	1	1	0	1	0	0	0	1	0	1	1	1	0	0	1	0	0	1	1	1	1	1	0	1	0	2	1	0	1	0	0	0	1	1	1	0	1	1	1	1	1	0	0	1	1	0	1	1	0	0	0	1	0	0	1	1	0	1	0	0	0	0	1	1	0	1	1	1	1	1	1	0	1	1	0	0	1	1	0	0	0	0	2	1	1	1	0	1	0	2	0	0	0	0	1	1	0	1	
0	0	1	1	0	0	0	0	1	0	1	0	1	2	0	0	1	0	0	0	1	1	1	0	0	2	1	1	0	0	1	0	1	0	1	0	0	0	1	0	1	0	0	0	1	1	0	0	0	0	0	0	0	1	0	0	1	0	0	0	0	0	0	0	0	1	0	1	1	1	1	1	0	1	0	0	0	1	1	1	0	1	0	1	1	0	1	1	0	1	0	1	1	0	1	0	0	1	0	1	
1	0	1	1	0	1	0	0	2	0	1	0	1	1	0	0	1	0	0	0	1	0	0	1	1	1	0	1	0	1	0	1	0	0	1	1	1	1	1	0	1	0	1	0	0	0	1	0	1	0	1	0	0	0	1	0	1	1	0	0	2	0	0	1	1	1	0	0	1	1	1	1	0	0	1	0	0	0	0	1	0	0	0	0	0	0	1	0	1	0	0	1	0	0	0	0	1	1	0	0	
0	0	0	0	0	1	2	0	1	1	1	1	0	0	1	0	0	1	1	0	1	0	0	0	1	0	1	1	0	1	0	0	0	0	0	1	1	0	0	1	0	0	1	0	1	1	1	1	2	0	0	0	0	0	1	0	0	1	1	0	1	0	1	1	1	1	0	0	0	1	0	0	0	1	2	0	1	1	1	0	0	0	0	0	1	0	1	0	0	0	0	0	1	1	0	1	0	0	0	1	
1	0	0	1	1	1	0	1	1	1	0	0	1	0	0	1	1	0	1	1	0	0	1	0	1	1	1	0	1	0	1	1	1	1	0	1	0	1	1	1	0	1	0	0	1	0	0	1	1	0	1	0	0	0	0	1	1	0	0	1	0	0	0	0	0	0	1	1	1	1	0	1	1	1	0	0	1	1	0	0	2	1	0	2	0	0	1	1	1	1	0	0	1	1	1	0	1	0	0	0	
1	0	1	1	1	2	1	1	0	0	0	1	0	1	1	0	0	1	0	1	0	0	1	1	0	1	0	1	0	0	0	0	0	1	1	1	0	1	1	1	1	0	1	0	0	0	0	0	1	1	0	0	0	0	0	1	1	0	0	0	1	1	0	1	1	1	1	1	1	0	1	1	1	0	0	0	1	0	1	0	1	1	0	1	1	1	1	1	0	0	1	0	0	1	0	0	0	1	1	0	
1	1	1	0	0	1	1	0	0	1	2	1	0	0	0	1	1	0	0	0	0	0	0	0	0	0	0	0	1	0	1	0	1	0	0	1	1	1	1	1	1	0	0	1	1	0	0	1	1	0	1	0	0	0	0	0	1	1	1	1	1	1	2	0	1	1	1	0	1	0	0	0	1	1	0	2	0	0	2	1	0	0	0	0	2	0	1	0	0	0	1	1	1	1	0	1	1	0	1	1	
1	1	0	0	1	1	1	1	0	1	0	1	0	1	1	2	0	0	0	1	1	0	1	1	1	1	1	1	0	1	0	0	0	0	0	0	0	0	0	0	1	0	2	0	1	1	1	1	0	1	0	0	1	0	1	0	1	1	0	1	0	1	1	1	0	0	1	1	1	0	0	0	1	1	0	1	0	1	1	0	1	0	0	2	0	2	0	2	0	1	0	1	1	0	0	1	0	1	1	1	
0	0	0	1	0	0	0	0	1	1	1	1	1	1	0	1	0	1	0	0	1	0	0	0	1	1	1	1	0	0	1	1	0	0	1	0	0	0	1	1	0	0	1	1	0	0	0	0	1	0	0	0	1	0	0	0	0	1	0	1	0	1	1	0	0	0	2	1	1	1	0	1	0	1	0	1	1	0	0	0	0	1	1	0	0	1	0	0	0	1	1	0	0	0	1	0	0	1	1	1	
1	1	1	1	1	1	1	1	1	0	1	1	0	2	0	0	0	1	0	0	1	0	0	1	1	1	1	0	1	0	1	0	0	0	2	0	1	0	1	1	1	0	1	1	0	1	0	0	0	1	1	1	1	1	1	1	1	0	0	1	1	0	1	1	2	1	1	1	0	1	0	0	1	0	0	0	1	0	1	0	1	1	0	0	0	1	0	0	0	0	0	1	0	1	1	0	1	1	1	0	
1	0	0	0	0	1	0	1	1	1	1	0	1	1	1	0	1	0	0	0	0	1	0	1	1	0	0	0	0	1	1	1	0	1	0	0	0	0	1	1	0	0	0	1	1	0	0	0	0	0	1	1	0	1	1	0	0	1	0	0	0	1	0	0	0	1	0	1	1	0	1	1	1	1	0	0	1	1	0	0	1	0	1	2	0	1	1	0	0	0	0	0	0	1	0	1	1	0	1	1	
0	0	0	1	1	1	1	0	0	0	0	0	0	1	0	0	0	0	0	0	0	1	0	0	1	0	1	0	1	0	0	0	0	0	0	0	1	1	0	1	0	0	0	1	0	1	0	0	1	0	1	1	0	0	0	0	1	0	1	1	0	1	1	1	1	1	1	1	1	1	0	1	0	1	1	1	0	0	1	0	0	2	2	1	1	1	1	1	0	1	0	0	1	0	0	0	0	0	0	1	
0	1	1	0	0	1	1	0	0	1	1	0	1	0	1	1	0	0	1	0	0	1	1	1	0	0	0	0	1	1	0	1	0	0	0	0	1	0	1	1	0	2	0	0	1	0	1	0	0	0	0	0	1	0	0	0	0	0	0	1	0	1	1	1	0	0	0	1	1	1	1	0	0	1	0	1	0	1	0	0	0	1	1	1	1	0	0	1	1	1	0	1	1	0	1	1	0	1	1	1	
1	1	0	0	0	1	0	1	1	0	0	1	1	0	1	2	1	1	0	1	1	0	0	1	0	0	1	1	0	0	0	0	0	0	1	0	1	1	0	0	0	0	0	0	0	1	0	0	1	1	1	1	1	1	1	0	0	1	0	0	0	1	1	0	1	1	0	1	0	1	1	0	0	1	1	0	0	0	1	1	0	0	1	0	1	0	2	1	0	1	0	2	1	1	1	0	0	0	0	0	
0	1	1	0	1	1	0	0	1	1	0	1	1	1	1	0	1	1	0	0	1	0	0	0	0	0	0	0	0	1	0	1	0	1	1	1	0	1	1	0	1	1	0	0	0	0	1	0	1	0	1	1	0	0	1	1	1	0	1	1	0	1	1	1	1	1	0	0	1	0	2	0	0	0	0	0	1	0	0	0	0	0	1	1	0	0	1	2	0	1	0	1	1	0	0	0	0	1	1	1	
0	0	1	0	0	1	0	1	1	0	1	0	0	0	0	1	0	1	1	0	0	1	1	1	0	0	0	1	1	0	1	1	0	0	1	0	1	1	1	0	1	1	1	1	0	1	0	0	0	1	0	1	1	0	0	0	1	0	1	0	2	0	1	1	0	0	0	0	0	0	0	0	2	0	1	0	0	1	0	2	1	1	0	1	0	0	1	0	0	1	1	1	0	0	0	1	1	1	0	1	
0	0	0	0	1	0	1	1	1	0	0	1	1	0	1	1	0	1	1	1	1	1	0	0	1	0	0	0	0	1	2	0	1	1	1	1	1	1	0	0	0	0	1	1	0	0	1	0	1	0	1	0	1	0	0	2	1	1	0	0	0	1	1	0	1	0	1	0	1	0	1	1	1	0	0	1	1	1	1	0	0	0	0	1	0	1	1	0	0	1	1	0	1	1	0	0	0	0	0	2	
0	0	0	0	1	1	0	0	1	0	1	1	0	1	1	1	0	0	0	0	1	0	0	1	1	0	0	0	1	1	1	1	1	0	1	0	1	0	1	1	0	1	2	1	1	0	0	1	0	1	0	0	0	1	1	1	1	0	0	1	0	0	0	1	0	1	0	0	1	1	1	1	0	0	0	1	0	1	0	1	1	1	1	0	0	1	1	0	1	0	2	1	0	0	1	1	1	1	1	0	
1	0	0	1	0	0	0	1	1	0	1	0	1	0	1	0	1	0	1	1	0	0	0	1	1	0	0	0	1	1	1	0	0	1	0	1	1	1	1	0	1	1	1	1	0	1	0	0	1	0	1	1	1	1	1	0	1	0	0	1	0	1	1	1	0	0	0	0	1	1	0	1	0	0	1	1	1	1	1	0	0	0	0	0	1	0	0	0	1	1	0	0	0	1	2	1	1	0	0	1	
1	1	0	1	1	1	1	1	1	1	1	0	1	0	0	1	1	1	1	0	1	1	1	0	0	1	1	1	0	0	0	0	1	1	1	0	2	0	1	0	1	1	1	0	1	2	1	0	1	1	1	0	2	0	1	1	1	0	0	1	1	1	1	0	0	0	1	1	1	0	0	1	0	1	0	1	1	0	2	0	1	1	0	1	1	2	1	1	0	1	0	1	0	1	0	0	1	0	1	0	
0	1	1	1	0	1	1	0	1	1	1	1	0	0	0	0	1	1	0	1	0	0	0	0	0	0	0	1	0	1	0	1	0	1	0	0	0	0	1	1	0	0	0	0	0	1	1	1	0	0	1	1	0	0	1	1	0	1	0	0	0	0	0	1	1	1	1	0	1	0	0	0	1	0	0	0	1	0	0	0	2	0	0	1	1	1	1	1	1	1	0	1	1	0	0	0	1	1	0	1	
1	0	1	0	0	1	1	1	1	0	0	1	0	0	0	1	0	1	1	1	1	0	0	1	0	1	0	0	1	0	0	1	0	1	2	1	1	0	1	0	1	0	0	0	1	0	0	0	1	0	1	2	1	0	1	0	1	1	0	0	1	0	0	0	0	0	0	1	1	1	2	1	0	1	0	1	0	1	0	1	0	0	1	1	0	0	0	0	1	0	1	2	0	1	1	1	0	1	1	0	
0	1	0	0	1	0	1	0	0	1	0	1	1	1	1	0	0	1	1	1	1	1	1	0	0	0	0	0	0	1	1	0	1	1	1	0	1	2	1	0	1	0	1	0	0	0	1	0	1	0	1	1	0	0	1	0	1	0	1	0	0	0	0	0	0	0	1	0	1	1	1	1	0	1	1	0	0	0	1	1	0	0	0	0	1	0	0	1	1	0	0	1	1	1	1	0	2	0	0	0	
0	1	1	0	0	0	1	1	1	1	0	0	2	1	1	1	0	0	1	1	0	2	1	1	1	0	1	1	0	0	0	1	1	0	1	0	0	0	1	0	0	0	1	0	1	0	1	1	0	1	1	1	1	1	1	0	0	0	1	0	1	0	1	1	1	0	1	0	1	0	1	1	0	1	1	0	0	1	0	1	0	0	0	0	1	1	1	1	0	1	0	0	0	1	0	0	1	1	1	0	
1	1	0	1	0	0	1	1	0	0	1	1	1	1	0	0	0	0	0	1	0	1	0	0	1	1	1	0	1	1	0	1	0	1	1	0	0	0	0	1	1	0	0	1	1	0	0	0	0	0	0	0	1	1	1	0	1	1	1	0	1	0	1	1	1	1	0	0	0	0	0	1	0	0	0	1	0	0	0	0	1	0	0	0	2	0	0	0	0	0	1	1	0	1	1	1	0	1	0	0	
0	0	1	0	1	1	0	0	1	1	1	0	0	1	0	1	1	2	0	0	1	0	0	1	1	1	1	0	1	1	1	0	0	0	0	0	0	1	1	1	1	1	1	1	1	0	1	0	1	1	0	0	0	1	1	1	0	1	0	0	0	1	0	0	1	1	0	1	1	1	1	1	0	1	0	0	1	0	0	0	0	1	2	1	1	1	0	0	1	0	1	1	1	1	0	0	0	0	1	0	
0	1	1	1	1	0	0	1	0	1	0	1	1	0	1	1	0	1	0	0	1	0	1	0	0	1	0	1	0	1	0	1	0	1	0	1	1	0	0	0	1	0	1	1	1	0	1	1	1	1	0	0	0	1	1	1	0	1	1	1	0	1	1	0	1	0	0	0	1	1	0	1	1	1	0	1	0	0	0	0	1	1	0	0	2	0	0	0	0	0	1	0	0	0	1	0	0	0	0	1	
0	1	1	0	0	1	1	1	2	0	1	0	0	1	0	1	1	0	0	1	1	1	1	1	0	0	1	1	2	0	1	0	0	0	0	0	2	1	1	0	1	1	1	0	1	1	0	0	0	0	1	0	1	0	0	0	1	1	0	0	0	0	0	0	0	1	0	1	1	0	0	1	0	1	0	1	1	0	1	1	0	1	1	0	0	0	0	0	1	0	0	1	0	1	0	0	0	0	0	0	
0	0	1	2	0	0	0	1	1	0	1	1	1	0	1	1	0	1	1	0	0	0	1	0	0	1	0	1	0	0	0	0	0	0	0	1	1	0	1	0	0	0	0	0	1	1	0	0	0	0	0	1	1	1	1	1	1	1	1	0	0	1	0	1	0	1	0	1	1	1	0	0	1	1	1	1	0	0	1	0	0	0	0	0	0	1	1	0	0	0	0	0	0	1	0	1	1	1	2	1	
0	0	0	1	0	1	1	1	0	0	0	1	0	1	0	2	1	0	0	0	0	0	1	0	0	0	1	0	1	1	1	0	1	1	1	1	1	0	0	1	0	0	1	0	0	0	1	1	0	1	1	0	1	1	1	0	1	0	0	0	0	0	0	0	1	1	1	0	0	0	0	1	0	0	0	0	0	1	1	1	0	1	1	0	0	1	0	1	1	1	1	1	0	0	0	0	1	0	1	1	
0	0	1	0	0	1	0	0	1	0	1	0	0	0	0	1	1	0	1	0	2	0	0	0	1	1	0	0	0	1	1	1	1	0	1	0	0	0	0	0	0	0	0	0	1	0	0	0	1	1	0	1	0	1	0	0	0	1	1	0	0	1	0	0	1	1	0	0	1	0	1	1	0	0	0	1	1	1	0	0	0	0	0	1	0	0	1	0	0	0	0	1	0	0	1	0	0	0	0	0	
0	0	1	1	0	0	0	1	1	0	1	2	0	1	1	0	1	0	0	0	0	1	0	0	0	0	2	1	1	0	1	2	1	1	1	1	0	1	0	0	1	0	1	1	0	0	1	0	1	1	0	0	1	1	1	2	1	1	1	0	1	0	2	0	0	1	1	1	0	0	0	2	0	1	0	1	0	1	1	0	1	0	1	0	0	0	0	0	0	0	2	0	0	1	1	0	1	1	0	0	
1	1	0	1	1	0	0	1	0	0	1	1	2	2	0	0	1	2	0	0	0	1	1	1	2	0	1	0	0	1	1	1	1	0	1	0	1	1	1	0	1	1	0	0	1	1	0	1	0	0	0	0	1	1	0	0	1	1	0	1	0	0	0	0	0	0	0	0	0	1	1	0	1	1	1	1	0	0	0	0	1	0	0	1	0	0	1	0	0	0	0	0	0	1	1	0	0	0	0	0	
1	0	1	1	0	1	0	0	0	1	1	1	1	1	0	0	1	0	0	0	1	2	0	1	0	1	1	0	1	0	0	0	1	0	1	2	1	0	0	0	1	0	1	0	0	1	0	1	1	1	0	1	0	0	0	0	1	1	1	0	1	1	0	1	0	0	0	1	0	0	0	1	0	0	0	1	0	0	0	1	1	0	1	1	1	0	0	1	1	0	0	1	1	1	0	0	1	1	1	1	
1	2	0	1	0	1	0	0	0	1	0	1	0	1	2	1	1	1	1	1	1	0	1	1	1	1	0	0	0	1	0	1	0	0	1	0	0	1	0	1	1	0	0	1	1	0	0	0	0	1	1	1	0	1	0	0	0	1	1	0	0	0	1	0	1	0	1	1	1	1	2	1	0	1	0	1	1	0	1	1	0	1	1	0	1	1	0	0	0	1	1	1	1	0	0	1	1	0	1	0	
1	0	1	0	1	1	0	0	0	1	0	1	0	1	1	0	1	1	0	0	1	1	0	1	0	0	1	1	0	0	0	1	0	0	1	0	0	1	1	1	0	0	0	1	1	0	0	0	0	1	1	1	1	1	0	0	0	0	1	0	1	1	1	0	0	1	0	1	1	1	1	1	0	1	0	1	0	1	1	1	1	1	0	0	1	1	1	0	1	1	1	0	0	1	1	1	0	1	0	1	
0	1	1	0	0	0	1	1	0	1	0	0	0	0	2	2	0	1	0	0	0	0	2	0	1	1	1	0	1	1	0	0	0	1	0	1	0	0	0	1	1	1	0	0	0	1	1	0	0	0	1	0	0	0	1	0	1	1	0	0	0	0	0	0	0	0	1	0	1	0	1	1	1	0	1	1	1	1	2	1	0	1	0	0	1	1	0	0	1	1	0	1	0	0	0	0	1	0	0	1	
0	0	0	0	1	0	0	0	0	0	0	0	0	2	1	1	0	1	0	1	0	0	0	0	0	1	0	1	1	0	0	0	0	1	1	1	0	1	1	1	0	0	1	0	1	0	0	1	0	1	0	0	0	0	0	1	1	0	1	1	0	1	0	1	1	1	1	0	1	0	1	0	1	0	0	1	1	1	1	1	0	0	0	1	1	0	0	0	0	0	0	0	0	0	0	0	0	1	0	0	
0	1	1	0	0	1	1	1	1	0	0	1	0	1	0	0	0	0	1	1	1	0	1	1	0	0	1	1	0	0	1	0	0	1	1	0	0	0	1	1	0	0	0	1	0	1	0	0	1	1	0	1	0	1	1	2	1	0	1	1	1	0	1	1	0	0	1	1	0	1	1	0	0	0	1	1	1	0	0	0	1	0	1	1	0	1	1	0	1	0	1	0	1	0	1	1	1	1	1	0	
1	1	1	0	1	1	0	0	1	2	1	0	1	2	0	2	1	1	0	0	0	1	1	0	1	0	1	0	1	0	0	1	0	1	1	0	0	1	1	1	2	0	1	1	1	0	1	0	0	0	0	1	1	0	0	1	0	1	0	1	1	0	0	0	0	1	1	0	1	1	1	0	1	1	0	1	1	1	1	0	1	1	1	0	0	2	0	0	1	0	1	0	0	1	0	0	1	1	0	1	
1	1	1	0	0	0	1	1	0	1	1	1	1	0	0	1	0	1	0	0	0	1	0	1	0	0	0	0	0	0	1	0	1	0	0	0	1	0	0	1	0	1	1	1	0	0	0	1	0	0	0	0	0	1	0	0	0	1	0	0	1	0	0	1	1	0	0	0	1	0	0	1	1	1	1	0	0	1	0	1	0	0	0	0	1	0	0	1	1	1	1	1	1	0	1	0	1	0	1	0	
0	0	1	0	1	0	1	1	1	1	1	0	0	1	1	0	1	0	1	2	0	0	1	0	0	1	0	1	1	1	0	0	0	1	0	0	1	1	0	0	0	0	0	0	0	1	1	1	1	0	0	1	0	0	1	1	0	1	0	0	1	0	0	0	1	0	1	1	1	1	0	0	0	0	0	0	1	0	1	1	0	0	1	1	0	0	0	1	0	0	1	0	0	1	0	1	0	1	2	1	
0	0	1	0	1	0	0	1	0	0	1	1	1	1	1	0	1	1	1	1	1	1	1	0	1	0	0	1	0	1	1	1	0	1	0	0	1	1	0	1	0	1	0	1	1	1	0	0	1	0	1	0	1	0	0	1	1	1	1	0	1	1	1	0	1	0	1	1	1	2	1	0	1	0	1	1	0	1	1	0	1	0	1	0	0	0	0	1	0	0	1	1	0	1	1	1	0	0	0	0	
1	1	0	0	1	0	0	0	0	0	1	1	1	1	2	1	1	1	1	0	0	1	0	0	1	1	1	1	1	1	0	0	1	1	0	1	1	0	1	1	1	1	0	1	1	0	1	1	0	1	1	1	0	1	0	1	1	0	0	0	0	0	1	1	1	0	0	0	1	1	0	1	0	1	1	0	0	0	1	0	1	0	0	1	0	1	1	1	0	1	0	0	1	1	0	0	0	1	1	1	
2	1	0	0	0	1	0	1	0	1	1	0	1	0	1	1	0	0	0	0	1	1	1	1	1	1	0	1	0	0	0	1	0	0	0	1	1	1	0	1	0	0	1	1	0	1	1	1	0	1	0	0	1	1	2	0	0	1	1	1	0	0	0	1	1	1	1	1	1	0	0	0	1	0	0	0	0	1	0	0	1	0	0	1	0	2	0	0	1	1	1	0	0	0	1	0	1	0	1	1	
0	2	0	1	0	1	1	0	1	1	1	1	0	0	1	1	1	0	0	1	0	0	0	1	2	1	0	1	0	0	1	1	0	0	1	1	1	0	1	1	1	0	0	0	1	0	1	1	0	0	0	0	0	0	0	0	1	0	1	0	1	0	1	1	0	0	1	0	1	0	1	1	0	0	1	1	0	0	0	1	0	1	1	1	1	0	0	0	1	0	1	0	0	1	1	1	1	0	1	0	
1	1	0	1	0	1	1	0	0	1	0	1	1	1	1	0	0	1	0	0	1	0	0	0	0	1	0	0	0	0	0	0	1	0	1	0	0	0	1	0	1	1	0	0	1	0	0	1	0	0	0	0	0	0	0	1	1	0	1	0	1	0	1	1	0	1	1	1	0	0	1	1	0	1	0	1	1	1	0	0	1	1	1	1	1	0	1	0	0	2	0	1	1	0	0	0	1	1	0	0	
0	1	0	0	1	1	1	1	1	0	0	0	0	1	0	1	1	1	1	0	0	0	1	0	1	0	0	0	0	1	1	0	1	1	1	0	1	1	1	0	1	1	0	1	1	0	0	1	0	1	1	0	1	0	0	1	0	1	0	1	0	1	1	0	2	0	0	1	1	0	1	1	0	0	1	1	0	0	0	1	1	0	1	1	0	0	0	0	1	0	1	1	1	0	0	1	0	0	1	0	
1	0	0	0	0	1	0	0	0	1	1	0	1	1	1	1	1	0	0	0	0	1	1	1	1	1	0	1	0	0	1	1	1	1	1	1	1	1	1	1	1	0	2	0	1	0	0	2	1	0	1	1	0	1	1	1	1	1	0	0	1	0	1	1	1	1	0	1	1	1	1	1	0	1	1	0	0	0	1	0	0	1	0	1	0	0	0	1	0	1	1	0	0	1	1	0	0	1	0	1	
0	1	0	1	1	1	1	0	0	0	0	1	0	0	0	0	0	1	1	1	1	0	1	1	0	0	0	0	0	1	0	1	0	0	0	0	0	0	1	0	1	0	0	0	1	0	1	1	0	0	1	1	1	0	1	1	1	0	1	0	1	1	1	0	0	1	1	0	1	0	0	0	1	0	0	0	0	1	0	2	1	1	1	1	0	1	0	0	0	1	1	1	0	0	1	1	1	1	1	0	
1	1	0	1	0	0	0	1	1	1	1	1	1	0	0	1	1	0	1	1	1	1	0	0	1	0	0	1	1	0	1	0	1	0	1	0	1	0	0	1	1	0	1	0	1	1	1	0	0	0	0	0	1	1	0	1	1	0	0	1	1	1	0	1	1	0	0	1	0	1	1	0	0	1	1	0	1	1	1	0	0	1	0	1	0	0	1	1	0	0	1	1	0	0	0	1	1	1	0	0	
2	1	0	1	1	0	1	0	1	0	0	0	1	1	1	0	0	2	0	0	0	1	1	0	0	0	1	0	0	0	1	1	0	0	1	0	0	0	1	1	0	0	1	1	1	0	1	0	1	1	1	0	0	0	0	0	1	1	1	1	1	1	0	0	0	1	0	1	1	1	1	0	0	0	0	1	1	1	1	1	1	1	0	0	0	0	0	1	0	1	1	1	0	0	0	0	0	1	0	1	
0	0	1	0	1	1	0	0	0	0	0	1	0	0	0	0	1	0	0	1	0	1	0	0	1	0	1	0	0	0	2	0	0	1	1	1	1	0	1	1	1	0	1	1	0	0	1	1	1	1	0	0	1	1	1	0	1	0	0	0	1	0	0	0	1	1	0	0	0	0	0	1	1	1	0	1	2	1	0	0	0	1	0	0	1	1	0	1	0	0	1	1	1	0	2	1	1	0	0	1	
1	0	0	1	0	0	1	0	0	1	1	1	0	1	0	1	0	0	0	1	0	0	1	1	0	1	0	0	1	0	1	0	0	1	1	0	0	1	0	1	0	0	1	0	0	1	1	1	0	2	0	0	0	1	1	1	0	1	1	1	1	1	1	0	1	0	0	0	0	0	0	0	1	0	0	1	1	1	1	1	1	1	1	0	0	1	0	1	0	0	1	1	1	1	1	0	0	0	0	0	
2	0	0	0	0	0	1	0	0	0	0	1	0	0	0	0	1	0	1	1	1	0	0	1	0	0	1	0	0	1	1	1	1	0	0	1	1	0	0	0	0	1	0	0	0	1	0	1	1	1	0	0	0	0	0	1	1	1	0	1	1	0	0	1	1	1	1	0	0	2	0	2	0	1	0	1	0	0	0	0	1	1	0	0	1	1	1	1	1	0	0	0	0	0	1	0	1	0	1	0	
0	2	0	1	0	1	0	0	1	2	1	0	1	1	0	0	0	1	1	0	1	0	0	1	0	0	1	1	0	1	1	0	1	0	0	0	0	0	0	0	1	0	1	0	0	1	0	1	0	1	1	1	0	0	0	0	0	0	2	0	0	1	1	0	0	0	1	0	1	1	1	0	1	0	0	1	0	1	0	1	1	2	1	0	1	0	1	0	1	0	1	1	1	0	0	1	0	1	1	1	
1	1	1	1	1	1	0	1	0	1	0	0	1	2	0	0	0	1	1	1	0	1	0	0	1	0	1	1	0	0	1	0	0	1	1	0	1	0	1	1	0	1	0	1	0	0	1	2	0	0	0	0	0	1	1	1	1	0	0	0	1	1	0	1	1	0	0	0	0	1	0	0	0	1	1	1	0	1	0	0	0	1	1	1	1	1	0	1	0	0	1	0	0	1	0	1	1	1	1	0	
1	1	0	1	1	1	1	1	0	1	1	1	0	1	0	1	1	0	1	0	0	1	1	0	0	1	1	1	0	0	0	0	0	1	1	1	1	0	1	1	0	1	2	0	1	1	1	1	1	0	0	0	0	1	0	1	0	1	0	0	1	0	1	0	1	1	0	1	0	0	1	1	0	0	0	1	0	1	1	0	0	1	1	0	1	0	0	1	0	1	0	0	1	0	0	0	0	1	1	1	
0	1	1	0	0	0	0	0	0	1	1	1	0	0	1	0	0	0	1	0	0	1	0	1	0	0	0	1	0	0	1	1	0	0	1	0	1	0	1	0	0	0	0	1	1	0	0	1	0	1	1	0	1	0	1	0	1	0	1	1	1	0	1	0	1	1	0	1	0	0	0	0	0	1	1	1	0	1	0	0	1	0	0	0	0	1	1	1	1	0	0	2	1	1	1	0	1	0	0	0	
1	0	0	0	1	1	1	0	0	0	0	0	1	0	1	0	0	0	1	1	0	0	0	1	0	1	0	1	1	0	0	1	1	0	0	1	1	1	0	1	1	1	1	0	1	1	1	0	0	0	1	0	0	1	1	1	1	1	1	0	0	1	1	0	1	1	0	1	0	1	1	2	0	1	0	1	1	0	1	1	1	1	1	1	1	1	0	0	1	0	0	0	0	1	0	0	1	1	0	1	
0	0	0	0	0	0	1	0	1	0	0	0	0	0	1	1	0	0	1	0	0	1	0	1	0	0	1	0	0	0	2	0	1	0	1	0	0	0	1	1	1	0	0	0	1	0	0	0	0	0	1	1	1	0	1	1	1	1	1	0	0	0	0	1	0	1	0	1	0	1	0	0	0	0	0	0	2	0	0	1	0	0	1	0	0	1	1	0	1	1	0	0	2	0	1	1	0	2	1	0	
0	0	1	0	0	1	0	0	0	0	1	0	1	0	0	0	1	0	1	1	1	0	1	1	1	1	1	0	1	0	1	0	0	0	1	0	0	0	1	0	0	0	1	1	1	0	0	0	1	1	1	1	0	2	2	1	0	0	0	0	1	1	0	0	0	0	1	0	1	1	1	1	0	0	1	0	1	1	1	0	1	0	0	0	1	0	1	1	0	1	0	0	0	1	0	0	1	2	1	1	
1	2	0	1	1	1	0	0	1	1	0	1	1	0	1	1	0	1	1	0	2	1	1	1	1	1	1	1	1	1	0	0	0	0	0	1	0	0	1	0	1	1	0	0	0	0	1	0	0	0	1	0	0	0	1	0	0	0	1	1	2	0	1	1	1	1	0	1	0	0	1	0	1	1	1	1	0	0	1	1	1	1	1	1	1	1	0	0	0	1	1	1	0	0	0	1	0	0	1	0	
2	1	1	1	1	2	0	1	0	1	1	1	2	1	1	1	0	0	1	0	0	1	1	0	1	0	1	0	1	0	1	0	1	1	1	1	0	0	1	0	1	2	0	0	0	0	1	0	1	1	1	1	0	1	1	0	1	1	0	1	0	0	0	0	0	1	2	1	0	0	1	0	1	1	1	0	0	0	1	1	1	1	1	0	2	0	0	0	0	1	1	1	1	1	0	1	0	0	0	1	
0	0	0	1	0	0	1	2	1	0	0	0	1	1	0	1	1	1	0	0	0	0	0	0	1	0	1	1	0	1	0	0	0	1	0	1	0	0	0	0	1	1	0	0	1	0	1	1	1	0	1	0	0	0	0	1	0	0	1	1	1	0	1	1	0	1	0	1	0	0	0	0	0	0	0	1	1	0	1	1	0	0	1	0	0	0	0	1	1	0	1	0	0	1	1	1	0	0	1	1	
0	0	0	0	1	0	1	1	1	1	1	1	0	1	1	1	1	1	0	1	1	1	0	0	0	0	0	0	1	0	1	1	1	1	0	0	1	0	1	0	1	1	0	0	0	1	1	1	0	1	1	0	0	0	0	1	2	0	0	1	1	0	1	1	1	1	1	1	1	1	0	1	0	1	2	1	2	0	1	2	1	0	1	0	1	0	1	0	0	1	1	0	0	0	1	0	1	0	0	1	
1	1	1	1	0	0	1	1	1	1	0	1	2	1	1	0	1	0	1	1	1	1	1	0	0	0	1	1	0	0	1	1	1	0	1	1	1	1	1	0	0	0	1	0	1	1	0	1	0	0	1	0	1	1	1	1	0	0	1	1	1	1	0	2	1	1	1	0	0	1	1	1	1	1	0	0	1	1	1	1	1	0	1	0	1	1	0	0	0	0	0	1	0	1	1	1	1	0	1	1	
1	1	0	1	2	0	1	1	0	0	0	0	0	0	1	0	0	0	1	0	1	1	1	0	0	0	0	0	0	0	0	0	0	1	1	0	1	1	0	0	0	1	0	1	1	1	1	1	0	1	1	1	1	0	0	0	1	0	1	0	1	0	0	1	0	1	0	1	1	1	1	0	1	0	1	0	0	0	1	0	0	0	2	0	0	0	0	0	0	1	0	0	2	1	0	1	0	0	1	0	
1	0	0	0	0	0	1	2	1	0	1	2	0	1	0	1	0	0	1	1	1	1	1	1	0	0	0	0	1	0	1	2	0	0	0	0	2	1	0	0	0	1	1	1	0	1	1	0	1	1	1	0	1	0	0	1	1	0	0	0	0	0	0	0	1	0	0	1	1	1	0	1	0	0	0	1	1	1	1	1	1	1	1	0	1	1	0	1	1	1	1	1	0	1	0	0	0	0	1	0	
1	0	1	1	1	0	0	1	1	1	0	1	1	0	0	0	1	0	1	1	1	0	0	2	0	0	0	1	0	1	0	1	0	1	1	1	0	0	0	1	1	1	0	1	1	0	0	1	0	0	0	1	0	0	1	1	0	1	0	1	0	1	0	1	1	1	0	1	0	0	0	0	1	0	1	0	0	0	0	1	0	0	0	0	1	0	1	1	1	0	0	2	1	0	0	1	0	1	1	0	
0	0	1	0	1	0	1	1	0	1	1	0	1	0	0	0	1	1	0	1	0	0	0	1	0	0	1	0	0	0	0	0	0	0	0	1	0	0	0	0	1	0	1	1	1	1	1	1	1	1	1	0	0	0	0	1	0	0	0	0	1	0	1	0	0	1	1	0	1	1	0	1	0	1	1	0	0	1	0	1	1	1	0	0	1	0	0	0	1	1	0	0	1	1	1	0	0	1	0	1	
1	1	0	0	1	0	0	1	0	1	2	1	0	1	2	0	0	1	1	0	0	0	1	0	0	0	1	1	1	0	0	2	0	1	1	0	0	0	0	1	0	0	1	1	0	0	0	0	0	1	1	0	0	0	0	1	0	0	1	1	2	1	0	0	1	0	1	1	1	1	0	0	1	0	0	1	0	1	0	0	0	1	1	1	0	0	1	1	0	1	1	0	1	1	1	1	0	1	1	1	
1	0	0	1	0	0	1	0	0	1	1	0	0	0	0	1	0	1	0	0	0	1	1	1	0	1	0	0	0	1	1	1	1	1	1	1	1	1	0	1	0	0	1	0	1	1	2	0	0	0	0	1	1	0	1	1	0	1	0	0	0	0	0	1	1	1	0	0	0	0	0	0	1	0	1	1	0	1	1	1	1	0	0	2	1	1	1	0	1	1	0	1	1	1	0	0	1	1	1	0	
1	1	1	1	0	1	0	1	1	0	2	1	0	0	0	0	0	0	0	0	1	1	1	1	0	1	0	1	1	0	1	0	1	0	0	1	1	0	1	0	0	1	0	0	1	1	1	0	0	0	1	0	1	1	0	1	0	1	0	1	0	0	0	1	1	1	0	1	0	0	0	1	0	1	1	1	0	1	1	1	1	1	0	0	0	1	1	0	1	1	0	1	0	0	1	1	0	1	0	1	
0	1	0	0	1	0	1	1	2	0	1	1	0	0	1	0	0	0	1	1	1	1	1	1	1	1	1	0	0	0	1	1	0	0	1	0	1	1	1	0	1	0	0	0	0	1	1	0	1	0	1	1	1	0	0	0	1	1	1	1	1	0	0	0	1	1	0	2	1	1	0	1	0	0	1	0	0	0	0	1	1	1	1	0	0	0	1	1	0	0	1	1	1	0	0	1	1	0	0	1	
0	1	1	1	1	1	0	0	0	1	0	1	0	0	0	1	1	0	1	0	0	1	0	1	1	0	1	1	0	1	0	0	1	0	1	0	0	0	0	1	0	1	0	1	0	0	0	0	1	0	0	1	0	1	1	1	1	1	0	1	0	1	1	1	1	1	0	1	1	1	1	0	1	0	1	0	0	1	0	0	0	1	0	2	0	1	0	0	1	1	2	0	0	0	0	0	0	1	1	1	
1	1	0	2	1	0	0	0	2	1	0	1	0	0	0	0	0	1	1	1	0	0	1	1	0	1	0	0	1	1	0	1	0	0	0	0	1	0	0	1	0	0	0	1	0	1	1	1	0	1	0	2	1	0	1	0	0	1	1	0	1	0	1	1	0	0	0	0	1	1	0	0	1	1	0	0	0	1	0	0	1	1	0	1	1	0	1	1	0	0	1	1	0	1	0	1	1	0	1	1	
0	1	0	0	1	1	1	1	0	0	0	0	0	1	2	0	0	0	1	0	0	0	0	0	1	1	0	0	0	0	0	0	1	1	1	1	1	0	1	2	1	2	1	0	0	1	1	0	0	0	1	1	1	0	0	1	1	1	0	1	1	2	1	0	0	0	0	0	0	0	1	1	0	0	1	1	0	0	1	0	0	1	0	0	1	0	0	1	1	0	1	1	1	1	0	1	0	1	1	1	
1	1	1	1	1	1	1	1	0	0	1	0	1	0	1	0	0	0	0	1	0	1	0	0	0	1	1	1	0	0	1	1	1	0	1	0	0	0	0	0	1	2	0	1	1	1	1	0	1	0	1	0	0	0	1	1	1	1	0	1	1	1	0	1	0	0	1	1	0	0	0	1	1	0	0	0	1	1	0	1	0	1	0	0	0	1	0	1	1	1	0	1	1	0	0	0	1	0	1	0	
1	1	1	0	0	1	0	0	2	1	1	0	0	0	0	1	0	0	0	1	1	1	0	0	0	0	0	1	0	0	1	0	1	0	1	1	0	0	1	2	0	0	0	1	1	0	0	0	0	0	1	1	0	0	0	0	0	0	1	1	1	0	1	1	0	0	0	0	0	0	0	1	1	1	1	2	1	1	1	0	0	1	0	1	1	1	1	1	0	1	0	1	1	0	1	1	1	0	0	1	
1	1	0	1	0	0	1	0	1	1	1	0	0	1	1	1	1	0	1	1	0	1	0	1	0	1	0	1	0	1	1	0	1	0	1	0	1	0	1	1	0	1	1	1	1	1	0	0	1	1	1	0	0	1	0	1	0	0	0	0	1	0	0	1	1	1	1	0	0	1	0	0	1	0	0	0	0	0	1	0	0	1	1	1	0	1	1	1	1	0	1	0	1	1	1	1	1	1	1	1	
1	0	0	1	1	0	0	1	0	1	1	0	0	1	1	0	0	1	0	1	1	0	0	0	1	1	1	1	0	2	0	1	1	1	0	2	2	1	1	1	0	0	1	1	1	0	2	1	1	0	1	1	1	1	0	1	0	0	1	0	0	0	0	0	1	0	1	1	0	1	1	0	0	0	0	1	1	1	0	0	1	1	1	0	1	0	0	1	1	1	1	0	1	0	0	0	1	0	0	0	
0	1	2	1	0	0	0	2	1	0	1	1	0	0	0	1	0	0	1	1	1	1	1	0	0	1	0	0	0	0	1	0	0	1	0	1	0	1	1	0	1	1	2	1	1	1	0	0	0	0	0	0	0	1	0	1	1	0	0	1	0	1	1	1	0	0	0	0	0	1	1	0	0	0	0	0	0	1	0	1	1	1	1	2	0	0	1	1	1	1	0	1	1	0	0	1	0	1	1	1	
1	0	1	0	1	1	1	1	1	1	1	1	0	1	0	0	0	1	0	0	0	1	1	2	1	0	0	1	0	1	0	0	0	0	1	0	1	1	2	0	0	0	1	0	1	0	1	0	0	0	1	0	1	1	0	0	0	0	0	0	0	1	1	0	0	1	1	1	1	1	1	1	0	1	0	0	1	0	0	0	0	0	1	0	1	1	1	0	0	0	0	1	1	1	0	1	0	0	1	1	
0	1	1	0	0	0	0	1	1	1	0	0	0	1	1	0	1	0	0	2	0	1	1	1	0	1	0	1	0	0	0	1	1	1	0	1	0	0	1	0	1	1	1	0	1	1	1	0	0	0	1	0	1	1	1	1	1	1	1	1	0	0	1	1	0	0	1	1	1	0	0	1	0	0	1	1	1	2	1	0	1	0	0	1	0	0	1	0	1	1	1	1	0	0	1	1	1	1	0	1	
0	1	1	0	0	1	0	1	1	0	0	0	0	1	0	0	0	0	0	1	1	0	1	0	0	0	0	1	1	0	1	0	0	1	1	0	1	0	0	1	0	1	0	1	0	0	1	1	0	1	0	0	0	1	1	0	1	0	1	1	0	1	0	0	1	1	0	0	1	0	2	1	0	1	0	0	0	1	1	0	0	0	0	0	0	0	1	2	0	1	1	1	1	1	0	1	1	1	1	0	
0	1	0	0	1	0	1	0	0	1	0	1	1	1	0	1	0	0	0	1	0	0	1	1	0	0	0	1	0	1	1	1	0	0	0	0	0	0	0	1	0	0	1	1	0	0	0	2	1	0	0	1	0	1	1	1	0	0	0	0	1	0	1	1	1	1	0	1	1	2	1	0	1	1	1	0	1	1	1	0	0	1	1	1	0	0	1	2	0	1	0	0	1	1	0	2	1	1	0	1	
1	1	0	0	0	0	1	1	1	0	0	1	0	1	1	0	1	0	0	1	1	0	1	0	0	1	0	1	0	0	1	0	1	1	1	1	1	1	0	1	0	0	0	0	0	0	1	0	1	1	0	0	1	0	1	0	1	0	1	0	0	0	1	0	1	0	0	1	1	1	1	0	0	0	0	0	1	0	0	0	0	0	0	0	1	0	1	1	0	1	1	1	1	0	1	1	0	0	0	1	
0	1	0	0	0	1	1	1	1	1	1	0	0	1	1	0	0	1	0	1	1	0	1	1	1	1	0	0	1	0	0	1	0	0	1	1	1	0	0	0	1	0	2	0	0	1	1	1	1	0	0	1	0	1	1	0	0	1	0	1	0	0	1	0	1	1	1	1	0	0	0	1	0	1	0	1	0	0	1	0	0	0	1	0	1	1	0	0	1	1	0	0	0	1	1	0	1	0	0	0	
1	1	1	0	1	0	0	1	1	0	0	0	1	0	0	0	1	1	1	1	1	0	1	1	0	1	1	1	1	0	1	1	2	0	1	0	1	0	0	0	1	0	0	1	0	1	0	0	0	0	0	1	0	0	1	2	1	2	0	0	1	1	0	0	0	0	0	1	0	1	1	0	1	0	0	0	0	1	0	0	0	1	1	1	0	1	1	0	1	0	1	1	0	1	1	0	1	1	0	1	
0	1	0	0	1	0	1	1	1	1	1	0	0	0	1	1	1	1	0	1	1	1	1	0	1	2	0	0	1	1	0	1	0	0	1	1	0	1	0	2	1	0	0	1	0	1	0	0	0	1	0	1	0	0	1	1	0	0	1	0	1	0	1	0	1	0	0	0	1	0	0	0	2	1	1	1	0	0	1	1	1	0	0	0	0	0	0	1	0	0	1	0	1	1	0	0	1	0	0	1	
1	0	0	1	0	1	1	1	0	1	1	0	1	0	0	0	0	1	0	0	0	0	1	1	0	1	0	1	0	1	0	0	2	1	0	0	2	0	0	0	1	1	1	1	0	0	0	0	0	1	0	1	0	0	1	0	1	1	0	2	1	0	1	1	0	1	1	1	0	1	0	1	0	0	0	0	1	1	0	1	1	1	1	1	0	1	2	1	1	0	1	0	0	1	1	0	0	0	0	0	
0	1	1	1	0	0	0	0	0	1	0	0	1	0	0	0	0	1	2	0	1	0	1	0	0	1	1	0	1	1	1	1	0	0	0	1	1	0	0	0	1	1	0	1	1	0	1	1	1	0	0	1	0	0	1	1	0	1	0	0	0	1	0	0	0	0	1	0	0	1	1	1	0	1	1	0	0	1	0	0	0	1	1	1	0	0	1	1	0	0	0	0	0	0	0	1	0	0	0	1	
1	1	1	0	0	1	1	1	1	1	0	0	1	1	0	2	0	1	1	1	1	1	0	0	1	0	1	0	1	0	0	1	1	0	1	0	1	1	0	1	0	1	1	0	0	0	0	0	0	1	1	1	0	0	1	1	1	0	0	1	0	0	0	0	0	0	1	0	1	0	0	0	1	1	0	1	1	1	1	1	0	1	0	1	0	1	1	1	1	1	1	0	1	1	0	0	2	0	1	0	
0	0	1	1	1	1	1	1	0	1	1	1	2	1	1	1	0	1	1	0	1	0	1	0	0	1	1	1	1	0	1	1	1	0	1	0	1	1	1	0	0	1	0	1	0	1	1	0	0	1	0	0	1	0	1	0	1	1	1	1	0	0	1	0	0	0	0	0	1	1	0	1	0	0	0	1	0	2	1	0	1	0	0	1	0	1	0	1	0	1	0	1	0	0	1	1	1	0	1	0	
1	1	1	1	1	0	1	1	0	0	0	0	1	1	1	0	2	0	2	0	1	1	2	1	0	1	0	0	1	1	1	0	0	0	1	1	1	0	0	1	1	1	1	1	1	0	1	1	0	0	1	1	0	1	1	1	1	0	0	1	1	0	1	0	0	1	0	0	0	1	0	1	2	1	0	0	1	0	0	1	0	1	0	0	0	0	1	0	0	1	1	0	1	0	0	0	1	1	1	1	
1	0	0	0	1	0	0	1	0	0	0	1	0	2	0	0	1	1	1	0	1	1	1	1	0	1	0	1	0	1	1	0	1	1	0	1	1	1	0	1	0	0	0	1	0	0	1	1	1	0	1	0	0	0	0	1	0	0	0	1	1	1	1	0	2	0	1	2	1	0	1	1	0	1	0	1	0	0	0	0	1	0	1	0	0	0	0	1	1	0	0	0	1	0	1	0	1	2	1	0	
0	1	1	0	2	1	2	1	1	1	1	0	0	0	1	1	1	0	1	1	1	0	1	0	0	1	0	0	0	1	1	0	1	1	1	1	0	0	1	1	2	0	0	1	1	0	0	1	0	0	1	0	0	2	1	1	1	0	0	1	0	1	0	0	1	1	0	0	1	0	0	1	1	0	0	1	0	1	0	1	1	0	1	0	0	0	1	0	0	1	0	1	0	0	0	1	0	1	1	0	
1	1	0	1	0	1	1	1	1	1	1	1	0	0	0	1	1	1	0	1	1	0	1	1	1	1	0	1	1	0	0	0	0	1	0	1	1	0	1	1	1	1	1	0	1	1	1	1	0	0	1	0	1	0	1	0	0	0	0	0	0	1	0	1	0	0	0	0	1	0	0	1	0	1	1	0	1	1	1	1	0	1	1	0	1	1	0	1	0	1	1	0	1	1	1	1	0	0	1	0	
0	0	0	0	0	1	0	0	1	1	0	0	0	1	0	1	1	0	1	0	0	0	1	1	1	0	1	1	1	1	0	2	0	0	0	0	1	0	0	1	0	0	0	1	0	0	0	1	0	1	1	1	0	0	0	1	0	1	0	0	0	1	1	1	1	0	0	0	0	1	1	0	0	1	0	0	0	0	0	1	0	0	0	0	1	0	1	1	0	1	0	0	1	1	1	0	1	1	2	0	
1	1	0	0	1	1	0	1	1	0	0	1	0	0	1	1	1	1	0	0	1	1	1	0	1	1	0	0	0	0	1	0	1	2	0	1	1	1	0	1	1	1	1	1	2	0	0	0	0	0	0	1	1	0	1	1	1	0	0	0	1	0	0	1	1	0	0	1	0	0	2	0	0	2	0	0	0	0	0	0	0	0	0	1	1	1	1	0	0	1	1	1	2	0	0	1	1	1	0	1	
0	1	1	0	0	0	1	1	1	1	1	1	0	1	0	1	1	0	1	0	1	1	0	0	1	0	1	1	1	0	0	1	0	0	0	0	1	1	1	1	0	0	1	1	0	0	0	1	0	0	1	1	0	0	1	1	0	1	0	1	1	1	0	1	1	1	0	1	0	1	0	0	0	0	1	1	1	1	0	1	1	1	1	1	0	1	0	0	1	0	2	1	0	1	1	1	0	1	1	0	
1	0	0	1	1	0	0	0	0	1	0	1	0	1	0	1	0	1	1	1	0	0	1	1	0	1	2	1	1	1	0	0	1	1	0	0	1	1	0	1	0	0	0	0	0	1	1	1	1	1	1	2	0	1	0	0	0	0	1	2	0	0	0	0	1	0	1	0	0	1	0	0	1	0	1	1	1	1	1	1	1	1	1	1	0	0	1	0	1	1	0	0	0	0	1	1	0	0	1	0	
0	0	0	1	1	1	1	1	0	0	0	1	1	0	1	1	0	1	1	0	1	0	1	0	0	1	0	1	0	0	0	0	0	0	1	0	0	1	1	1	0	0	0	0	1	0	0	0	1	0	0	1	0	0	0	0	0	0	1	1	1	1	1	0	0	0	1	0	1	1	0	0	0	1	1	1	1	0	0	0	1	0	0	1	1	0	0	1	0	1	0	0	1	1	1	1	1	0	1	0	
0	0	1	0	0	1	1	1	0	0	1	1	1	0	0	0	1	1	0	1	1	0	0	1	0	0	1	0	0	0	1	0	0	0	1	0	1	0	1	1	1	0	1	0	0	1	0	0	0	1	1	0	0	1	0	1	0	1	0	0	1	1	1	0	0	0	1	2	0	1	1	2	0	0	0	0	0	1	1	1	1	0	0	1	1	0	1	1	1	0	1	1	1	0	0	0	0	1	1	0	
2	1	1	0	1	0	0	1	0	0	1	1	1	0	0	1	1	0	1	1	1	1	0	0	0	0	0	1	0	1	1	0	1	0	1	1	0	1	0	1	1	1	1	0	1	0	1	1	1	0	0	0	0	1	1	0	0	0	1	1	0	1	0	0	0	0	1	1	1	1	1	1	1	0	0	0	1	1	0	1	1	1	0	1	0	0	0	0	1	0	0	0	0	0	0	0	1	1	1	0	
0	1	0	0	1	0	2	0	0	1	1	0	1	1	0	1	0	1	1	0	0	0	1	1	1	1	1	1	1	1	1	0	0	0	0	1	0	0	1	1	1	1	0	0	1	1	1	0	0	1	0	0	0	1	1	1	0	0	1	1	1	0	1	0	0	0	1	1	1	1	1	0	0	1	2	0	0	0	0	0	0	0	2	0	1	1	2	1	1	0	0	1	0	1	1	0	0	1	0	1	
0	1	1	0	0	1	1	1	0	1	0	0	1	1	0	0	1	0	0	1	0	0	0	1	0	1	1	1	0	2	1	0	2	1	1	1	0	1	0	0	0	0	0	0	1	0	0	0	0	0	1	1	1	1	1	0	0	0	1	1	1	0	1	0	0	1	1	0	0	0	1	0	1	0	1	1	1	0	0	0	1	1	1	1	0	1	0	1	0	1	0	1	0	0	1	1	0	0	0	1	
1	0	0	1	2	1	1	1	1	1	0	0	1	1	0	0	0	1	0	0	0	0	0	1	1	1	0	0	0	1	0	1	0	1	0	0	1	1	0	0	1	1	2	0	0	0	1	1	0	1	1	1	0	0	0	0	1	1	1	1	1	0	1	0	0	1	1	0	1	0	1	0	0	1	1	0	1	1	1	1	1	1	0	0	1	0	0	1	1	0	0	0	1	0	0	1	0	0	1	1	
0	1	1	1	1	1	1	1	1	1	1	1	0	1	1	0	1	0	0	1	1	0	0	0	0	1	0	1	1	1	1	1	0	1	1	1	1	0	0	1	0	1	1	0	0	0	1	1	1	1	1	0	1	1	2	0	0	0	0	0	1	0	0	0	0	0	0	1	0	0	0	1	1	1	0	1	1	0	0	0	1	1	1	0	1	0	0	1	1	0	1	2	0	0	1	1	1	1	1	1	
0	1	0	1	0	0	0	1	0	1	0	0	0	1	1	0	1	1	0	1	0	0	0	0	0	1	0	0	1	0	0	1	1	0	1	0	0	0	0	0	0	1	0	1	1	1	0	0	0	1	0	1	0	0	0	1	1	1	1	1	0	0	0	1	0	0	0	0	0	1	0	0	1	0	0	0	1	2	1	0	1	1	0	0	1	0	0	0	0	0	2	0	0	1	0	1	1	0	1	1	
1	0	0	1	1	1	0	1	0	0	0	2	1	0	1	0	1	0	0	1	0	0	0	1	0	1	1	1	1	0	1	0	0	1	1	1	0	1	0	1	0	1	0	0	0	0	1	0	0	1	1	0	1	0	1	0	0	0	1	0	0	0	1	0	0	1	0	0	1	1	0	1	0	0	1	0	0	0	1	0	0	0	1	0	1	0	1	2	1	0	0	0	1	1	1	1	0	0	0	0	
1	0	1	0	0	0	1	1	0	1	0	0	0	0	0	1	2	0	0	0	1	1	1	1	0	1	0	1	1	1	1	1	1	0	1	1	0	0	1	0	0	1	0	0	0	0	0	1	0	0	1	1	1	1	1	1	1	1	0	0	1	0	1	1	0	0	0	0	0	0	0	0	1	0	1	1	1	0	1	0	0	1	1	0	0	0	1	0	0	1	1	0	1	1	0	0	1	0	0	0	
0	0	0	1	1	1	0	0	0	0	1	0	1	0	0	0	0	1	0	0	1	0	1	2	1	0	0	0	1	1	2	2	0	1	0	1	0	1	1	1	1	1	0	1	0	1	1	1	1	1	0	1	0	0	1	1	0	0	0	1	1	1	1	1	0	0	0	1	1	1	0	0	1	0	0	0	0	0	0	0	0	0	0	0	1	1	0	1	0	2	0	0	0	1	1	1	0	0	1	2	
1	1	1	1	0	0	0	1	0	1	0	0	0	0	1	1	0	1	1	1	0	1	0	0	0	1	1	1	1	2	1	1	0	1	1	0	1	1	1	1	0	0	0	1	0	0	1	0	1	0	0	0	1	0	1	1	1	1	0	0	0	2	1	1	1	0	0	1	0	0	0	2	0	0	1	1	1	1	0	1	0	0	0	1	0	0	1	0	0	0	1	0	1	1	0	0	1	0	0	0	
0	1	1	0	0	0	0	0	0	1	0	0	0	1	0	0	0	1	0	0	0	0	1	1	0	1	0	0	0	1	1	1	0	1	0	1	0	1	0	0	0	0	0	1	0	0	1	0	1	0	0	0	1	1	1	0	1	0	1	0	2	0	0	0	0	0	0	0	1	0	1	1	0	1	1	0	0	1	0	0	0	1	0	1	0	1	1	2	0	0	0	1	1	1	1	0	0	1	1	0	
0	0	1	1	0	1	1	1	2	0	0	1	0	1	1	0	0	0	1	1	1	1	1	1	0	0	0	0	0	1	0	0	1	0	0	0	0	0	1	1	1	1	1	0	1	1	1	1	0	1	0	1	0	0	1	0	1	0	1	0	0	2	1	1	1	1	0	0	0	1	0	1	1	0	0	1	0	1	0	1	0	1	1	1	0	1	1	0	2	1	0	0	0	0	0	1	0	1	1	0	
1	1	0	0	0	2	0	1	0	1	0	0	0	1	0	0	1	0	0	1	0	1	0	0	0	1	0	1	1	1	0	0	1	1	1	0	0	1	1	0	0	1	1	0	0	0	0	1	0	1	0	1	1	1	0	1	1	1	1	1	0	1	0	1	0	0	1	0	1	0	1	0	0	0	0	0	1	0	1	0	0	1	1	0	0	1	1	0	0	0	1	0	1	1	0	0	0	1	0	1	
1	0	0	1	0	1	0	1	0	0	1	0	0	1	0	0	0	1	1	1	0	0	0	0	0	0	1	1	0	0	0	0	0	1	0	1	0	1	0	0	0	1	1	0	1	0	1	0	0	0	0	1	1	1	0	0	0	0	1	0	1	1	1	1	1	2	1	1	1	0	1	0	0	0	1	1	1	1	2	1	0	0	0	0	1	1	0	0	0	0	0	0	0	1	0	1	1	1	1	0	
0	1	0	0	1	1	1	1	1	0	1	0	1	1	1	1	0	1	0	0	1	0	1	1	1	0	1	0	1	1	1	1	0	1	0	0	1	1	1	0	0	0	1	1	0	2	0	0	1	1	0	0	0	0	0	1	0	1	0	0	0	0	0	1	0	0	0	0	1	0	0	0	0	0	0	1	0	1	1	1	0	1	2	0	1	1	1	1	1	0	1	0	0	0	0	1	1	0	1	0	
1	1	1	1	0	0	1	0	0	1	0	0	0	0	1	0	0	1	1	0	1	0	1	1	1	1	0	0	0	0	1	0	1	1	1	0	0	1	0	1	1	1	1	0	1	0	1	2	1	1	0	0	1	1	1	0	0	1	0	0	1	0	1	0	0	0	0	1	0	1	1	0	1	1	1	1	0	2	1	0	1	1	1	1	0	0	1	0	0	1	0	0	1	1	1	0	0	0	0	0	
1	1	0	0	0	0	0	2	1	0	0	0	1	1	1	0	1	1	0	1	0	1	0	1	1	1	0	0	1	1	0	1	1	0	1	1	0	1	1	0	1	1	1	0	0	0	0	1	1	1	1	0	0	0	0	0	0	1	0	0	1	1	0	1	0	0	0	0	1	1	0	0	0	1	0	0	0	1	1	1	0	1	2	1	2	2	0	0	0	0	1	0	1	0	1	0	0	1	0	0	
1	0	0	1	0	1	1	0	0	0	0	0	1	1	0	1	2	0	0	1	0	1	1	1	1	1	1	0	2	1	0	1	0	1	2	1	0	0	1	0	1	1	0	1	1	0	2	0	0	0	0	1	1	1	1	1	0	0	0	0	0	1	1	0	1	1	0	1	0	0	1	0	0	1	1	0	1	1	1	1	0	1	1	1	1	1	1	1	0	1	1	1	1	1	1	0	0	0	0	0	
1	1	0	0	2	1	1	0	1	0	0	1	1	0	1	1	1	0	0	1	0	0	0	1	1	1	0	1	1	0	0	0	1	1	1	0	0	0	0	0	1	0	0	0	1	0	0	0	0	1	1	1	1	0	0	0	0	0	0	1	0	0	1	1	1	0	0	0	1	1	0	0	1	1	1	0	1	1	0	1	1	1	0	1	1	0	1	1	1	0	1	0	0	1	0	1	0	1	1	1	
1	1	1	0	1	1	1	1	0	1	0	0	1	1	1	0	1	1	0	1	0	0	1	1	1	0	0	0	0	0	0	0	1	0	0	0	1	0	0	1	1	0	1	1	0	1	1	0	0	0	0	0	0	1	1	0	0	1	0	1	1	1	0	0	0	0	0	0	1	0	0	1	0	0	1	0	1	2	0	0	0	0	0	1	0	0	1	0	1	0	0	0	0	1	1	1	1	0	0	0	
1	0	0	0	1	1	1	1	1	1	0	1	0	0	1	1	1	0	0	1	0	1	1	1	1	0	1	1	2	1	0	1	0	0	1	0	1	1	1	0	1	0	1	0	0	1	1	0	1	1	0	1	0	1	0	1	0	1	0	0	0	0	1	1	0	1	0	1	0	1	1	1	0	0	1	1	1	0	1	1	0	0	1	1	1	0	1	0	0	0	2	0	1	1	0	1	0	1	1	1	
0	1	0	1	0	0	0	0	0	0	1	1	1	1	1	0	0	1	0	1	1	0	0	1	1	0	0	0	0	1	1	0	0	0	1	1	1	0	1	1	0	1	0	1	0	1	1	1	1	1	1	0	0	0	1	0	1	1	0	1	1	1	0	1	0	0	0	1	1	0	0	0	0	1	0	0	0	0	0	0	0	1	0	0	0	1	0	1	0	1	0	0	1	1	0	1	1	1	0	1	
1	0	0	1	0	1	0	1	0	0	0	0	0	1	1	1	0	1	1	0	1	0	0	1	0	0	0	1	1	0	0	1	1	0	0	0	1	1	1	0	1	0	0	0	0	1	0	1	1	0	1	1	1	0	0	1	1	0	0	1	1	0	2	0	1	1	0	0	1	0	0	1	0	1	1	0	1	0	1	1	0	1	0	0	1	1	0	1	1	0	1	0	1	0	1	0	0	1	0	1	
0	0	1	0	1	1	0	2	1	2	1	0	0	2	0	1	1	0	0	0	1	0	1	0	1	0	0	1	1	0	0	0	1	0	1	1	1	1	0	1	0	1	0	1	1	0	1	0	0	0	0	1	0	0	0	0	1	1	0	1	0	0	1	1	1	0	0	1	0	1	1	1	0	0	0	0	0	1	0	0	0	1	1	0	0	0	1	0	0	0	0	0	1	0	0	1	0	0	1	0	
1	1	0	1	0	0	1	1	1	2	0	1	1	0	1	0	1	1	1	0	1	1	0	2	0	0	1	0	0	1	1	0	1	1	1	0	2	1	2	0	0	1	0	0	0	1	1	0	1	0	1	0	1	2	0	0	0	0	0	1	1	2	1	0	1	1	0	1	1	1	1	0	0	1	0	1	1	0	1	0	0	0	1	1	2	0	0	0	1	0	0	1	0	0	1	1	0	1	1	0	
1	0	0	0	1	0	0	1	0	0	0	0	0	0	0	0	0	0	0	1	0	1	0	1	0	0	0	1	1	0	0	1	0	0	1	0	1	1	1	1	0	0	1	1	1	1	0	2	0	0	1	0	0	0	1	0	1	1	1	1	0	0	1	0	1	2	0	0	0	1	0	1	1	1	2	0	0	1	1	0	0	1	1	1	1	2	1	0	2	1	2	0	1	2	0	0	0	1	1	1	
0	0	0	0	0	0	0	0	0	1	1	1	0	1	0	1	1	1	1	0	1	0	1	0	0	0	0	1	0	1	1	0	1	1	0	1	1	0	0	0	1	1	1	1	0	1	1	0	1	0	0	1	1	1	1	0	0	1	0	0	0	0	1	1	1	1	1	1	1	0	1	0	0	1	0	1	0	0	1	1	0	1	1	0	1	0	0	1	1	1	0	1	0	0	0	1	1	2	0	1	
0	0	1	1	1	0	0	0	0	0	1	0	1	0	1	1	0	0	1	0	1	1	1	0	1	1	1	0	0	0	0	0	0	0	0	1	0	0	0	2	1	1	0	1	1	0	0	1	0	1	1	0	0	1	0	0	0	1	0	1	0	1	0	0	0	0	1	1	0	0	0	1	0	1	1	2	1	0	0	1	0	1	0	0	1	0	1	0	1	0	1	0	0	0	1	0	1	1	0	0	
1	1	1	2	0	0	0	1	1	0	1	1	1	1	0	1	0	0	0	0	0	1	1	0	1	0	1	0	1	1	0	1	0	1	0	0	1	0	0	0	1	0	1	0	0	1	0	1	1	1	0	0	1	1	1	0	0	0	1	0	0	1	1	1	1	1	1	1	1	0	1	0	0	0	0	1	0	1	0	1	1	0	1	1	0	1	1	0	0	0	0	0	0	1	0	1	1	2	1	1	
0	0	1	1	0	0	0	2	0	1	0	0	1	0	0	1	1	1	1	0	0	0	0	1	0	1	1	1	1	0	1	1	0	1	0	0	1	1	1	0	1	0	2	0	1	1	1	1	1	1	0	1	1	0	0	1	1	0	1	0	0	0	1	0	1	1	0	1	0	0	0	0	1	1	0	0	1	0	0	1	1	0	1	1	0	1	0	1	0	1	1	1	0	0	0	1	1	0	1	0	
1	1	1	0	1	0	1	0	0	1	0	1	1	0	1	0	0	1	0	1	0	1	0	0	2	1	0	1	1	0	1	0	1	1	1	1	1	0	0	1	0	0	1	0	0	1	0	1	0	0	1	0	1	0	0	0	0	1	1	0	0	1	0	0	1	0	0	0	1	0	0	0	0	1	0	1	0	0	0	1	2	1	0	1	0	1	1	1	0	1	2	1	0	0	0	1	1	1	0	1	
0	0	1	0	1	1	1	0	0	0	1	1	1	1	0	0	1	0	0	1	0	1	0	1	1	0	1	1	0	1	1	1	1	0	1	0	1	2	1	1	1	0	1	0	2	0	1	1	0	0	0	1	0	0	2	0	1	1	0	1	1	0	1	1	0	0	1	0	0	0	0	0	1	1	1	0	1	0	0	1	1	0	1	1	0	0	0	0	1	1	1	2	0	0	1	0	0	1	1	1	
1	0	1	1	1	0	1	0	1	0	0	1	0	1	0	1	1	1	1	0	0	0	0	0	1	1	1	0	0	1	1	1	1	1	0	1	1	0	0	0	0	0	1	1	0	1	1	1	0	1	0	1	1	1	1	0	1	0	0	0	1	0	0	1	2	1	0	1	0	0	0	0	1	1	0	1	0	0	0	0	0	1	1	1	1	1	0	0	0	0	1	0	1	0	0	0	1	1	1	0	
1	0	0	0	0	0	1	1	1	1	1	0	0	0	1	0	0	0	1	0	1	0	1	1	0	1	1	1	1	0	1	1	1	1	0	1	1	0	0	0	0	2	0	0	1	1	0	1	0	0	1	1	1	0	0	1	1	0	1	1	1	0	2	1	1	1	1	2	0	1	1	1	1	0	1	1	0	2	0	0	1	0	0	0	1	1	2	1	0	0	1	0	1	1	1	0	0	0	1	0	
0	0	1	0	1	1	0	1	0	1	1	1	2	1	1	1	0	0	1	1	1	1	1	0	2	0	0	0	0	1	1	0	0	1	1	1	0	1	1	0	1	0	1	1	1	0	0	0	1	1	1	1	1	1	1	1	1	0	1	0	1	1	0	0	1	0	1	0	0	0	1	1	1	0	1	0	1	1	1	1	0	1	0	1	1	0	1	1	0	1	1	0	0	0	1	1	1	1	0	0	
2	1	0	2	1	1	0	1	1	1	0	1	1	1	1	0	1	0	0	1	1	1	1	1	1	1	0	0	0	1	1	1	2	0	0	1	0	0	0	1	1	0	0	1	1	0	1	1	1	1	1	0	2	0	0	0	1	0	0	1	0	0	1	0	0	0	1	0	0	0	1	0	0	0	1	0	1	1	1	0	1	0	1	1	0	1	0	0	0	0	0	1	0	2	1	0	1	1	0	0	
1	0	0	1	0	1	1	0	0	0	1	1	1	0	0	0	1	2	0	0	1	0	0	0	0	0	1	0	0	1	1	0	0	1	0	0	0	0	0	1	0	1	1	1	0	1	0	0	1	0	1	1	0	0	0	1	0	1	0	0	0	1	1	0	0	0	1	0	0	1	0	0	0	0	0	1	0	0	1	0	1	0	1	0	1	1	0	1	1	0	0	1	0	0	1	0	0	1	0	0	
1	0	1	0	0	1	2	1	1	0	1	0	0	1	0	0	1	0	0	0	0	1	0	1	1	0	1	1	0	0	1	1	0	1	1	0	0	1	1	0	1	1	1	0	1	0	1	0	0	2	1	1	1	0	0	0	0	0	0	1	0	1	1	0	1	1	0	0	0	1	1	1	1	1	0	0	0	0	1	0	1	0	1	1	1	1	0	1	1	0	1	1	0	1	1	1	1	0	0	0	
1	0	1	1	1	0	1	0	0	0	0	1	1	0	1	1	1	1	0	1	1	1	0	0	0	1	1	1	1	0	0	0	1	1	1	0	1	1	1	2	1	0	0	1	0	0	1	0	0	0	1	1	1	1	1	1	1	0	0	1	1	0	1	0	1	1	1	0	1	1	0	0	1	1	0	1	1	0	2	1	1	0	1	1	1	1	0	0	1	1	0	1	0	1	0	0	0	1	0	1	
1	1	1	1	1	0	1	0	1	1	1	0	0	1	1	0	0	0	0	0	1	1	0	0	0	0	2	1	0	0	0	1	0	1	1	1	1	0	1	1	1	1	0	1	1	1	1	0	0	1	0	0	1	0	0	0	0	1	1	0	0	0	0	0	1	0	1	1	1	1	0	1	1	0	1	0	1	1	1	1	1	0	0	0	0	1	1	1	1	0	0	0	0	0	1	1	0	1	0	1	
0	0	0	1	1	1	1	1	1	0	0	1	0	0	1	0	1	0	1	1	0	2	1	1	1	1	0	0	1	0	0	0	1	1	1	1	0	1	0	1	0	0	1	1	0	1	0	2	0	0	1	2	1	0	1	0	1	1	0	1	0	0	1	0	1	1	1	1	1	0	0	0	0	1	1	1	1	1	1	0	1	0	1	0	0	0	0	1	0	0	0	1	1	1	1	1	1	0	0	0	
1	0	1	1	1	1	0	0	1	1	1	1	0	1	0	1	0	1	1	0	1	1	0	2	1	1	0	1	1	1	0	1	1	0	2	0	0	0	0	1	1	1	0	0	0	1	0	1	1	1	1	0	0	1	1	0	1	0	2	1	1	0	1	1	1	0	0	1	1	0	0	0	1	0	1	0	1	1	0	0	0	0	0	1	0	0	0	1	1	1	0	1	0	0	1	0	0	0	0	1	
0	1	1	0	0	1	1	1	0	0	1	1	0	1	2	0	1	1	0	0	0	1	1	0	0	1	0	1	1	1	1	1	1	1	1	1	0	0	1	0	1	1	0	0	1	0	0	0	1	1	1	0	1	1	1	0	0	0	1	0	1	1	0	1	0	1	0	1	0	1	1	1	1	1	0	0	0	1	0	0	0	1	1	0	0	0	0	1	1	0	0	0	0	0	1	1	0	0	1	1	
1	0	1	1	0	0	0	1	1	0	1	0	0	1	0	0	1	0	1	0	1	0	1	1	0	1	1	0	1	0	1	1	1	1	1	0	0	0	0	0	1	1	0	1	1	1	1	1	0	0	0	1	0	0	0	0	0	0	0	1	1	1	1	0	1	0	1	1	0	0	0	0	1	0	0	1	0	0	0	0	1	1	1	1	1	0	1	0	0	0	0	1	0	0	1	0	1	1	1	0	
0	0	0	0	0	0	0	1	0	1	1	0	1	1	0	1	1	1	1	0	1	0	1	0	0	1	0	1	0	0	1	0	1	1	1	0	0	0	1	0	1	1	1	1	0	0	0	1	1	1	0	1	0	1	0	1	0	0	0	0	1	0	0	1	0	0	1	0	0	1	0	1	0	0	1	1	0	1	1	1	0	1	0	0	0	0	1	0	1	1	0	0	0	1	0	0	1	1	1	0	
1	2	1	1	0	1	1	0	1	1	0	1	1	1	0	1	1	1	0	1	1	1	1	1	1	1	0	1	0	0	1	1	1	1	1	0	1	0	0	1	0	1	0	0	1	0	1	1	1	1	0	1	1	0	1	1	1	1	0	1	0	1	1	0	1	0	1	1	0	0	1	0	1	0	0	1	1	0	1	1	0	0	1	0	1	1	1	0	1	0	0	0	1	1	1	1	0	1	0	0	
0	0	0	1	0	0	1	1	0	1	0	1	0	1	1	0	1	0	2	1	0	1	1	0	0	1	0	1	1	0	1	1	0	0	2	0	1	0	0	1	0	0	1	1	0	2	1	0	1	0	0	1	0	0	0	1	0	1	0	1	1	1	1	1	0	0	1	0	1	2	1	1	1	0	1	0	1	0	0	0	1	1	0	0	0	0	0	0	0	1	0	1	1	0	0	1	1	1	1	1	
0	0	0	0	0	0	0	1	1	0	1	1	0	1	1	0	0	1	0	0	1	0	1	1	1	1	0	1	0	1	1	0	0	1	0	1	0	1	0	1	1	1	0	0	1	1	0	0	0	0	0	1	1	1	0	0	0	1	1	1	1	1	0	1	0	1	1	1	1	0	1	0	0	1	0	1	1	1	1	2	2	0	0	1	0	1	0	1	1	1	0	0	0	0	0	1	0	1	0	0	
0	1	0	1	0	1	1	0	0	1	0	1	1	0	0	0	1	1	0	1	1	0	0	1	1	1	1	1	0	0	0	1	0	1	2	1	1	2	0	0	1	1	0	1	0	0	1	1	0	0	1	0	0	0	1	0	0	1	0	0	0	0	0	0	0	1	1	1	1	1	0	0	1	1	0	1	0	1	1	1	1	0	1	1	1	1	1	1	0	0	0	1	0	1	0	0	0	0	0	0	
0	1	2	1	0	1	1	0	1	0	1	0	0	1	0	1	1	1	0	1	0	1	0	1	1	1	1	1	1	0	0	0	1	1	0	0	0	0	0	0	0	0	0	2	0	1	0	0	0	1	1	0	1	1	1	1	1	0	0	1	0	0	1	0	2	1	0	0	0	1	0	1	0	1	1	1	0	1	1	1	0	0	0	1	0	1	1	0	0	0	0	0	0	0	1	2	1	0	1	0	
0	1	0	1	0	1	1	1	1	1	0	0	0	1	0	2	1	1	0	0	1	0	0	1	0	0	1	1	1	0	0	1	1	1	0	1	1	1	1	0	1	0	2	1	1	0	1	0	0	0	0	1	1	1	0	0	0	0	1	1	1	0	0	0	0	0	0	0	0	0	0	1	1	0	1	1	0	0	1	0	0	0	0	1	0	1	0	0	1	1	0	1	0	0	0	1	1	0	0	0	
1	0	1	1	1	0	1	0	0	1	0	1	1	1	0	1	0	0	1	1	1	0	0	1	0	0	0	0	1	1	1	0	1	1	1	0	0	0	0	0	0	0	1	0	0	0	0	0	0	1	1	1	1	1	0	0	0	0	2	0	0	1	1	1	1	1	1	0	1	0	0	1	2	1	1	1	0	0	0	0	0	0	1	0	1	0	0	0	1	1	1	1	0	0	1	1	2	0	0	0	
1	1	1	0	0	0	1	0	2	1	0	1	1	0	1	1	0	0	1	1	0	1	0	0	1	0	0	0	0	0	0	0	0	1	1	0	0	0	0	1	1	1	0	0	0	0	0	1	0	1	1	0	0	0	0	1	1	0	0	1	0	1	0	0	0	1	1	0	1	1	1	0	0	0	0	1	1	0	1	0	0	1	0	1	0	0	1	1	1	0	1	0	0	0	1	0	1	0	0	1	
0	1	0	0	1	1	0	1	0	1	0	0	0	0	1	0	0	0	0	0	1	1	1	0	0	1	1	0	0	1	0	1	1	0	1	1	0	0	0	0	1	1	2	1	1	1	0	1	1	0	1	0	0	1	0	0	1	1	0	1	0	0	1	1	0	0	0	0	0	1	1	1	0	0	1	1	1	0	2	1	1	0	0	1	0	0	1	0	1	0	0	0	1	1	0	0	1	1	0	0	
1	0	1	0	0	0	0	0	0	0	0	1	0	0	0	0	1	0	1	1	1	1	0	0	0	1	0	1	0	0	0	0	0	2	1	0	1	1	1	0	1	1	0	0	1	1	0	0	0	0	0	1	1	1	2	1	1	0	1	1	1	1	0	0	0	0	1	1	0	1	1	0	0	0	0	1	1	1	2	0	1	0	0	1	0	1	0	1	0	1	1	1	1	0	0	0	1	0	0	1	
1	0	2	0	0	0	1	1	1	0	1	1	1	0	0	0	0	0	1	0	1	0	1	0	0	1	0	0	0	2	0	1	0	0	0	1	1	0	1	1	0	1	0	1	0	1	2	1	0	1	0	0	0	0	1	1	1	1	0	0	0	1	1	1	0	1	0	0	1	0	1	0	1	0	2	1	0	1	1	1	1	1	0	0	1	0	1	0	0	1	1	1	0	1	0	1	1	0	0	1	
1	0	1	1	0	1	1	0	1	1	1	1	0	1	1	0	1	0	0	0	0	0	1	1	0	0	1	0	0	1	0	0	0	1	1	1	0	0	0	2	0	0	0	2	1	0	1	0	0	1	0	0	0	0	1	0	0	0	0	1	1	0	0	0	1	1	1	1	1	1	0	1	0	1	1	0	1	0	0	1	1	1	1	0	1	1	0	1	1	1	1	0	0	1	0	1	1	0	0	0	
1	0	0	1	1	1	1	0	0	1	1	1	0	1	0	0	0	1	1	0	2	1	1	1	1	0	0	1	1	1	1	0	1	0	2	1	2	1	0	1	0	1	1	1	1	0	1	0	0	1	0	0	1	0	0	1	1	1	0	1	1	0	0	0	0	0	0	1	1	2	2	1	1	0	1	1	0	0	1	1	0	1	1	1	0	1	1	1	0	1	1	1	1	1	1	0	0	0	1	1	
1	1	1	0	1	1	1	0	0	0	1	0	1	1	1	0	1	0	0	1	0	1	0	0	1	1	0	1	0	1	0	1	0	0	1	0	0	0	1	1	1	0	0	1	0	1	0	1	1	0	0	0	1	0	0	1	1	1	0	1	1	1	1	1	0	1	0	0	0	0	0	0	1	1	1	1	1	1	1	0	0	1	1	0	1	1	0	1	1	0	0	0	1	1	1	1	1	1	2	0	
1	0	1	1	0	0	1	0	1	0	1	1	0	1	1	0	0	1	1	0	1	1	1	0	1	1	0	1	0	1	2	0	1	1	1	0	1	0	1	0	1	1	1	1	0	0	1	0	0	0	1	0	1	0	1	0	1	0	1	0	0	0	1	1	1	0	0	1	2	1	0	0	1	1	0	0	0	1	1	1	1	1	0	0	0	0	0	1	1	0	0	1	0	1	0	1	1	1	1	0	
1	2	0	1	1	2	0	0	0	1	1	1	1	0	0	0	0	1	1	0	0	1	0	0	0	1	0	0	1	0	0	0	0	0	0	0	0	1	0	0	0	0	1	0	0	0	1	0	0	2	0	0	0	1	1	1	1	0	1	1	0	1	1	0	0	1	1	1	1	1	1	0	0	0	1	0	1	0	0	0	1	1	1	1	1	0	0	1	1	0	1	0	0	1	0	1	1	0	0	1	
1	0	0	0	0	0	1	0	0	1	0	1	0	0	0	1	1	0	1	0	0	0	1	1	0	0	0	0	1	1	1	0	1	0	1	0	1	1	0	1	0	1	1	1	0	1	1	0	0	0	1	1	0	1	0	1	1	0	1	0	1	0	0	1	0	0	1	1	1	0	0	0	0	1	1	1	0	1	0	1	0	1	1	2	0	1	0	0	1	0	0	1	1	2	1	1	1	0	1	2	
1	0	1	0	1	0	0	0	1	1	0	2	0	0	0	0	1	1	1	1	1	1	0	1	1	0	0	0	0	1	1	0	1	0	1	0	1	1	1	1	0	0	1	1	1	1	0	1	0	1	1	1	0	1	1	0	1	0	0	1	1	1	1	0	0	1	1	1	0	1	1	1	0	1	0	0	0	1	1	0	0	0	0	1	0	0	1	0	0	1	0	1	0	1	1	0	1	0	1	1	
1	0	0	1	0	0	1	0	0	0	0	0	1	1	0	1	1	0	0	0	1	1	2	0	1	0	0	1	0	0	1	1	1	1	1	0	1	0	1	1	0	1	1	0	1	1	1	1	1	1	1	0	0	1	1	0	1	1	0	0	0	0	0	0	1	1	0	1	0	1	0	1	1	0	1	1	0	0	0	0	1	1	1	0	0	0	0	0	1	0	0	0	0	2	0	1	1	0	0	0	
0	1	1	1	0	1	0	1	1	0	1	0	0	1	1	1	1	0	0	1	0	1	1	0	0	0	0	0	1	1	1	0	0	0	1	1	1	1	1	1	1	1	0	0	0	1	0	1	0	0	0	1	0	1	0	1	1	1	1	0	1	0	0	1	1	0	0	0	0	0	0	1	0	0	0	1	0	1	1	1	1	0	1	1	0	0	0	2	1	0	1	1	0	1	1	0	1	0	0	0	
0	1	0	1	1	1	1	0	0	1	0	1	1	1	0	2	1	0	0	0	1	1	1	1	0	1	0	0	1	0	1	0	0	0	1	1	1	1	1	0	1	1	1	1	0	1	1	1	1	1	1	1	0	0	1	0	1	1	1	1	2	1	1	0	0	1	1	1	1	0	0	0	0	0	1	0	0	1	0	1	1	1	1	0	1	1	1	0	1	1	1	1	0	0	0	0	0	0	0	0	
1	1	0	1	0	1	0	0	1	1	0	0	0	0	1	1	0	0	1	1	1	1	1	1	0	0	1	1	1	0	1	1	0	1	0	1	1	0	0	0	0	0	0	1	1	0	0	0	1	1	1	1	0	0	0	1	1	1	0	1	1	0	1	0	0	0	1	0	0	1	1	0	1	0	1	1	1	1	1	0	1	1	1	0	1	1	0	1	0	2	0	1	1	1	0	1	1	0	0	0	
0	1	0	0	1	1	0	0	1	0	0	1	0	1	1	0	0	0	1	0	1	1	1	1	1	1	0	1	0	1	0	2	1	1	1	1	1	0	1	0	0	0	1	0	0	1	2	1	1	0	0	1	1	0	1	1	1	0	0	1	1	0	0	0	1	2	1	1	0	1	0	1	0	1	1	0	0	1	0	0	1	1	0	0	0	0	1	1	1	1	1	0	1	0	0	1	1	0	1	1	
0	0	0	1	0	1	1	0	0	1	0	1	1	0	0	0	1	0	0	1	1	1	0	1	1	1	1	0	1	2	1	0	0	0	1	1	1	1	1	1	0	0	1	0	1	1	0	0	0	1	1	0	0	1	0	0	0	1	0	0	0	0	0	1	0	0	0	2	1	1	1	0	0	0	0	0	1	1	1	1	1	1	0	0	0	1	1	0	1	0	0	0	0	0	0	1	1	1	0	0	
0	0	1	1	2	0	0	1	1	0	1	0	1	1	1	0	0	1	0	0	1	0	0	0	1	1	0	1	0	1	0	1	0	1	0	1	0	1	0	1	0	1	0	0	0	0	1	0	0	1	1	1	0	1	1	1	0	0	0	0	1	0	0	0	1	1	1	0	1	1	0	0	0	1	0	1	2	0	2	0	0	0	1	1	0	0	1	0	0	1	0	0	1	0	0	0	1	1	1	0	
1	0	2	0	1	1	0	1	0	0	1	1	1	1	0	0	1	1	0	1	1	1	1	0	0	0	1	1	1	1	1	0	1	1	1	2	0	1	0	0	0	1	0	0	1	1	1	0	0	1	0	0	0	0	0	2	1	0	1	1	1	0	1	1	0	0	0	1	0	0	1	0	1	1	0	0	1	1	0	0	0	1	1	0	0	0	0	1	0	1	1	0	1	0	0	1	1	1	0	0	
0	0	1	1	0	1	0	1	0	0	0	1	0	0	1	0	0	1	1	2	2	0	1	0	1	1	0	1	1	1	1	0	1	0	1	1	1	0	0	1	1	0	0	1	1	0	0	0	1	0	0	0	1	1	0	1	1	0	1	1	0	0	0	0	1	0	2	0	1	1	1	0	0	1	0	0	0	1	1	0	1	0	1	1	0	0	0	0	0	1	1	0	1	0	0	1	1	1	1	2	
0	1	0	0	1	0	0	1	1	0	1	0	1	0	0	0	0	0	1	1	1	2	0	1	1	1	0	1	0	1	1	0	0	0	1	1	0	2	1	0	0	1	1	1	1	1	0	0	1	1	0	0	1	0	1	0	1	0	0	1	0	0	0	0	1	1	1	0	1	1	0	1	1	1	0	0	1	1	1	1	0	0	0	0	0	1	1	1	0	0	0	1	0	0	0	1	1	1	0	0	
0	1	1	0	0	1	0	0	1	0	0	1	1	0	1	0	0	1	1	0	0	0	1	1	2	0	1	0	0	1	0	0	1	1	0	1	0	0	1	0	1	0	1	1	1	1	0	1	0	0	0	0	1	1	1	0	1	0	0	1	1	1	0	1	0	1	0	1	0	0	1	1	0	1	1	0	0	1	0	0	0	0	0	1	0	1	1	1	1	1	0	0	0	1	1	1	1	1	0	0	
1	1	0	0	1	0	0	1	0	0	1	0	1	1	0	1	1	0	1	0	1	1	0	1	0	1	0	1	0	0	1	0	1	0	0	1	1	1	1	1	0	1	1	1	1	0	1	1	0	1	1	0	0	1	0	1	0	1	0	0	0	0	0	1	0	1	2	1	0	1	1	1	1	0	0	1	0	1	1	1	0	0	0	1	1	1	1	1	0	0	0	1	0	0	0	0	1	0	0	0	
0	0	1	1	0	1	0	0	1	1	0	1	0	0	1	1	2	1	1	1	1	0	0	1	0	1	0	1	2	1	1	1	0	0	0	0	2	1	1	1	0	0	1	1	0	0	1	0	0	0	0	0	1	0	0	0	0	1	1	1	1	1	0	0	1	1	1	1	0	1	1	0	1	1	0	0	2	0	0	1	1	0	0	0	0	0	1	1	1	1	1	0	1	0	1	0	0	1	0	1	
1	0	1	0	0	1	1	1	0	1	1	1	0	0	2	0	0	0	1	1	1	0	0	1	0	1	0	0	1	0	0	1	1	0	1	0	1	1	1	0	1	1	1	0	1	0	1	1	1	1	1	1	1	2	0	1	1	1	0	0	0	1	1	1	0	1	1	0	1	1	1	1	0	1	0	1	1	1	0	1	1	1	0	0	1	1	1	1	1	0	1	1	1	0	1	0	0	1	0	0	
0	1	1	1	1	1	0	0	1	1	1	1	0	0	0	1	1	1	0	0	1	1	0	1	1	0	1	0	0	0	1	0	1	0	0	0	2	1	1	1	1	0	1	1	0	0	1	0	1	0	1	1	1	0	1	1	1	1	1	1	0	0	1	1	1	0	0	1	1	1	1	0	1	0	0	1	0	1	1	0	0	1	0	0	1	1	0	0	1	0	1	1	1	0	0	1	1	0	1	1	
0	1	1	0	1	0	1	1	0	1	0	0	0	0	1	0	0	0	1	1	0	0	0	1	2	0	1	1	0	0	1	0	1	0	0	1	0	1	1	1	1	1	0	0	0	1	1	1	1	1	0	0	0	0	0	1	1	0	1	0	0	0	0	1	0	1	1	1	0	1	1	0	1	1	1	0	0	0	1	1	1	1	1	0	1	1	1	0	1	0	1	1	0	0	1	1	1	2	0	1	
1	0	0	0	1	0	0	0	1	1	1	1	1	1	1	0	0	1	0	1	0	1	0	1	0	0	0	0	1	0	1	0	0	1	0	0	0	0	0	0	1	0	1	0	0	1	0	1	0	1	0	0	1	0	0	1	0	1	1	1	1	2	1	0	1	1	1	0	1	0	1	0	0	1	0	0	0	1	0	0	0	0	1	0	0	1	1	0	1	1	1	0	0	1	0	1	0	0	0	0	
1	1	0	0	0	0	0	1	0	0	0	0	1	1	0	1	0	0	1	0	1	0	0	1	0	1	1	0	1	0	1	0	1	1	1	1	0	0	0	0	1	1	0	0	0	1	0	0	0	1	0	1	0	2	1	0	0	0	0	0	1	1	0	0	0	0	1	0	1	1	0	1	1	1	0	0	0	1	1	0	0	1	1	0	0	1	0	0	1	0	0	0	1	1	0	0	1	0	1	0	
0	0	1	1	0	1	0	1	0	1	1	1	0	2	1	1	0	0	0	1	1	0	1	1	0	0	0	1	0	1	1	0	1	0	0	1	0	0	1	0	0	0	0	1	1	1	1	1	1	1	0	1	1	0	1	0	0	0	0	0	2	0	0	0	1	0	1	0	1	1	0	0	0	1	0	1	1	1	0	1	1	1	1	0	0	0	0	1	1	1	1	0	1	1	1	1	1	1	0	0	
1	1	0	1	0	0	0	0	1	0	0	1	1	0	0	1	0	0	0	0	1	0	0	0	0	0	1	0	0	0	0	0	1	1	0	1	1	0	0	0	0	1	0	1	1	1	0	1	0	0	0	0	0	1	0	1	1	1	1	1	0	1	0	2	1	1	0	0	0	1	0	1	0	0	1	0	0	2	1	0	1	1	0	1	0	0	1	0	0	1	1	1	0	0	0	0	0	0	0	1	
1	0	0	0	1	1	1	1	0	1	1	0	1	1	0	1	1	1	0	0	0	2	1	0	1	0	2	1	1	1	0	1	0	0	0	1	0	1	1	1	1	0	0	0	0	0	0	1	1	1	0	0	1	1	1	1	0	0	0	1	0	0	0	0	1	0	1	0	1	0	1	0	0	1	0	0	0	1	1	1	1	1	0	1	1	0	1	0	1	0	0	1	0	1	0	0	1	0	0	1	
0	1	1	1	0	0	0	0	2	0	0	0	1	0	0	0	0	0	1	1	1	0	0	1	1	1	0	0	1	1	0	1	1	1	1	1	1	0	0	0	1	1	0	1	1	2	1	0	0	0	1	0	1	0	0	1	0	1	1	1	0	0	0	1	0	0	0	0	0	1	0	0	0	0	1	0	0	1	0	0	1	1	1	0	0	1	0	0	1	0	1	1	0	0	1	1	1	0	0	0	
1	2	1	1	0	1	2	1	0	1	1	0	1	1	1	0	0	2	1	1	1	2	0	1	1	2	1	0	0	1	0	1	1	0	0	1	1	1	0	1	1	1	0	0	1	0	0	1	1	0	0	0	0	0	0	1	1	1	1	0	1	1	0	1	0	0	0	1	0	2	0	0	1	0	1	0	0	0	2	0	1	0	2	1	0	1	0	0	0	0	1	1	1	0	1	1	1	2	0	1	
1	0	0	1	0	1	1	2	0	0	0	0	0	0	0	0	0	1	1	0	0	1	0	0	0	2	1	1	0	1	0	0	0	0	0	0	1	0	1	1	1	0	1	0	0	1	1	1	0	1	0	1	0	0	1	1	1	1	0	1	0	1	1	0	1	0	0	1	1	1	0	0	1	0	1	0	1	0	1	0	1	0	1	0	1	1	0	1	0	0	1	1	0	1	0	0	1	0	0	1	
1	1	1	1	1	1	1	1	0	0	1	1	1	0	1	0	0	2	0	0	0	1	0	1	0	1	0	1	0	1	1	1	0	1	2	0	1	0	1	0	0	1	1	1	0	1	1	1	0	0	0	1	0	2	1	0	1	0	1	0	1	0	1	0	0	0	0	0	0	0	1	1	1	1	1	1	1	1	0	0	1	0	0	0	0	1	1	0	2	1	0	1	1	1	1	1	1	0	1	0	
0	1	1	1	1	1	1	1	0	0	0	0	0	1	1	0	1	0	0	0	0	1	1	0	1	1	1	0	0	1	1	1	1	1	0	0	0	1	0	0	1	1	0	2	0	1	1	0	0	0	1	0	1	1	0	1	1	1	0	1	1	0	0	1	1	0	0	0	0	0	1	0	0	1	1	0	1	1	0	1	1	1	0	1	1	1	1	1	2	0	0	0	0	1	0	1	0	1	1	1	
0	1	1	0	1	1	1	1	0	0	1	0	1	1	1	0	1	1	1	0	0	0	0	1	0	1	1	0	0	0	1	1	1	1	0	0	1	0	0	1	0	1	1	0	1	1	0	0	0	0	0	1	1	0	0	1	1	0	0	0	0	0	0	1	0	1	1	0	1	1	0	1	1	1	0	0	0	2	1	0	1	0	0	2	1	1	0	0	0	1	0	1	1	0	1	0	0	0	1	1	
0	0	0	0	0	0	1	1	1	1	2	0	1	0	0	0	2	1	0	0	1	1	0	1	1	1	0	1	1	0	0	1	1	1	1	1	1	0	2	1	1	0	0	1	1	0	1	1	1	1	1	1	0	1	0	1	0	0	0	1	0	1	0	0	1	1	1	0	0	1	0	1	0	0	0	0	1	0	0	1	2	0	1	0	0	0	0	0	0	1	1	1	1	0	1	1	1	0	1	1	
1	1	0	1	0	0	0	0	1	1	1	1	1	1	1	0	1	1	0	1	1	1	1	0	1	0	1	0	0	0	0	1	0	2	1	0	0	1	1	1	1	0	0	1	0	0	0	1	1	1	1	1	0	0	0	1	0	0	0	0	0	0	1	0	1	0	0	1	0	0	1	0	0	1	0	1	0	0	1	1	2	1	1	1	0	1	0	0	0	0	1	0	1	0	1	0	1	0	1	0	
0	0	1	1	1	0	0	1	1	1	1	0	0	1	0	2	1	1	0	1	1	0	0	1	1	1	0	0	0	1	1	0	1	1	0	0	1	0	1	1	0	0	0	0	1	1	1	2	0	1	0	1	1	1	0	0	0	2	0	0	1	0	0	0	0	0	0	1	1	1	0	1	1	0	1	1	0	0	0	0	1	1	0	0	1	1	1	0	0	0	1	0	0	1	1	0	0	0	1	1	
0	0	0	0	0	0	1	1	0	1	1	1	0	0	0	0	1	1	1	1	1	0	1	1	1	1	1	1	1	1	1	1	1	1	0	0	1	0	0	0	0	1	0	1	1	0	1	0	0	1	0	1	1	1	1	1	0	0	0	0	0	1	1	0	0	0	0	2	1	0	1	0	0	0	0	0	0	0	0	0	0	1	1	0	0	1	1	0	0	0	0	0	0	0	0	1	1	1	0	1	
0	0	2	2	0	0	0	1	0	0	1	1	0	1	1	1	0	0	0	0	0	1	0	1	1	0	0	0	2	0	0	0	0	1	1	1	1	0	0	1	1	0	1	0	0	1	0	1	0	1	0	2	0	0	0	2	1	0	0	1	1	1	1	0	0	1	2	0	1	0	0	1	1	0	1	1	1	0	1	0	1	0	1	0	0	1	1	1	0	0	0	0	1	1	1	1	1	0	0	1	
0	0	0	0	1	0	0	1	1	1	0	0	0	1	1	0	1	1	1	1	0	0	0	0	1	1	1	0	1	1	0	1	1	2	0	1	1	1	1	0	0	0	0	0	1	1	1	1	1	0	1	1	0	0	0	1	0	0	0	1	0	1	1	1	0	1	1	1	1	0	1	0	0	1	0	0	0	0	0	0	1	0	0	0	0	1	1	0	1	1	1	1	0	0	0	0	1	0	0	0	
0	1	1	1	0	1	0	0	0	1	0	0	1	0	1	0	1	1	1	1	0	0	1	0	0	0	0	2	1	0	1	0	1	1	0	1	1	1	0	1	1	1	0	1	0	0	0	0	2	1	1	0	2	0	0	0	0	1	0	0	0	0	2	0	1	0	1	1	1	0	1	1	0	0	1	0	1	0	0	0	1	1	1	1	0	0	0	0	0	1	0	0	0	1	0	1	1	0	1	0	
1	0	1	0	0	1	1	1	0	0	0	1	0	1	1	1	0	1	0	2	1	1	0	0	0	1	2	1	1	1	1	1	2	0	1	1	0	0	0	0	1	0	1	1	0	1	1	0	1	0	1	1	1	0	1	0	1	1	1	1	1	1	0	0	0	0	1	1	1	1	1	2	1	1	1	0	1	1	0	0	0	0	0	1	0	0	1	0	1	0	1	0	0	0	1	1	0	1	1	1	
0	0	1	1	0	0	0	1	1	1	0	0	0	1	1	0	0	0	0	0	0	1	1	1	0	1	0	0	1	1	1	0	0	1	0	0	1	1	0	1	0	1	1	1	0	0	1	1	1	1	0	0	1	0	1	0	1	1	1	0	1	0	2	0	1	1	0	1	1	0	0	1	1	1	1	0	1	0	0	0	1	1	0	0	0	1	1	1	0	0	0	2	0	1	1	1	0	1	1	0	
1	0	0	0	1	1	0	0	1	1	1	0	0	0	0	0	0	0	0	0	1	0	0	1	1	0	1	1	0	1	0	0	0	1	1	0	0	1	1	1	1	0	0	1	0	0	1	0	0	0	0	1	0	0	0	0	0	1	0	0	1	1	0	0	0	1	0	0	1	0	1	1	0	1	1	0	0	2	0	0	1	0	0	0	1	1	1	1	0	0	1	0	1	0	0	0	1	1	1	1	
0	0	0	1	1	0	1	1	0	0	0	1	1	1	1	0	1	0	0	1	1	0	0	1	0	1	1	2	1	0	1	0	1	0	1	0	1	1	0	0	1	0	1	1	0	0	1	0	0	1	0	0	0	0	0	0	1	1	0	1	1	0	1	1	1	1	0	0	1	0	0	0	1	1	1	1	1	1	1	1	1	1	1	0	0	1	1	1	1	1	1	1	1	1	0	0	0	1	0	0	
1	0	1	1	1	1	1	0	0	1	1	1	0	1	0	1	1	0	0	0	1	0	1	0	0	1	0	0	0	0	1	1	1	0	0	0	0	0	1	1	1	1	0	1	0	0	0	0	1	0	0	0	0	0	1	1	1	0	0	1	1	0	0	0	0	1	1	1	1	1	0	0	1	1	1	0	0	1	1	0	0	1	0	1	1	0	1	0	1	1	1	0	0	1	0	0	1	0	0	1	
1	1	1	0	2	0	1	1	0	0	0	0	0	1	0	0	0	1	0	1	1	1	1	1	1	0	0	0	0	0	1	1	1	1	1	1	1	1	1	0	0	0	1	1	0	1	1	1	0	1	1	0	0	1	1	0	0	1	1	1	0	0	0	0	0	0	0	1	0	1	1	2	0	1	0	1	1	0	0	1	1	1	0	1	0	1	0	1	1	0	1	0	0	1	0	1	1	0	0	1	
0	1	0	0	1	1	1	0	1	0	0	1	1	1	0	0	1	2	2	1	1	0	1	0	0	1	1	1	0	1	0	0	0	1	0	1	0	0	0	0	0	1	0	0	0	1	0	0	0	0	1	1	0	1	0	1	1	0	1	2	1	0	0	0	0	1	1	1	1	0	0	0	0	0	0	1	0	0	1	1	0	0	1	1	1	0	0	0	1	1	0	1	1	0	0	0	0	0	0	0	
1	1	0	1	0	0	0	0	1	1	1	0	1	0	1	0	1	1	0	0	0	0	0	1	0	0	1	1	1	0	1	1	1	0	1	0	2	1	1	0	0	1	1	0	0	0	0	0	0	0	1	0	1	1	0	0	1	1	0	0	0	0	0	1	0	0	1	1	0	2	1	0	1	1	0	1	1	0	0	1	0	0	0	1	1	0	1	1	0	0	0	0	1	0	0	1	1	0	0	1	
1	1	0	0	0	0	1	0	0	0	0	1	1	1	2	1	1	1	1	0	0	0	0	1	1	1	1	1	1	1	0	1	1	1	1	0	0	0	1	0	1	0	0	0	1	1	1	0	1	0	0	0	0	0	1	1	1	0	0	1	0	0	1	1	1	0	0	0	0	1	0	0	1	0	0	0	0	0	0	0	1	1	0	0	0	1	0	0	0	1	0	0	0	0	0	0	1	1	1	1	
1	1	0	0	0	1	1	1	1	0	1	1	0	0	0	1	0	2	1	1	1	0	0	1	0	1	1	0	2	1	1	0	1	0	1	0	0	1	0	1	0	0	0	0	1	0	1	0	0	0	1	1	1	0	1	0	0	1	1	0	2	1	0	0	0	0	1	1	0	1	1	0	0	0	0	0	0	1	0	0	0	1	0	0	0	0	0	2	0	0	0	1	1	0	1	0	0	0	1	1	
0	0	0	1	1	0	0	0	1	0	0	1	1	1	1	1	0	0	0	1	1	0	1	0	0	1	2	0	1	0	1	0	0	0	1	1	1	0	0	0	1	1	0	0	0	0	0	0	0	1	0	0	1	0	0	0	1	1	1	1	1	0	1	0	0	0	1	0	0	0	0	1	0	0	1	1	1	1	0	1	1	0	1	1	1	1	1	1	0	1	1	0	1	0	1	2	1	0	1	1	
0	1	1	0	0	0	0	1	0	1	0	1	0	1	1	0	1	0	1	0	0	1	1	1	0	1	1	1	0	0	0	0	1	0	1	1	1	1	1	1	1	1	1	1	1	1	1	1	1	0	1	0	1	0	0	0	0	1	1	1	0	1	1	1	1	0	1	1	0	0	0	0	0	1	0	0	0	0	0	1	0	1	1	0	1	0	1	0	0	1	0	0	0	0	0	0	0	0	1	1	
0	1	1	1	0	1	1	0	1	1	0	0	0	0	1	0	1	0	1	0	1	0	1	0	0	0	0	1	0	0	1	1	1	1	1	1	1	0	1	1	0	0	0	0	0	1	1	1	1	0	1	2	0	1	0	0	0	0	1	1	0	1	1	1	0	0	1	1	0	1	0	1	1	1	0	1	1	0	0	0	1	1	0	0	1	0	0	2	1	0	2	0	0	0	1	1	0	0	0	1	
1	1	0	1	1	0	2	0	0	0	0	1	1	0	0	0	1	0	2	0	0	0	1	1	0	1	1	0	1	0	0	1	0	1	0	1	1	0	0	0	0	1	0	0	1	1	1	0	1	2	0	0	0	0	1	0	1	1	0	0	0	1	0	0	0	1	1	0	0	2	0	0	0	1	1	1	1	0	1	1	1	0	0	1	1	0	0	0	0	0	1	0	0	0	0	0	1	1	1	1	
1	1	1	1	1	1	1	1	0	1	0	0	0	1	1	1	0	0	0	0	0	0	1	0	1	1	0	1	1	1	0	1	2	1	0	1	1	1	0	1	1	1	1	0	2	0	0	2	0	0	1	0	1	1	1	1	1	0	1	0	0	0	0	0	0	1	1	0	1	1	2	1	0	0	0	0	1	1	0	0	1	1	1	0	1	0	1	0	1	0	0	1	0	1	1	0	0	0	0	1	
0	0	0	0	1	1	0	1	1	2	1	1	0	1	0	0	1	0	1	1	1	0	1	0	1	1	0	1	1	1	1	0	1	1	0	1	0	0	1	1	0	1	0	0	1	1	0	0	1	1	0	0	0	0	1	0	1	0	1	1	0	1	0	1	0	1	0	1	0	1	0	0	1	0	0	1	1	1	0	1	1	0	1	0	0	0	0	0	1	0	1	0	0	0	0	0	1	0	1	0	
1	1	0	1	1	1	1	0	1	0	0	0	1	0	1	0	0	1	0	1	1	0	1	1	2	0	0	1	0	1	0	1	1	1	1	1	0	0	1	0	0	1	0	0	0	0	0	0	1	1	0	1	0	0	0	1	1	0	0	0	1	0	1	0	0	1	1	1	1	1	0	1	0	1	0	0	1	0	1	0	0	1	0	0	0	1	1	0	0	0	1	0	1	1	0	1	0	1	0	0	
1	0	1	0	1	1	0	1	1	1	0	1	2	1	1	1	1	1	0	1	0	1	0	1	2	1	1	0	1	1	0	0	0	1	1	0	1	1	0	0	1	0	0	1	0	0	1	0	1	0	1	0	0	0	0	1	0	0	2	1	0	1	0	1	1	0	1	1	1	0	1	1	1	0	1	0	0	0	0	0	1	1	1	0	1	0	0	1	1	1	0	1	1	0	1	2	0	0	0	0	
1	1	0	1	0	0	1	1	2	0	0	0	0	1	1	1	0	1	1	0	0	0	0	1	2	1	1	0	1	1	1	1	0	0	0	0	0	0	1	0	0	1	0	0	1	0	1	0	1	0	1	1	1	1	1	0	1	0	0	1	0	0	1	1	0	1	0	0	0	1	0	0	1	1	0	1	1	0	1	1	1	1	1	0	0	0	0	1	0	0	1	1	1	1	1	0	0	0	1	0	
1	0	1	0	0	0	0	0	1	1	0	1	1	0	0	1	1	1	1	0	1	0	0	2	0	1	0	1	1	0	0	1	0	0	1	1	0	1	1	1	0	1	1	1	0	0	1	0	1	0	1	0	1	0	0	1	0	1	0	1	1	1	1	0	1	1	1	0	1	0	1	0	2	1	0	1	0	0	0	1	0	0	0	0	2	1	1	0	0	0	0	1	0	1	1	0	1	1	2	1	
1	0	0	0	2	0	0	1	1	1	1	0	0	1	0	0	0	1	1	0	0	1	0	0	1	0	1	1	0	1	0	1	1	0	1	0	1	0	0	0	0	0	0	1	0	1	1	1	0	1	0	0	0	0	1	1	0	1	1	1	0	0	1	1	1	0	1	0	1	0	0	1	0	1	1	1	0	0	0	1	1	0	0	1	1	1	1	1	0	1	1	1	1	0	1	1	0	1	1	0	
0	0	0	0	1	0	1	1	1	1	1	1	0	1	0	1	0	1	1	1	2	1	1	1	2	0	0	1	0	0	0	0	1	1	1	0	0	0	1	0	0	1	1	1	1	1	1	0	0	1	0	1	0	1	0	1	1	0	1	1	1	1	1	0	1	0	1	0	1	0	1	0	1	0	1	0	1	2	1	0	1	0	0	0	1	0	0	1	1	0	0	2	0	1	2	0	1	1	1	0	
0	1	1	1	0	1	1	1	0	1	2	1	1	1	1	1	1	0	1	1	0	1	0	1	0	0	0	1	0	0	0	1	0	0	0	0	0	1	1	1	0	1	1	0	0	1	0	0	0	0	0	1	0	0	1	0	0	0	0	1	0	1	1	1	1	1	0	0	1	0	1	1	0	1	0	2	0	1	0	1	1	1	1	0	0	1	0	1	1	1	0	0	0	0	1	0	0	1	0	0	
1	1	1	0	1	0	0	0	0	1	1	0	1	0	0	1	0	2	0	1	1	0	0	0	1	2	0	1	1	1	0	0	0	1	0	0	0	1	0	1	0	1	1	1	0	1	0	1	1	1	1	0	1	0	0	1	0	0	1	1	1	0	0	1	1	0	1	1	0	1	0	0	1	1	1	0	0	1	0	1	1	1	1	1	0	1	0	0	1	1	0	0	0	1	1	1	1	0	0	0	
0	1	0	1	0	0	0	1	1	0	0	1	0	1	0	1	1	0	0	0	1	1	0	2	1	2	1	1	0	0	0	1	1	0	1	0	0	1	0	0	1	0	1	0	0	0	1	1	0	0	0	1	0	1	0	1	1	1	0	1	1	1	0	0	0	1	0	0	1	0	0	0	1	0	1	0	1	0	0	1	0	0	0	0	1	0	0	1	0	1	2	0	0	1	1	0	1	0	0	1	
0	0	0	0	0	1	0	0	0	0	1	1	1	1	0	1	0	0	0	1	1	1	0	0	1	0	0	0	0	1	0	1	0	0	0	0	0	0	1	1	0	0	1	1	1	1	0	1	0	1	0	0	0	1	2	1	0	1	0	0	1	0	0	0	0	0	0	0	1	1	0	0	0	0	1	0	0	1	1	1	1	2	1	1	0	1	0	1	1	1	0	0	1	1	0	1	0	0	1	1	
0	0	0	0	0	1	0	0	0	1	1	0	1	0	1	0	0	1	1	0	0	1	0	0	0	1	0	1	1	0	1	0	0	0	0	0	0	0	1	2	0	0	1	1	0	0	0	0	1	1	0	1	1	1	0	1	0	0	1	0	1	0	0	0	0	0	0	0	0	1	0	0	1	1	0	1	1	1	0	1	0	1	1	0	0	0	1	1	1	0	1	1	0	1	0	0	1	1	0	0	
0	1	2	0	1	0	0	1	1	0	0	2	0	0	1	0	1	1	1	0	0	0	1	1	1	0	1	1	0	1	1	1	1	0	1	0	1	1	0	0	1	0	0	0	1	1	0	1	1	1	1	0	1	0	1	1	2	0	0	1	1	1	0	0	0	1	1	1	0	1	1	0	0	0	1	1	1	0	1	2	1	1	1	0	0	0	0	0	1	1	1	0	0	0	0	0	0	1	0	0	
1	0	1	0	0	0	0	1	0	1	1	0	0	1	1	0	1	0	0	0	0	0	1	1	0	0	1	1	1	1	1	0	1	0	1	1	1	1	1	0	1	0	0	0	0	0	0	1	1	1	0	1	0	0	0	1	1	1	0	1	0	0	1	0	0	0	0	1	0	1	0	0	1	0	0	0	2	1	0	0	0	0	0	1	1	0	0	1	1	1	0	1	1	1	1	0	1	0	1	0	
0	1	1	0	0	1	0	0	1	1	1	1	0	1	1	0	0	1	0	1	0	1	0	1	1	1	0	0	0	1	1	1	1	1	0	0	0	0	1	0	1	0	0	2	1	0	0	0	1	1	0	1	1	2	1	1	1	0	1	1	1	1	0	0	1	0	0	0	1	1	1	1	0	1	1	0	0	1	0	0	1	1	0	0	1	1	1	1	0	1	0	0	1	1	1	1	1	1	1	1	
0	0	0	0	0	0	0	0	0	0	0	0	1	0	0	1	1	1	0	0	0	0	0	1	0	2	1	0	0	1	0	1	1	1	0	1	1	1	1	0	1	0	1	1	1	0	1	0	1	0	1	1	1	1	1	0	1	1	1	1	1	0	1	1	0	1	0	1	1	1	1	0	1	2	0	0	0	1	1	1	0	0	1	1	0	1	0	1	1	1	1	0	0	1	0	0	1	1	0	0	
0	1	0	1	0	0	0	2	0	0	1	0	0	0	0	0	0	1	1	0	0	0	1	0	1	0	1	0	0	1	0	0	0	0	1	0	0	1	1	0	1	2	1	0	0	1	1	0	1	1	1	1	0	0	1	1	0	0	0	1	0	1	0	0	1	0	1	0	1	0	1	1	1	1	1	1	0	0	0	0	1	1	0	0	0	1	0	0	0	0	0	0	1	1	1	1	1	1	0	1	
0	0	1	1	1	0	1	1	1	1	0	0	0	1	1	1	0	0	1	1	0	1	0	2	1	0	0	0	1	1	0	0	0	0	0	1	0	0	0	0	0	0	0	1	1	0	0	1	0	1	1	1	1	0	1	0	1	0	0	0	0	1	0	0	0	0	0	0	0	1	1	1	0	1	1	0	1	2	1	1	0	0	1	0	0	0	0	1	0	1	0	1	0	1	0	1	0	1	1	1	
1	1	1	1	1	1	0	0	0	0	0	0	1	1	2	1	0	0	1	0	0	1	0	0	0	1	1	0	1	0	1	1	1	2	0	0	0	0	1	0	1	1	1	0	0	1	1	0	0	0	1	0	0	1	0	0	1	0	0	0	0	1	1	0	0	0	1	1	1	0	1	1	1	0	1	0	0	1	0	1	0	1	0	0	1	1	0	0	1	0	1	1	0	0	0	1	1	0	1	0	
0	1	0	0	1	0	1	0	1	1	0	0	0	1	1	1	2	0	0	0	0	0	0	0	0	1	0	1	1	1	0	1	1	0	1	2	1	1	0	1	0	0	1	0	1	0	1	1	1	0	1	1	1	1	1	1	1	1	1	0	1	1	1	0	1	0	0	1	0	0	0	0	1	0	0	0	1	0	1	0	0	0	0	0	1	0	1	0	1	0	0	0	1	0	1	1	1	1	1	0	
0	0	2	1	1	1	1	0	0	0	1	1	1	0	1	1	0	0	0	1	0	1	0	1	0	1	1	0	1	1	1	1	1	1	1	1	0	0	0	1	0	1	0	1	0	0	1	1	0	0	1	1	1	1	1	1	0	1	0	0	1	0	0	0	0	0	1	0	0	0	1	0	1	0	2	1	0	1	0	1	1	1	1	1	0	0	0	0	1	0	1	1	0	0	0	0	1	0	0	0	
0	1	1	0	0	0	0	1	1	0	1	0	2	0	1	1	1	0	1	1	1	0	0	1	0	0	1	1	1	1	1	0	0	1	1	1	1	0	1	1	0	0	1	1	1	0	0	0	1	1	1	1	0	1	0	1	1	0	0	0	1	0	1	0	0	1	1	1	0	0	1	0	0	0	1	0	1	1	0	1	1	0	1	0	1	0	0	0	0	0	0	1	1	0	1	0	1	2	0	1	
0	0	0	1	1	1	0	1	0	0	1	0	1	0	0	1	0	0	0	0	1	0	1	0	1	1	0	1	0	0	1	0	1	0	1	0	1	1	1	1	1	1	1	2	0	0	1	1	0	0	0	0	1	1	0	0	0	0	1	0	0	0	0	0	0	1	1	0	1	0	0	0	2	0	1	1	1	0	0	0	0	0	0	0	0	1	0	1	1	1	1	0	1	0	1	0	0	1	1	1	
1	0	0	0	1	0	0	0	1	0	1	0	0	2	0	0	1	1	0	0	0	0	1	1	0	0	0	0	0	0	0	1	1	0	0	0	0	1	0	0	0	1	0	1	0	1	1	0	1	0	0	1	0	0	0	0	0	1	0	0	1	0	0	0	1	1	1	1	1	1	0	0	1	1	0	1	1	1	1	1	1	1	0	0	0	1	1	1	0	2	1	0	0	1	0	0	0	0	1	0	
1	0	0	1	0	0	1	1	1	1	0	1	1	0	1	1	0	1	1	0	0	1	1	0	1	1	1	0	1	1	2	1	0	0	0	1	0	1	1	1	1	0	1	0	1	0	1	1	0	1	0	1	0	1	0	0	0	1	1	1	1	0	1	0	1	1	0	0	1	0	0	0	0	0	2	1	0	0	2	1	1	1	2	0	0	1	1	0	1	0	0	0	0	0	1	1	0	1	1	1	
1	1	0	0	0	1	0	1	0	0	0	0	0	1	1	1	0	0	0	1	1	1	1	1	1	1	0	1	1	0	0	1	1	1	1	0	1	0	1	0	1	0	0	0	0	0	1	1	1	1	0	1	1	1	1	1	0	1	0	1	0	1	1	0	0	0	1	0	0	0	1	1	1	0	1	0	0	0	1	1	0	1	0	0	1	1	0	0	1	1	2	1	1	0	0	1	0	1	1	1	
1	1	0	0	1	0	0	0	0	0	0	1	0	0	1	2	0	0	0	0	0	0	0	0	0	1	0	1	0	0	1	1	0	0	0	0	0	1	1	0	0	0	0	1	0	0	1	0	0	0	1	1	1	0	1	1	0	1	1	1	0	0	1	1	1	1	1	1	0	1	1	0	0	0	2	1	0	1	0	1	0	1	0	0	0	0	2	0	1	1	0	1	0	1	0	1	0	1	0	1	
0	1	0	1	1	0	0	2	1	0	0	1	1	1	1	2	0	0	1	2	0	0	1	1	0	0	1	1	0	1	0	1	0	1	1	0	0	0	1	1	0	1	0	0	0	1	1	0	1	0	1	1	1	1	0	1	1	0	1	0	1	0	1	1	1	1	1	1	1	2	1	0	0	1	1	1	0	0	1	0	1	0	1	0	0	0	1	0	1	1	0	0	2	1	0	1	1	1	1	0	
1	1	1	0	1	1	1	1	0	0	1	1	0	1	0	1	0	1	0	0	1	1	0	0	1	1	0	1	0	0	1	1	0	0	1	0	0	1	1	0	1	1	0	0	1	0	1	2	1	1	0	1	1	0	1	0	1	0	1	0	0	0	1	1	1	1	0	0	1	1	0	1	1	0	0	1	1	1	1	0	1	1	0	1	1	0	1	1	1	1	1	0	1	0	0	0	1	0	0	0	
1	0	1	1	0	1	0	1	0	0	0	2	1	1	0	1	0	1	1	1	1	0	0	0	1	0	0	0	1	1	1	0	0	0	0	0	1	1	0	0	0	0	1	0	0	0	0	0	0	0	1	1	1	0	0	2	1	1	0	1	0	1	0	1	1	1	1	1	0	0	0	0	0	1	0	1	1	1	0	1	0	2	1	1	0	0	0	1	0	0	0	1	1	0	1	0	1	1	1	1	
0	0	0	2	0	0	0	0	0	1	0	0	0	0	1	1	1	1	1	1	0	0	0	0	0	1	1	1	1	0	0	1	0	0	1	0	1	0	0	1	1	1	0	0	1	1	0	0	1	1	0	1	0	0	0	1	1	2	0	1	1	1	0	0	2	0	1	0	1	1	1	0	0	0	1	0	1	0	1	1	1	1	1	0	0	1	0	0	1	0	0	1	0	1	1	0	0	0	1	0	
0	1	1	1	1	0	0	1	0	1	2	1	0	0	0	0	1	0	0	1	0	0	1	0	1	0	0	0	0	1	1	2	1	1	0	0	1	1	1	0	0	1	0	0	0	0	1	1	1	0	0	1	0	0	1	0	0	0	1	0	0	2	1	1	0	1	1	0	1	0	0	1	0	1	0	0	0	1	1	0	1	0	1	0	0	0	1	1	0	0	0	1	0	0	0	0	0	0	0	1	
0	0	0	1	0	1	1	1	0	0	0	0	0	0	1	1	1	0	1	1	1	2	0	0	1	1	0	1	0	1	0	1	1	1	0	0	1	0	0	1	1	1	0	1	0	0	0	1	1	1	1	0	0	0	0	0	0	0	0	0	0	2	0	1	0	1	0	0	0	0	1	1	2	0	1	1	1	1	0	0	1	0	0	2	1	0	1	1	1	0	0	0	1	1	1	0	0	1	0	0	
1	1	1	1	0	0	0	1	0	1	0	0	0	0	0	0	1	1	0	2	0	1	0	0	0	0	1	0	1	1	0	0	0	1	0	1	1	0	1	0	1	0	1	1	1	0	0	0	0	1	1	1	0	0	0	0	1	0	1	1	0	0	0	1	1	0	1	1	1	0	1	0	0	0	0	1	1	1	1	0	1	0	0	1	1	0	0	0	0	1	1	1	1	0	1	2	1	0	1	0	
1	1	2	0	0	1	1	1	0	1	0	1	0	1	0	1	0	1	0	0	0	0	0	0	0	0	1	1	0	1	0	1	1	0	1	1	1	1	1	1	1	1	0	0	1	1	1	1	0	1	1	0	0	1	0	1	1	1	1	1	1	1	1	1	0	0	0	0	1	1	1	0	1	1	1	1	0	1	0	0	0	0	1	0	1	0	1	1	1	1	2	0	0	0	0	0	1	0	0	0	
1	0	1	0	1	0	0	1	1	1	0	0	1	0	0	0	0	1	1	1	0	0	0	1	0	0	0	1	1	1	1	1	0	0	1	1	1	1	0	0	0	1	1	1	1	1	1	0	1	0	1	0	1	1	1	1	0	0	1	0	1	0	2	0	1	0	0	1	1	0	2	0	0	1	1	0	1	1	1	0	1	1	0	0	1	1	1	1	1	1	1	0	0	1	1	0	1	1	1	0	
0	0	0	0	1	1	1	0	1	1	1	1	0	0	0	0	1	0	0	1	0	1	1	1	1	1	1	0	1	1	0	1	0	1	1	0	1	0	0	1	0	0	1	0	1	1	0	1	0	0	0	0	0	0	1	0	1	1	0	0	0	1	0	0	0	0	1	0	1	1	0	1	0	1	1	0	1	1	1	0	0	1	1	0	0	1	0	1	1	0	1	0	1	0	0	1	0	0	0	0	
1	0	0	0	1	0	1	0	1	0	1	0	0	1	0	1	1	0	1	1	1	0	1	1	1	0	1	1	1	0	1	1	0	0	1	0	0	1	1	1	1	0	0	1	0	0	1	1	0	0	1	1	0	1	0	1	0	1	1	1	0	1	1	0	1	0	1	0	0	1	0	0	1	0	1	0	1	0	0	0	0	0	0	0	1	1	0	0	1	1	0	0	1	1	0	1	0	1	1	1	
1	1	0	1	0	1	1	1	0	0	1	0	1	1	0	0	0	0	1	1	1	1	1	1	1	2	1	0	0	0	0	1	1	0	1	0	0	0	1	0	1	1	0	1	1	0	0	0	1	0	1	0	0	1	0	0	0	1	1	0	1	0	1	0	0	0	0	0	1	0	0	1	0	0	0	1	1	1	1	1	1	0	1	1	1	0	0	0	0	1	0	1	0	1	0	1	2	1	1	0	
0	1	0	1	1	0	0	0	0	1	0	0	1	1	1	1	0	1	1	1	0	0	0	0	0	0	0	1	1	0	0	0	1	1	0	1	1	0	2	0	1	0	1	0	0	0	0	1	0	1	0	1	0	1	0	0	1	0	0	1	1	0	1	0	0	1	1	0	0	1	0	0	0	1	0	1	0	1	2	0	1	0	0	2	1	1	1	0	0	1	0	1	1	1	0	0	1	1	1	0	
1	1	0	0	1	1	1	0	1	0	0	0	1	1	1	1	0	1	1	1	0	2	1	0	1	0	0	1	1	0	1	0	1	0	0	1	1	0	0	1	1	1	1	1	0	0	0	0	0	1	1	0	0	0	0	1	0	0	1	0	0	1	1	1	1	1	0	0	1	0	1	0	1	0	1	1	1	1	1	0	0	0	1	1	1	1	0	0	1	1	1	1	1	0	1	1	0	1	0	1	
1	0	0	0	1	1	1	1	0	0	0	1	1	0	1	1	0	0	1	1	0	1	0	0	0	0	1	0	1	1	0	1	0	1	1	1	0	1	0	1	0	1	0	0	0	1	1	0	1	0	0	0	0	0	1	1	0	1	0	1	0	1	1	1	0	0	1	1	1	0	0	0	0	1	1	1	0	1	0	0	0	0	0	1	1	0	1	1	0	0	0	1	1	1	0	1	1	0	0	0	
1	1	0	0	1	0	1	1	2	0	0	0	1	0	0	0	0	1	1	1	0	0	0	1	1	0	1	1	1	0	1	1	0	0	1	1	1	0	0	1	0	1	1	1	1	1	0	1	0	1	1	0	1	0	0	1	1	0	0	1	1	0	1	2	1	1	0	1	0	1	0	1	0	1	0	1	0	0	1	0	1	1	0	1	1	1	0	1	1	0	0	1	0	1	0	0	2	1	1	1	
1	0	1	1	0	1	1	0	1	1	1	0	1	1	0	0	0	0	0	1	1	1	0	1	0	0	1	0	1	1	1	0	0	0	2	1	2	0	0	2	1	0	1	1	1	1	0	0	0	0	0	0	0	0	1	0	0	0	0	0	0	0	0	0	0	2	0	0	1	0	1	0	0	0	0	0	0	0	0	0	1	0	0	0	0	0	1	0	0	1	1	0	0	1	1	0	1	1	1	0	
0	1	0	1	0	1	1	0	2	1	0	1	0	0	1	1	0	0	1	0	0	1	0	1	1	0	0	0	0	1	0	0	1	0	0	1	0	1	0	0	0	1	1	0	1	0	1	0	1	1	1	0	0	1	1	0	0	0	1	2	1	1	1	1	1	0	1	1	0	1	0	0	1	1	1	0	1	1	1	1	0	0	1	1	2	1	0	0	1	0	1	0	0	1	1	1	0	0	1	1	
0	0	1	0	0	0	0	0	0	1	1	1	0	1	0	0	1	1	1	1	1	1	1	0	0	0	1	1	1	0	0	1	1	0	0	1	0	0	0	1	0	1	0	0	2	0	1	1	1	0	0	0	1	1	1	0	1	0	1	0	1	1	0	1	0	1	0	1	2	1	1	1	2	1	1	0	1	1	1	1	1	1	1	0	0	0	1	1	1	1	1	0	1	0	1	0	0	1	0	1	
1	2	1	0	1	0	1	0	1	1	1	1	0	2	0	1	0	0	1	0	1	0	1	0	0	0	0	0	1	1	0	1	1	1	1	0	0	0	1	0	1	0	0	1	1	0	1	0	0	1	1	1	0	0	1	0	1	1	1	1	1	0	0	0	0	1	1	1	1	0	1	2	1	0	0	1	0	0	0	1	1	0	0	1	0	1	0	1	1	1	0	1	1	1	1	1	0	0	1	0	
0	0	1	0	1	0	1	0	1	0	0	0	0	1	1	1	1	0	1	0	0	0	0	0	0	1	0	0	1	1	1	0	1	0	1	0	0	0	0	0	1	0	0	0	0	1	1	0	1	0	0	1	1	0	0	1	0	0	0	1	0	0	1	0	0	0	1	1	1	0	0	0	1	1	1	0	0	1	0	1	1	0	0	1	0	1	0	0	0	0	1	1	1	0	1	1	1	0	1	0	
1	0	2	1	0	0	1	0	1	1	1	0	1	0	0	0	0	0	1	0	0	0	0	1	0	0	0	1	0	0	0	1	0	1	0	0	0	0	1	0	0	0	2	1	1	0	1	0	1	1	0	1	1	1	0	0	1	1	0	0	0	0	1	0	0	0	0	1	2	0	1	1	0	0	0	1	0	1	1	0	0	0	1	0	1	1	1	0	0	0	1	1	0	0	0	0	0	1	0	0	
1	0	1	1	0	0	1	1	1	1	0	0	0	1	0	0	1	0	0	0	1	0	0	1	1	0	1	0	0	1	1	0	0	0	1	0	1	1	1	0	0	0	1	1	1	1	0	0	0	1	0	0	1	1	1	1	0	0	0	0	1	0	1	0	0	0	0	0	0	1	1	0	0	0	1	2	0	0	0	1	1	0	0	0	1	0	1	0	0	1	1	1	0	0	1	2	1	1	0	0	
0	1	1	1	0	1	0	0	1	0	0	1	0	0	0	1	0	1	1	1	1	1	1	0	0	1	0	0	0	1	0	1	1	0	1	1	0	0	1	1	1	1	1	0	1	0	0	0	0	0	0	1	0	1	1	0	0	0	1	0	0	1	0	0	1	1	1	1	1	0	0	1	1	1	1	1	2	1	1	1	0	0	1	0	1	0	0	1	0	0	0	1	0	0	1	0	1	1	1	0	
0	0	1	0	0	0	1	1	0	0	0	1	1	0	1	1	1	0	0	0	1	0	0	0	0	1	0	1	2	1	1	0	1	0	0	0	1	2	2	0	1	0	1	1	0	0	0	0	1	1	1	1	0	0	1	1	0	1	0	1	1	1	0	0	1	0	1	0	0	0	0	0	0	0	0	0	1	1	0	0	0	1	1	1	2	1	0	1	0	2	0	1	1	1	1	0	1	1	0	0	
0	0	0	1	0	1	1	0	0	1	1	1	1	0	0	0	1	0	0	0	0	1	1	0	0	1	1	1	0	1	1	0	1	1	0	1	0	1	1	0	1	0	0	0	1	0	0	1	0	1	0	1	1	1	1	1	0	0	1	1	1	1	0	0	1	0	1	0	0	0	0	1	0	1	1	1	0	0	1	1	1	0	0	0	1	1	1	1	1	2	0	0	0	1	1	1	0	0	1	1	
1	1	1	0	0	1	1	1	1	1	0	2	1	0	0	0	0	0	0	1	0	1	0	1	0	2	0	0	0	1	0	0	1	0	1	0	1	0	0	0	1	1	0	1	1	1	0	0	1	0	1	0	1	0	0	1	0	2	1	1	0	1	1	0	0	1	1	0	1	1	1	1	1	0	0	0	2	0	1	1	1	0	0	1	0	0	0	0	0	0	0	0	1	1	1	1	0	1	0	1	
0	1	0	2	0	0	0	0	0	0	0	1	1	0	0	0	0	0	0	1	2	1	1	1	1	1	0	1	0	0	0	1	1	1	0	0	1	1	0	0	1	0	1	0	0	1	0	1	1	0	0	1	1	0	1	0	0	0	1	1	1	0	0	1	1	1	0	1	0	1	1	0	1	0	0	0	1	0	1	1	0	0	1	0	0	2	1	0	1	1	1	1	0	0	0	1	1	1	0	0	
1	0	0	0	0	2	1	1	0	0	0	1	0	0	1	0	1	0	1	1	0	1	1	1	0	0	0	0	1	0	0	1	0	0	1	1	1	0	1	1	1	1	1	0	0	0	1	0	1	0	0	1	0	1	1	1	1	1	1	0	0	1	0	0	0	0	0	1	0	0	1	2	1	1	0	1	1	0	1	1	0	0	0	1	0	0	1	1	1	0	1	1	0	0	1	0	0	0	0	1	
0	0	0	1	0	0	2	1	0	0	0	1	1	1	0	0	1	0	0	0	1	1	0	0	0	0	1	1	0	1	1	0	1	0	0	1	0	0	1	0	0	0	1	0	1	1	0	0	0	0	1	0	1	0	0	1	0	1	0	1	1	0	1	1	0	0	0	1	1	0	0	0	1	1	1	0	0	1	1	1	0	1	1	0	1	0	1	0	0	1	0	0	0	0	1	0	0	0	0	0	
0	0	1	0	1	0	0	1	1	0	0	1	0	0	0	0	0	1	1	1	0	1	1	0	1	0	0	1	1	1	0	0	1	0	0	1	0	1	0	1	0	0	0	1	0	1	0	0	1	0	0	0	0	0	1	0	1	1	1	1	0	0	1	1	0	1	0	0	0	0	1	1	1	1	1	1	0	0	1	0	1	1	0	0	2	0	1	0	1	1	1	1	0	1	1	0	0	0	1	1	
1	1	1	1	1	0	1	1	1	0	0	1	1	0	0	0	0	1	0	0	1	1	1	1	1	0	0	1	1	0	1	0	0	1	0	0	0	1	0	1	0	0	0	1	1	1	0	0	1	0	1	0	0	1	1	2	0	1	0	1	0	1	0	0	0	1	1	0	1	0	0	0	1	0	0	1	0	0	1	0	0	1	1	0	0	1	1	0	1	0	1	0	1	1	0	0	0	1	1	0	
1	1	1	1	0	0	0	1	0	0	0	0	1	1	1	0	0	0	1	0	1	1	1	0	1	0	0	0	0	1	1	0	0	0	0	0	1	0	1	0	1	2	0	0	0	1	0	1	1	1	1	1	0	0	2	0	1	0	1	1	0	1	0	1	0	0	0	0	0	1	0	0	0	0	1	0	0	1	0	1	0	0	1	1	0	0	0	1	1	0	0	0	1	1	1	1	0	0	1	0	
0	0	0	0	1	1	1	1	0	0	1	1	0	1	1	0	0	1	1	1	1	0	0	0	1	0	0	0	0	0	0	1	1	1	1	1	0	0	0	1	0	0	0	0	0	0	1	1	0	0	1	1	1	0	1	1	0	1	0	2	1	1	0	0	1	1	0	1	1	0	0	1	1	1	0	1	1	1	0	0	1	0	0	0	0	0	1	1	0	0	1	0	1	0	1	0	0	1	1	1	
0	1	0	0	0	0	1	0	1	1	1	1	1	1	0	2	1	1	1	0	1	2	0	0	0	0	1	1	1	0	0	1	1	0	0	1	1	1	1	1	0	0	0	1	0	0	0	1	1	0	1	1	1	1	1	1	1	0	0	0	0	0	0	0	0	0	1	1	1	1	1	0	0	0	0	1	2	1	0	0	1	0	1	0	0	0	0	1	1	0	0	0	1	1	0	1	1	1	1	1	
1	1	0	1	0	0	1	1	2	1	0	0	1	0	1	1	1	0	1	1	1	0	1	0	0	1	2	1	1	1	0	1	1	0	0	0	1	1	0	0	0	0	0	1	1	2	0	1	0	1	0	0	0	1	0	0	1	0	0	1	1	1	0	1	1	0	0	1	1	0	1	0	1	0	2	1	1	0	1	1	1	1	0	2	1	1	0	0	0	1	1	0	1	0	2	1	1	0	0	0	
1	1	1	1	0	0	1	0	0	1	1	0	0	0	1	0	1	1	1	1	0	1	0	0	0	1	0	1	0	0	1	1	1	0	0	0	1	1	1	1	0	0	0	1	0	1	0	1	0	0	0	1	2	1	0	1	1	0	1	0	1	0	0	1	0	0	0	0	0	1	0	1	0	0	0	1	1	1	0	0	0	1	0	0	1	1	1	0	1	0	0	1	0	0	1	0	0	1	1	0	
1	0	1	2	1	0	0	1	1	1	0	1	0	1	0	1	1	1	0	1	1	0	0	1	0	1	1	1	1	1	0	0	0	0	1	1	1	1	0	0	1	1	0	0	1	1	1	1	1	1	0	2	1	0	0	0	0	1	0	0	0	0	0	1	1	0	1	1	0	0	1	0	1	1	1	0	2	0	1	0	1	2	0	0	1	1	1	1	1	0	1	1	0	0	0	0	1	0	0	0	
0	1	0	0	1	1	1	1	0	0	1	1	1	1	0	1	0	1	0	0	0	1	0	1	0	0	0	1	1	1	1	0	1	0	1	1	1	1	0	1	1	0	1	0	1	0	1	0	1	1	0	1	0	0	2	0	1	1	1	1	1	1	1	0	0	1	0	0	0	0	0	1	0	0	1	1	1	1	0	1	0	1	0	0	0	1	0	0	1	1	0	1	1	0	1	1	0	0	1	0	
0	2	0	1	1	0	0	0	0	0	1	1	1	2	1	1	0	1	1	1	0	1	0	0	1	0	0	0	1	1	2	1	0	1	2	0	0	0	1	1	0	0	1	1	0	1	1	0	0	1	0	1	0	1	0	1	0	0	1	1	0	0	0	0	1	1	1	0	0	1	0	0	0	1	1	1	0	0	2	0	0	1	0	0	0	0	1	0	0	0	0	0	1	1	0	0	1	1	0	1	
0	0	0	0	0	1	0	0	0	0	0	1	0	0	1	1	0	1	0	1	0	1	1	1	1	0	1	0	1	1	0	1	0	0	1	0	1	0	0	0	1	0	0	0	0	1	0	0	0	1	1	1	0	1	1	0	1	0	0	1	1	0	0	0	1	1	1	0	1	1	0	1	1	1	1	1	0	0	1	1	1	0	0	0	0	0	0	0	0	1	0	1	0	0	1	1	0	1	1	0	
0	0	0	0	0	1	0	0	0	1	0	0	0	0	1	1	1	1	1	1	0	2	0	1	1	0	0	0	0	1	0	1	0	0	0	0	1	1	0	1	1	1	1	0	1	1	0	1	1	1	1	1	0	1	0	2	1	2	0	1	1	1	1	0	0	0	0	0	1	1	1	0	1	0	1	0	1	0	0	1	0	1	2	0	0	1	1	0	0	0	1	1	0	1	1	0	1	1	0	1	
1	0	1	0	1	1	1	0	0	1	0	1	0	0	1	1	1	0	1	1	1	0	1	0	0	1	1	0	0	1	0	1	0	1	0	0	0	1	0	1	1	1	1	1	1	1	2	1	1	1	1	0	0	1	1	0	1	0	1	0	1	1	0	0	1	1	1	1	2	0	0	0	0	1	0	1	0	1	1	0	0	0	1	0	1	1	1	1	1	1	1	0	0	0	1	1	0	0	1	1	
0	1	1	0	1	0	1	0	0	1	0	0	1	0	0	0	1	0	1	1	0	1	1	1	0	1	0	1	1	0	0	0	0	0	1	0	1	1	0	0	0	1	0	1	0	0	1	1	1	1	1	0	0	0	0	1	0	0	1	1	1	1	1	1	0	1	1	1	0	1	0	0	0	0	1	0	1	0	2	0	0	2	1	1	0	1	0	1	1	1	0	0	0	0	1	1	0	0	1	0	
1	0	1	0	0	0	1	1	0	0	0	1	0	0	1	0	0	0	1	1	1	1	0	1	0	1	1	0	0	1	1	1	1	1	1	0	0	1	0	0	1	1	0	1	0	1	0	0	0	1	1	0	1	1	0	0	1	0	1	1	1	0	1	1	0	1	0	1	1	0	0	1	0	0	0	1	1	0	0	0	1	0	0	0	1	0	1	1	0	1	0	0	1	0	0	1	1	1	1	0	
0	0	0	0	0	0	1	0	0	0	1	1	1	0	1	1	0	1	0	0	1	1	0	1	0	0	0	1	1	1	1	1	1	0	0	0	1	1	1	1	1	1	0	1	1	0	1	0	1	1	1	0	0	0	0	1	1	1	0	0	2	1	0	1	0	1	1	1	0	0	1	1	1	2	0	1	0	0	1	0	0	1	1	1	1	1	1	1	0	1	1	0	1	1	0	0	0	0	1	1	
0	0	1	1	0	1	0	1	1	1	0	1	0	1	0	1	0	1	0	0	0	0	1	0	0	0	0	0	0	1	0	0	0	1	0	1	1	0	0	1	0	0	1	1	1	0	1	1	1	1	1	1	0	0	0	1	1	1	1	1	1	0	1	1	1	0	0	1	0	1	0	0	1	1	1	0	0	1	0	0	0	0	1	0	0	1	0	0	0	0	0	0	0	0	0	1	1	1	0	0	
1	0	1	0	1	0	1	1	1	0	1	1	1	1	0	1	1	0	1	1	2	1	0	0	1	0	1	0	1	2	0	1	1	0	0	0	1	1	1	1	1	0	0	1	0	1	0	0	1	0	1	1	1	0	0	0	1	0	0	1	0	1	0	0	0	1	1	0	1	1	0	2	1	1	1	0	1	1	0	1	1	1	0	0	0	1	0	1	1	0	0	1	0	0	0	0	0	0	0	1	
1	1	1	1	1	1	0	0	0	2	1	0	1	0	2	0	1	0	1	1	0	0	0	0	0	0	0	0	1	1	2	1	0	0	1	1	1	0	1	1	1	1	1	1	1	0	0	0	0	0	0	1	1	1	1	1	1	1	0	0	1	0	1	1	1	0	1	0	0	1	1	1	1	1	0	1	0	1	1	1	1	1	1	0	2	0	1	0	1	0	0	1	1	0	0	0	1	0	0	1	
1	1	1	0	1	1	1	1	0	1	0	1	0	1	1	1	0	0	0	1	1	1	0	1	1	1	0	1	0	0	1	0	0	1	0	1	0	1	1	0	1	0	1	0	0	1	0	0	0	1	0	0	1	0	0	0	0	0	1	1	0	1	1	1	0	0	0	1	1	0	1	0	1	0	0	1	1	2	0	1	0	0	1	1	1	1	0	0	1	2	0	1	0	1	1	1	1	1	1	0	
1	0	1	1	1	0	1	0	0	1	0	0	0	1	1	1	0	1	1	1	1	0	0	0	0	1	0	1	0	1	2	0	0	0	1	0	1	1	1	1	1	2	1	0	1	1	1	0	1	0	1	1	1	0	1	1	1	0	0	1	1	0	1	0	0	1	0	1	0	0	0	1	1	0	0	1	1	1	0	1	1	1	1	0	1	0	0	1	1	0	0	0	1	1	1	0	0	1	0	0	
1	1	1	0	0	1	0	1	1	0	0	0	0	0	0	1	0	0	1	1	0	0	0	1	0	1	1	1	0	0	0	0	0	1	1	1	1	0	1	0	1	0	1	1	0	1	2	0	1	0	0	1	1	0	1	0	1	0	1	1	1	0	0	2	1	1	0	0	0	0	1	2	0	1	1	0	0	1	1	0	0	1	1	1	0	1	0	1	1	1	0	0	1	0	0	1	1	0	1	1	
1	0	0	0	0	0	0	1	0	0	0	0	1	1	0	0	1	0	1	0	0	0	0	0	1	1	1	0	1	0	0	1	0	0	0	1	1	1	1	0	1	0	0	1	0	0	1	0	1	1	0	1	0	0	1	1	0	1	2	1	0	0	0	0	1	0	0	0	1	2	0	0	0	0	1	0	1	1	1	1	1	1	0	1	1	0	0	1	1	0	1	1	0	0	0	1	0	0	1	1	
1	1	0	1	0	1	0	0	0	2	1	0	0	2	1	1	0	1	0	0	0	0	0	1	0	1	1	1	1	1	0	0	0	1	0	0	2	0	0	1	0	0	0	1	0	0	1	0	2	1	1	1	1	1	0	1	1	0	0	0	1	0	0	0	0	0	1	0	1	1	1	0	1	0	0	1	1	1	0	0	0	1	0	0	0	1	1	0	0	1	0	0	1	1	1	0	1	1	0	1	
0	1	0	1	0	1	2	0	0	0	0	1	1	0	0	1	0	1	0	1	0	1	0	1	0	0	0	1	2	0	0	2	0	0	1	1	1	1	0	1	1	0	0	1	0	0	0	1	0	1	1	0	0	0	0	1	0	1	0	1	1	1	0	0	0	0	0	1	1	1	0	0	0	1	0	0	1	0	0	1	1	0	0	1	1	1	0	1	1	0	0	0	1	1	1	1	1	1	0	1	
0	0	0	1	1	1	1	0	0	0	0	1	0	1	0	0	1	0	1	0	0	0	0	1	1	0	1	1	1	1	0	1	1	1	0	0	1	0	0	1	1	0	1	0	0	1	1	1	1	1	0	1	0	0	1	0	1	0	1	1	1	0	1	1	1	0	0	1	0	1	0	1	0	0	0	1	1	0	0	0	0	0	1	0	0	1	1	0	1	0	1	1	1	1	0	0	1	0	0	0	
1	0	0	1	0	1	1	1	0	1	0	1	1	0	1	0	1	0	0	0	1	0	0	0	1	0	1	1	0	0	1	1	1	0	1	0	1	0	0	0	1	1	1	0	1	1	0	1	0	2	0	0	0	0	1	1	1	0	1	1	1	1	0	1	0	0	1	1	1	0	0	0	0	1	0	1	1	0	1	1	0	0	1	0	1	0	1	0	0	0	0	1	1	0	0	1	1	0	1	1	
1	0	1	1	1	1	0	1	1	1	1	0	1	0	1	0	0	0	0	1	0	1	1	1	0	1	1	0	1	0	0	1	1	1	0	1	1	0	0	0	0	0	1	1	1	0	1	0	2	0	1	1	0	1	0	1	1	0	0	0	1	0	0	0	1	1	0	1	0	1	1	1	1	1	0	1	1	1	0	0	1	1	0	0	0	0	1	0	1	1	2	1	0	0	0	0	0	2	1	0	
0	0	1	1	0	1	0	0	0	1	0	0	0	1	0	0	0	0	1	1	1	1	0	0	0	0	1	1	1	0	1	0	0	0	0	0	0	0	1	0	1	1	0	1	0	0	0	1	1	0	1	0	0	1	1	1	1	0	2	0	0	1	1	0	1	0	1	0	0	1	0	0	0	0	0	0	1	0	0	1	0	1	2	1	0	1	0	1	0	1	1	0	1	1	1	1	0	0	1	1	
0	0	0	0	1	0	0	2	0	0	0	0	0	0	1	1	1	0	0	0	1	0	0	0	1	1	1	1	0	1	1	1	0	1	1	0	0	1	0	1	0	1	1	1	1	0	1	0	1	0	1	1	1	1	0	1	1	1	1	1	1	0	0	0	0	1	0	1	0	0	1	1	0	0	1	0	0	0	1	0	0	0	1	1	1	0	0	1	0	0	1	0	0	1	0	1	1	1	0	1	
1	1	1	1	0	0	0	0	0	0	0	0	0	0	0	1	0	1	1	0	2	2	1	0	0	1	1	0	0	1	2	0	0	1	0	0	0	0	1	0	0	1	0	1	0	1	0	1	1	1	1	0	1	0	1	1	1	0	1	0	1	0	0	1	1	1	1	1	1	0	1	0	1	1	1	0	1	1	0	0	1	1	0	0	0	1	0	0	1	1	1	0	1	1	1	0	0	0	0	1	
0	1	1	2	1	1	1	1	1	0	1	0	0	1	0	0	0	0	0	0	1	0	0	1	0	0	0	0	0	0	0	0	0	1	1	0	1	0	0	0	1	0	1	1	0	1	1	1	0	0	1	1	0	0	2	1	0	0	1	1	1	1	1	1	0	0	0	1	0	1	1	0	0	1	0	0	0	0	2	2	1	0	0	1	1	1	1	1	1	1	1	1	1	0	1	1	1	1	0	0	
0	0	1	0	1	1	0	1	0	1	0	1	1	1	0	1	1	0	1	0	0	0	1	1	0	0	1	1	1	1	0	0	1	1	0	0	0	1	0	1	0	1	0	0	1	1	0	1	0	0	1	1	1	1	0	0	1	1	1	1	0	1	0	0	1	0	1	0	1	0	1	0	1	1	0	1	0	0	1	1	1	0	0	1	0	1	0	0	1	1	1	0	0	1	1	1	1	1	1	0	
0	0	0	1	0	1	1	0	0	0	1	0	0	0	1	0	0	0	1	0	0	0	1	0	1	1	0	1	0	1	1	0	1	0	0	0	1	1	1	1	1	0	0	2	1	1	0	1	1	0	1	0	1	1	0	1	1	0	0	1	1	0	0	0	2	1	1	0	1	0	0	0	0	0	0	1	1	0	1	1	1	1	0	1	0	0	1	1	0	0	0	0	0	0	0	0	0	1	1	0	

6	50031	99994	100130	249316	150660	

7	50028	99982	100130	249268	150660	

8	50028	99980	100132	249264	150656	

9	50022	99954	100134	249170	150646	

10	50017	99942	100126	249142	150626	
10	
0	0	1	0	0	0	1	0	0	0	1	0	1	1	0	0	0	1	1	1	0	1	2	1	1	1	0	1	0	0	0	0	0	0	1	0	0	2	1	0	1	0	1	0	0	0	0	1	1	0	1	0	0	0	0	0	0	0	0	1	1	0	0	1	0	1	0	1	0	0	0	0	0	0	1	0	0	0	0	1	0	1	1	0	1	0	1	1	0	0	1	0	0	0	0	1	1	0	0	0	
1	0	1	1	1	0	0	0	1	0	0	1	1	1	1	1	1	0	0	0	0	0	0	0	2	0	1	0	0	0	1	0	1	1	0	0	2	0	1	0	1	0	0	0	0	2	1	0	1	1	1	1	1	0	1	1	0	0	1	0	0	1	1	1	0	0	0	1	1	1	0	1	1	0	0	1	0	1	0	2	1	0	0	0	1	1	1	0	0	1	0	1	1	1	0	1	1	0	0	0	
1	0	0	1	1	0	1	0	1	1	1	1	0	1	0	1	1	1	0	1	0	0	0	2	1	2	1	0	1	0	0	0	0	0	1	1	0	1	1	1	0	1	1	1	0	1	1	1	1	1	2	0	1	0	0	1	1	1	0	0	1	0	2	1	1	2	2	1	0	1	1	0	1	1	0	0	1	0	0	1	1	1	1	0	0	1	1	2	0	0	0	0	0	0	1	2	0	0	0	1	
0	1	2	1	0	1	0	0	1	1	0	0	1	0	2	1	0	1	0	0	0	0	1	0	1	0	0	0	2	0	0	1	0	0	0	1	1	0	1	1	0	0	0	0	0	1	1	1	0	1	1	1	1	1	1	0	1	0	0	2	1	1	1	0	1	0	1	0	0	0	0	0	1	1	0	0	0	1	0	1	0	0	0	1	0	1	0	0	1	1	0	2	1	1	0	0	0	0	1	1	
1	0	2	1	1	2	0	1	1	2	0	1	0	0	1	0	1	1	0	0	0	1	0	1	0	1	1	1	0	1	1	1	1	0	1	1	1	1	0	1	1	0	1	1	2	1	1	1	0	0	2	1	0	1	0	0	0	2	0	2	1	1	0	0	0	1	1	1	2	0	0	0	1	0	0	2	1	1	1	0	0	1	0	1	0	0	0	0	1	1	1	0	1	1	0	0	0	1	1	1	
1	1	0	0	0	0	1	1	0	0	0	0	1	1	1	1	0	1	1	1	1	0	1	1	0	0	1	0	1	0	1	1	1	0	0	1	1	0	1	1	0	0	0	0	1	0	1	1	0	0	1	2	0	1	0	0	1	1	1	1	0	0	0	1	0	1	1	0	1	1	0	0	1	1	1	1	1	1	0	1	0	0	1	0	1	1	0	1	0	0	1	1	1	1	1	1	2	1	1	1	
1	0	0	0	0	0	0	1	0	1	0	0	1	0	1	0	0	1	0	1	1	0	0	1	0	0	1	0	0	1	1	0	0	0	0	1	0	0	0	0	1	1	0	0	1	1	0	1	0	0	1	0	1	1	0	1	0	0	1	1	1	0	1	0	1	2	1	1	1	0	0	1	0	1	1	2	2	0	1	1	1	1	1	1	1	0	1	1	0	1	1	0	0	1	1	1	1	0	1	1	
0	0	0	0	0	0	1	1	1	1	0	1	1	0	1	1	1	1	0	0	0	1	0	0	1	0	0	0	0	0	1	2	1	0	0	0	0	0	1	1	1	2	2	0	1	1	1	1	1	0	0	0	0	1	1	0	0	0	0	0	1	0	1	1	0	1	0	1	1	1	1	1	0	0	1	0	1	1	0	0	1	1	0	1	1	0	0	1	0	1	0	0	1	1	1	1	1	0	1	1	
0	0	0	1	1	1	0	0	1	1	2	0	1	0	0	2	0	1	1	1	1	1	0	0	1	0	1	0	1	0	0	1	0	1	1	1	1	0	0	0	1	0	1	0	0	1	1	1	1	0	1	0	1	0	0	1	0	0	0	1	1	0	0	1	0	0	1	1	1	1	1	0	0	0	1	1	2	0	1	0	2	1	0	0	0	1	0	0	1	1	1	0	0	1	1	1	1	0	0	0	
0	0	0	1	2	1	0	2	0	0	1	0	1	0	1	0	0	0	0	0	1	1	1	1	0	1	0	1	0	1	0	0	1	1	0	1	0	0	1	1	1	0	1	1	0	0	1	0	0	0	0	0	1	1	1	0	0	0	0	0	1	1	0	1	0	0	0	0	0	0	0	1	1	1	1	0	0	0	1	0	0	2	2	1	0	1	0	1	0	0	1	1	1	1	0	0	1	0	0	0	
1	1	1	0	0	1	0	0	2	1	1	0	1	1	1	0	1	2	0	0	1	1	0	0	0	0	1	0	0	0	1	1	0	0	0	0	1	1	0	0	1	1	0	0	1	0	1	0	1	1	0	0	0	1	0	1	1	1	1	0	1	0	1	1	1	2	0	0	0	1	0	0	0	0	1	1	0	0	0	1	1	0	0	0	0	1	2	0	1	1	1	0	0	0	1	1	1	0	1	0	
0	0	1	0	1	1	0	0	1	0	0	1	0	0	0	0	1	0	1	1	1	1	1	0	1	1	0	0	0	0	1	0	1	1	0	2	0	1	1	1	1	0	1	0	1	0	1	0	0	0	0	1	0	2	0	0	1	0	1	1	0	0	0	1	0	1	0	0	0	0	0	1	0	1	0	1	1	1	1	1	0	2	0	1	0	0	1	1	0	1	0	0	1	1	0	1	0	1	1	1	
1	1	1	0	1	0	0	1	0	1	1	1	0	1	1	1	1	0	0	0	1	0	0	1	0	0	0	0	0	1	1	0	0	1	0	0	0	0	0	1	1	1	0	2	0	0	1	1	0	1	1	0	1	2	1	1	2	1	1	0	2	1	0	0	1	0	0	0	0	1	1	0	0	2	0	1	1	0	1	0	0	1	0	0	0	0	0	0	1	1	1	0	0	1	1	1	1	1	0	1	
1	1	1	1	1	0	1	1	0	1	1	1	0	0	2	0	1	1	0	0	0	0	0	1	0	1	0	0	0	1	0	0	1	0	0	1	0	1	1	0	1	0	1	1	0	1	0	0	0	1	0	0	0	1	0	0	0	0	1	0	0	1	0	1	0	0	0	1	1	1	2	1	0	0	1	0	1	1	0	2	1	0	0	0	0	1	0	1	0	1	1	1	1	0	1	0	1	1	0	1	
1	1	1	1	0	0	1	1	1	0	1	1	0	1	0	0	1	1	1	0	1	1	0	0	1	0	0	0	0	1	0	1	1	0	0	1	1	1	0	0	1	0	0	2	0	0	1	0	1	0	1	0	1	1	0	0	1	0	0	1	1	0	1	1	1	0	0	1	0	1	0	0	1	0	0	1	0	0	0	1	0	0	1	1	0	1	1	0	1	0	1	0	0	0	0	0	0	0	0	1	
1	1	0	1	1	0	0	0	0	0	0	0	2	1	0	1	1	1	1	0	0	1	0	0	1	0	1	1	0	1	1	1	1	1	0	0	1	1	0	0	1	0	1	0	0	1	0	1	0	2	1	1	0	1	1	0	1	1	0	0	0	1	1	0	0	0	0	0	1	0	0	0	1	2	0	1	1	1	1	0	0	1	0	0	1	1	0	2	0	1	0	1	1	0	0	1	0	0	0	1	
0	0	1	1	0	0	1	0	1	0	0	0	1	0	1	1	0	2	0	1	1	1	0	0	0	0	1	1	0	1	0	0	0	1	1	0	0	1	1	2	1	0	2	1	1	1	0	0	0	1	1	0	1	0	1	0	1	1	1	1	0	0	0	0	1	2	0	1	1	1	1	1	1	0	0	1	1	1	1	1	1	0	0	0	1	0	1	1	1	1	0	0	0	1	1	1	0	0	0	1	
2	1	0	0	0	1	0	1	2	0	1	0	0	1	0	1	0	1	0	0	1	1	0	1	0	1	1	0	0	2	0	0	0	1	0	1	1	1	0	1	1	0	1	0	0	1	1	0	1	0	0	1	0	0	0	1	0	1	1	1	1	0	0	0	0	0	1	1	0	1	1	0	0	0	1	1	0	1	0	1	0	1	2	0	0	1	2	1	1	1	2	1	0	0	1	2	1	0	1	1	
1	1	0	0	1	1	1	0	1	2	0	0	0	1	0	1	1	1	1	1	0	1	0	1	0	0	1	0	0	1	0	1	1	0	0	0	0	0	1	0	0	0	1	0	1	1	0	1	0	1	0	1	0	1	1	1	1	1	1	0	0	0	1	0	1	1	1	0	0	0	1	1	1	1	1	2	0	0	0	0	1	1	1	1	0	1	1	1	0	2	1	0	2	0	0	0	1	0	1	0	
0	0	1	2	1	0	1	1	0	0	1	0	1	1	2	0	0	0	1	1	0	0	1	1	0	1	0	1	0	0	0	0	0	0	0	0	0	1	1	1	1	1	0	0	0	0	1	0	1	0	0	1	1	0	1	1	1	1	1	0	1	0	1	0	1	1	1	0	0	1	0	0	0	1	0	1	1	1	0	0	1	0	1	0	0	0	0	1	0	1	1	1	1	2	0	1	1	1	1	1	
0	1	0	0	1	0	0	0	0	0	1	0	2	0	1	2	1	0	0	0	1	0	0	1	1	0	1	2	0	0	1	0	1	0	0	1	0	0	1	1	1	1	1	0	1	0	0	0	1	1	2	1	0	0	0	0	1	0	1	1	0	1	0	1	0	1	0	0	0	0	1	2	1	0	1	2	2	0	1	1	0	2	0	0	0	2	1	0	0	0	1	1	2	1	1	0	1	1	0	0	
1	0	0	1	0	0	1	1	1	1	0	1	1	1	1	1	0	0	1	1	1	1	0	1	1	1	1	1	0	0	1	0	0	0	1	0	1	0	0	1	0	0	0	0	1	0	0	0	0	1	0	0	0	1	0	0	1	0	0	1	1	1	1	0	0	0	0	0	0	1	1	0	1	0	2	0	0	0	0	1	0	0	0	1	0	1	0	0	1	0	1	1	0	0	0	0	1	1	0	0	
1	1	0	0	0	1	0	1	0	0	1	1	0	0	1	0	1	1	1	0	0	0	0	0	0	2	0	1	0	1	1	1	1	1	0	0	0	1	0	1	1	0	0	0	0	1	2	1	1	0	1	1	1	1	0	0	1	1	1	1	0	1	0	1	2	1	1	0	0	2	1	2	0	0	0	0	1	1	1	0	1	1	1	0	0	2	1	0	1	0	1	0	0	1	0	0	0	2	1	0	
1	1	0	1	0	0	1	1	2	1	0	0	0	2	1	1	0	0	1	1	1	0	1	1	1	1	0	1	1	0	1	0	1	2	0	0	0	0	1	0	0	0	1	1	1	1	1	0	0	0	1	0	0	1	0	0	0	0	0	0	0	0	0	2	1	0	0	1	1	2	0	0	1	0	2	2	0	0	1	0	0	1	0	1	2	1	2	0	1	0	1	2	1	0	0	0	0	0	0	0	
1	1	0	0	1	0	0	0	0	2	0	1	1	0	1	1	1	1	0	0	1	1	1	2	1	0	0	2	0	1	0	1	1	1	1	1	0	1	1	0	1	1	1	1	0	0	0	0	0	0	0	0	1	1	1	0	0	1	1	1	1	1	0	2	1	1	1	1	1	0	1	0	0	1	0	1	0	1	0	1	0	1	0	1	0	0	0	1	1	1	1	0	0	1	0	2	0	1	1	0	
0	1	0	0	1	1	1	1	0	1	1	2	0	0	0	0	2	1	0	0	0	0	1	1	0	0	1	1	1	2	1	1	1	1	1	0	1	1	0	0	0	0	0	1	1	0	2	1	0	1	0	1	0	0	0	0	1	0	0	1	1	0	1	0	1	0	1	1	1	1	1	0	0	0	1	1	0	0	0	1	0	0	0	1	0	1	0	0	1	1	0	1	0	1	1	0	1	0	1	1	
0	2	1	0	0	0	1	1	0	0	1	0	1	1	0	0	0	1	1	0	0	0	0	0	0	0	0	2	0	0	1	0	1	1	0	1	0	1	0	1	1	0	0	0	1	2	1	2	0	1	1	1	0	0	1	0	0	1	1	1	0	0	0	0	0	0	0	1	0	0	0	0	1	0	0	1	1	1	1	0	0	1	1	0	0	1	1	0	1	0	1	0	0	1	2	0	1	1	0	0	
1	0	0	0	1	0	0	0	1	0	0	0	1	0	1	0	0	1	2	1	0	1	0	1	1	1	0	1	0	0	0	1	0	0	1	1	0	0	0	1	0	0	2	0	1	1	2	0	0	0	0	1	1	0	1	0	2	0	0	1	1	1	0	1	1	1	0	0	2	1	0	0	1	1	1	0	1	1	1	0	1	1	1	1	1	0	0	1	0	0	0	1	1	0	0	0	1	1	1	0	
0	0	0	0	0	0	1	0	0	0	0	1	0	0	2	0	0	2	2	0	1	0	0	1	1	1	0	0	2	1	0	0	1	1	1	1	1	1	0	1	1	1	0	1	1	1	0	0	0	0	1	1	1	1	1	0	1	0	1	1	1	1	2	0	0	2	0	0	1	0	1	0	0	0	1	1	0	0	0	1	0	0	0	1	1	1	1	0	0	0	0	1	0	0	0	0	1	1	1	0	
1	1	0	0	1	0	0	0	2	1	0	1	1	1	0	0	2	1	0	1	1	1	1	0	0	0	1	1	1	1	2	0	0	0	0	0	0	1	0	0	0	1	1	0	1	0	1	0	1	0	0	1	0	1	0	1	1	0	1	1	1	0	2	1	0	1	0	1	0	0	0	1	0	1	1	1	1	1	1	1	0	0	0	1	1	0	1	1	1	0	0	1	2	1	0	2	1	0	1	0	
0	0	0	1	1	0	0	0	1	0	0	1	0	0	0	0	0	0	0	1	0	1	1	0	2	1	0	0	0	0	1	0	0	1	0	1	0	0	0	2	1	1	1	1	1	1	1	1	0	0	1	0	0	0	1	0	0	0	1	1	0	0	1	1	1	0	1	0	0	0	1	1	0	1	0	0	1	1	1	0	0	1	0	1	1	0	0	1	1	0	0	1	0	0	1	1	1	1	1	1	
0	1	0	1	1	0	0	1	1	1	2	1	1	1	1	0	2	1	2	1	0	0	0	1	2	0	1	1	0	1	0	0	0	1	0	1	1	0	1	2	0	0	1	1	1	1	1	0	0	1	0	0	1	0	1	0	0	0	1	0	1	1	0	0	1	1	1	0	1	0	0	1	1	1	1	1	0	0	1	1	0	0	0	1	1	1	0	0	0	1	1	0	2	0	1	1	1	1	0	0	
1	0	1	0	2	0	1	0	1	1	0	0	0	0	0	1	0	1	0	0	1	1	1	0	0	1	1	0	0	1	1	1	0	0	1	0	0	1	1	0	0	0	1	1	1	0	0	0	1	1	1	2	0	0	1	1	1	0	1	0	1	0	1	1	0	0	0	0	1	0	0	1	1	0	0	0	0	0	0	1	1	0	0	0	0	1	0	0	0	0	1	0	1	0	0	0	0	0	1	1	
1	1	1	0	0	0	0	1	1	1	0	0	0	0	1	0	0	1	2	1	0	1	2	1	1	1	0	1	0	1	1	1	1	0	2	0	1	1	0	0	1	0	0	0	1	1	0	2	1	0	1	1	1	1	1	1	0	1	0	0	0	0	1	0	0	0	0	0	0	1	0	1	0	1	1	2	0	1	1	1	0	1	0	0	1	1	0	0	2	1	1	1	1	1	2	1	2	1	0	0	
1	1	1	1	1	0	0	0	1	1	1	0	0	1	1	1	0	0	0	0	0	0	0	1	0	0	1	0	1	1	1	0	0	1	1	0	0	0	0	1	1	1	1	1	0	1	0	0	1	0	0	1	1	1	1	0	1	0	2	0	0	1	1	1	1	0	1	0	0	0	0	0	1	0	0	1	1	0	0	1	0	1	0	1	1	1	1	1	0	1	2	0	1	1	1	0	0	0	0	0	
0	0	1	0	1	0	1	0	0	1	1	0	0	0	1	1	0	1	1	1	1	1	1	0	1	0	0	1	0	0	1	1	0	0	1	0	1	0	1	1	0	0	0	0	1	0	0	1	1	1	0	1	1	1	1	1	1	0	0	0	0	1	1	1	0	0	0	2	0	1	2	0	1	1	1	1	0	0	1	0	0	0	0	1	1	1	0	0	0	1	2	0	0	0	0	0	0	0	0	0	
1	1	2	1	1	0	0	1	0	1	0	0	0	0	1	0	1	0	1	0	0	1	1	0	1	0	1	1	0	0	1	0	0	0	0	1	1	1	0	0	0	0	0	0	1	0	1	1	1	0	0	0	2	1	1	0	0	1	0	0	2	0	1	1	1	1	1	0	0	1	0	1	0	0	1	0	0	0	0	1	0	1	1	0	1	0	1	1	0	0	0	1	0	0	1	2	0	0	0	0	
1	0	0	0	0	0	0	0	1	1	0	1	0	1	0	1	2	2	1	0	0	1	1	0	0	0	0	1	0	1	0	0	0	0	0	1	1	0	1	1	1	1	1	1	0	2	1	1	1	1	0	0	1	1	0	1	0	0	1	1	0	1	0	0	1	0	1	1	1	0	0	1	1	1	0	0	1	0	1	0	0	0	0	2	1	1	1	0	0	1	1	1	0	1	0	0	1	1	0	0	
1	0	1	0	0	0	0	0	0	1	1	1	1	0	1	0	0	0	1	0	1	0	1	0	0	0	0	0	1	1	1	1	1	0	1	0	1	1	1	0	1	0	0	0	0	2	0	1	1	0	1	0	0	0	1	0	1	0	0	2	1	1	1	0	0	0	1	1	1	1	0	1	1	0	1	1	0	2	1	1	1	0	1	0	0	1	0	0	0	1	1	1	0	0	1	0	0	1	0	1	
2	1	1	0	0	1	2	0	1	1	0	0	1	1	1	0	1	0	1	1	0	0	1	2	0	0	0	0	0	0	1	0	0	1	0	0	0	1	1	1	0	1	1	0	0	1	0	1	0	0	1	0	1	1	0	2	0	0	1	0	1	1	0	0	1	1	0	1	0	1	0	1	2	2	1	0	0	2	1	1	1	1	1	1	0	0	0	0	0	1	0	1	0	0	0	2	1	0	0	0	
1	0	0	0	0	1	0	0	1	1	0	1	1	0	0	0	0	0	1	1	0	2	1	1	0	1	1	1	1	0	1	0	1	0	0	0	0	1	0	1	0	1	1	0	0	0	1	0	1	1	1	1	1	0	0	1	1	1	1	2	1	1	1	0	0	0	1	1	1	0	1	0	0	0	1	0	0	0	1	1	0	1	1	1	1	0	0	0	0	0	1	2	0	0	0	0	1	1	0	1	
0	1	1	1	0	0	0	1	1	1	1	1	1	0	1	1	0	1	0	0	0	2	0	0	1	1	1	1	1	1	1	0	1	1	1	1	0	1	0	1	0	1	1	1	0	0	0	0	1	1	0	0	0	1	0	0	1	1	1	1	1	1	1	0	0	0	0	1	1	1	1	0	0	1	1	1	0	0	1	0	0	1	0	1	1	0	1	0	1	0	0	0	0	0	0	0	0	0	0	1	
0	1	1	0	0	0	0	0	1	1	1	0	1	0	0	1	0	0	1	1	0	0	1	0	1	1	0	0	0	2	1	1	1	1	0	0	0	0	0	0	1	0	1	0	1	0	1	0	0	1	0	0	0	1	1	0	1	0	2	0	0	0	0	0	2	0	1	1	0	0	1	1	1	0	1	1	0	1	1	0	0	0	0	1	0	0	0	0	0	2	0	0	0	1	0	1	2	0	2	0	
1	0	0	0	1	0	0	1	1	1	0	1	1	0	1	0	1	0	0	1	1	1	0	1	1	1	0	0	0	0	1	0	2	2	1	0	1	0	0	1	0	2	1	0	0	0	1	1	1	1	1	2	1	1	1	1	0	1	0	0	0	0	1	0	0	0	0	1	0	0	0	1	1	1	0	1	0	1	0	1	1	2	0	0	1	1	0	1	0	1	1	0	1	0	0	0	0	0	1	1	
0	0	1	1	1	0	0	0	0	0	1	1	1	1	0	0	1	0	1	1	0	0	0	1	1	0	1	0	1	0	0	1	1	0	1	0	1	0	0	1	1	1	1	0	0	1	1	0	1	1	1	0	1	1	0	1	1	0	0	1	1	0	0	1	1	1	2	0	0	0	1	1	0	1	0	1	0	1	0	0	0	1	2	2	0	0	2	1	0	0	0	0	1	1	0	0	1	0	2	1	
1	0	0	1	0	0	0	1	0	1	1	1	1	0	0	1	2	1	2	0	1	0	0	0	0	1	1	1	0	1	0	1	1	1	0	1	1	1	1	1	1	0	1	1	2	1	1	1	1	1	0	1	0	1	0	1	1	1	0	0	1	0	0	1	1	1	1	1	0	0	2	1	1	0	0	0	0	0	0	1	0	1	1	0	0	0	1	1	0	0	1	0	2	0	0	1	1	2	0	0	
2	1	0	0	1	0	1	1	1	1	1	0	0	1	1	1	0	0	2	1	0	1	0	0	0	1	1	1	1	1	1	0	1	0	0	1	0	0	1	1	0	1	1	2	0	1	1	1	0	1	1	0	1	1	0	1	0	1	1	0	1	1	1	1	0	0	0	0	0	0	1	1	0	0	0	0	1	1	0	0	0	1	1	0	0	0	0	1	0	1	0	0	1	0	2	0	1	0	0	0	
0	1	2	0	0	1	0	1	1	1	0	0	0	0	0	0	1	1	0	0	0	0	0	1	1	1	0	1	1	1	0	1	1	1	0	0	2	0	1	0	1	2	1	0	1	1	0	1	0	1	1	1	0	1	0	0	1	0	0	0	0	0	1	0	0	0	0	1	0	0	0	1	0	1	0	0	0	1	0	2	0	1	0	0	0	0	0	0	0	2	1	1	0	1	0	0	0	1	0	1	
1	0	1	1	1	0	0	1	0	0	1	1	1	1	1	1	0	1	0	0	0	2	0	0	1	0	1	0	1	1	0	2	0	1	1	1	1	2	1	0	0	1	0	0	1	1	0	0	0	1	0	0	0	1	0	0	0	0	0	1	0	1	0	0	0	1	1	1	0	0	0	1	1	1	0	0	0	0	0	0	0	0	0	0	0	0	0	1	1	1	1	0	1	1	0	0	1	0	1	0	
0	0	1	0	0	1	0	0	1	1	0	1	1	1	1	1	1	1	0	0	1	1	1	1	1	1	1	1	1	1	1	1	0	0	1	0	1	0	0	0	0	1	1	1	2	0	1	1	0	0	1	0	1	0	1	1	1	0	0	0	0	0	1	0	0	0	0	0	1	0	0	1	1	1	0	1	0	0	0	1	1	1	1	1	0	0	1	0	1	0	1	1	1	1	0	1	1	0	2	0	
1	1	0	1	0	1	1	0	1	1	0	0	0	1	0	0	1	1	0	1	1	1	0	0	1	0	0	1	1	1	1	1	1	1	0	1	0	0	1	1	1	0	0	0	1	0	0	0	1	1	2	0	2	0	1	1	0	0	1	1	1	0	2	1	2	1	0	1	1	1	1	0	1	0	1	0	0	1	0	1	0	0	1	1	1	1	1	0	0	0	1	0	1	0	0	0	1	0	1	2	
0	0	0	0	1	1	2	0	1	1	0	1	0	1	0	1	1	1	1	0	1	0	0	1	1	1	0	0	1	2	1	1	0	0	1	0	0	1	0	1	0	1	0	0	1	1	0	1	1	1	0	1	1	0	1	2	0	1	1	0	1	1	0	0	2	1	1	0	0	1	0	0	0	0	0	1	0	0	2	0	1	2	0	2	0	0	0	1	1	0	0	0	0	0	0	2	0	0	1	0	
1	1	0	1	1	0	0	1	1	1	0	1	0	0	1	1	0	0	0	0	1	1	0	1	0	0	0	0	2	2	0	1	1	0	2	0	0	0	1	0	1	1	0	1	1	0	1	1	0	0	0	1	0	1	2	0	1	0	1	0	0	0	0	0	2	0	1	1	1	0	2	0	0	1	0	0	1	1	0	0	1	0	0	1	1	1	0	0	1	1	0	1	1	0	0	1	0	0	0	1	
1	0	1	0	0	0	0	1	0	1	0	0	0	0	1	0	1	0	0	0	1	0	0	0	0	0	0	1	0	0	0	1	1	1	1	0	1	1	0	1	0	0	1	1	1	2	0	1	0	0	1	1	0	1	0	1	1	1	1	1	0	2	1	1	1	0	1	0	0	1	0	0	0	2	1	1	1	1	1	0	0	0	0	0	1	1	1	0	0	1	1	0	1	0	1	0	1	0	1	0	
1	1	0	0	0	1	0	1	1	1	0	1	0	0	0	1	0	0	1	1	1	1	0	0	0	0	0	0	0	0	0	0	2	1	0	0	2	0	1	0	1	1	0	0	0	2	0	0	0	0	1	1	1	1	1	0	1	1	0	0	0	1	1	1	0	1	0	1	0	1	0	0	1	0	0	0	1	0	2	0	0	0	1	0	1	0	1	1	0	0	1	2	1	1	0	0	0	1	0	0	
0	0	0	1	1	0	1	1	0	0	0	0	0	0	0	1	2	1	1	0	1	1	1	0	1	0	1	0	0	1	0	0	1	0	1	1	1	1	1	1	1	0	1	1	0	0	0	1	1	1	1	1	0	1	0	1	0	0	0	1	1	1	0	0	0	1	0	0	0	0	1	1	0	0	0	1	1	0	0	1	1	0	1	1	1	0	1	0	0	1	0	1	0	1	0	0	1	0	2	1	
0	1	1	0	0	1	1	0	0	1	1	0	1	0	2	1	0	0	1	1	0	0	0	2	1	0	0	2	0	0	0	1	1	0	0	0	1	1	1	0	0	0	0	1	1	1	1	0	1	0	0	0	1	1	1	1	0	1	0	1	0	1	0	1	1	0	0	1	1	0	0	0	0	1	0	1	0	0	0	1	2	1	0	1	0	0	1	1	1	0	0	0	0	0	1	1	0	0	1	1	
1	1	0	2	1	0	0	0	0	0	1	0	0	1	0	1	0	0	0	1	0	0	1	1	1	1	1	0	0	1	0	1	0	0	0	1	1	0	1	0	0	0	1	1	1	0	0	1	1	1	1	1	0	0	1	0	1	1	1	1	0	1	0	1	0	1	0	0	1	0	0	0	0	1	1	0	0	0	1	1	0	0	0	1	0	1	0	0	1	1	0	0	0	1	1	1	0	0	1	0	
1	1	1	2	1	0	1	0	0	0	1	1	2	0	0	1	1	0	0	1	0	1	0	0	1	0	1	0	0	0	1	0	0	0	1	1	0	2	0	0	0	2	0	0	1	1	1	1	1	0	0	0	0	0	1	0	0	1	0	1	0	0	0	1	0	0	0	1	0	0	1	1	1	0	1	0	1	0	1	0	0	0	0	1	0	1	1	0	0	0	0	1	1	1	0	0	1	0	1	1	
1	1	0	1	0	0	0	0	1	0	1	0	1	1	1	0	0	0	0	0	1	0	0	1	0	0	1	0	0	0	1	1	1	1	1	2	1	1	1	0	0	1	2	1	0	0	0	1	0	1	0	1	0	1	0	0	0	1	1	0	0	1	1	1	1	1	0	0	1	1	1	0	0	0	0	1	1	0	1	0	1	1	0	1	1	2	0	1	0	1	1	1	0	0	0	0	0	1	1	0	
1	2	0	1	0	1	0	0	0	1	2	0	0	1	0	0	0	1	0	0	0	0	1	2	1	0	1	1	1	0	1	1	0	0	0	1	1	1	0	0	0	1	1	1	1	1	0	0	0	0	1	1	0	1	0	1	1	1	1	0	1	1	0	1	0	1	0	0	1	0	0	0	0	0	1	1	1	1	0	0	0	0	0	0	0	1	1	0	1	0	1	0	0	1	0	0	1	1	0	0	
1	1	0	0	0	0	1	0	1	1	0	0	0	0	1	0	0	1	1	0	0	0	0	1	0	1	1	1	2	0	1	0	0	1	0	0	1	0	0	0	0	0	0	0	2	1	0	2	0	0	0	0	1	1	1	1	1	1	1	1	2	0	0	1	0	1	1	1	1	0	1	1	2	1	1	1	0	0	0	1	1	0	1	2	1	1	0	1	0	0	1	0	1	0	0	1	1	2	1	0	
1	2	1	1	0	1	0	0	1	0	1	1	1	0	0	1	1	2	1	0	2	0	1	2	1	0	0	1	1	0	0	1	1	0	1	1	1	1	1	0	0	2	1	1	0	1	2	0	0	0	0	0	0	1	0	1	0	0	0	0	1	1	1	1	0	0	1	1	0	1	0	1	0	0	0	0	2	0	2	0	0	1	0	1	0	0	1	0	0	1	1	0	0	1	1	0	1	1	0	0	
1	1	1	0	1	0	0	1	1	1	1	0	1	1	0	1	1	0	1	1	0	2	0	0	1	0	0	1	1	0	1	1	0	1	0	0	1	0	0	1	1	0	1	1	1	1	1	0	0	0	0	0	1	1	0	1	0	0	1	1	1	1	0	1	1	1	1	0	1	1	1	0	1	0	1	2	0	2	1	0	1	0	1	0	0	1	1	1	0	0	1	0	1	0	1	0	1	0	1	0	
1	1	0	1	2	1	0	0	1	1	1	0	0	0	0	1	0	0	1	1	0	2	0	0	1	1	1	1	1	1	0	2	1	0	0	0	1	0	0	1	0	1	0	1	1	0	0	0	0	1	1	1	0	0	0	1	1	1	0	1	0	1	0	1	0	1	1	0	0	0	0	1	0	0	1	1	2	1	0	1	1	0	0	0	0	1	1	1	1	0	1	1	0	0	1	0	0	1	1	1	
1	0	0	0	0	1	0	1	0	0	2	0	1	1	1	1	1	1	0	1	0	1	0	1	1	0	1	0	1	0	0	1	1	1	1	0	1	1	1	2	0	0	1	0	1	0	0	0	0	0	1	0	1	0	1	0	0	0	0	1	1	1	0	0	1	0	1	0	0	0	1	1	1	1	1	0	1	1	0	0	1	1	0	0	1	1	1	1	1	2	0	0	0	0	1	0	0	2	1	1	
0	1	0	0	1	0	0	0	0	1	1	0	1	1	0	1	0	0	0	0	0	0	1	0	1	0	0	1	1	0	1	0	0	1	0	1	0	0	0	0	1	0	1	1	1	1	1	1	1	0	1	0	1	1	1	0	2	0	0	0	0	1	0	2	1	0	1	0	1	0	1	1	0	1	0	0	1	1	0	0	0	1	1	0	1	0	0	0	0	0	1	0	0	1	0	0	1	1	0	1	
0	1	0	0	0	0	0	1	1	0	0	1	1	1	0	1	0	0	1	0	0	1	2	1	1	1	2	0	1	0	0	1	0	0	1	0	1	1	1	0	1	1	1	1	1	1	1	1	0	0	0	0	1	1	1	1	0	2	0	0	0	1	1	0	1	1	0	0	0	0	0	1	1	1	0	1	1	0	1	1	1	0	1	1	0	0	1	0	0	1	0	1	0	0	0	1	1	1	0	1	
0	1	0	1	0	2	0	1	1	1	0	0	1	0	2	0	0	2	0	1	2	1	1	0	1	0	1	1	1	1	0	1	0	1	0	0	1	0	0	0	0	1	0	0	1	0	1	1	0	0	0	1	0	0	1	0	0	1	0	0	0	0	0	0	1	0	1	0	0	1	2	0	1	0	1	0	1	0	1	1	1	0	0	0	0	1	1	1	0	1	1	0	1	1	0	1	1	1	1	1	
0	0	1	2	1	0	1	0	1	1	0	1	0	1	1	0	1	1	0	1	0	0	1	0	0	1	0	0	0	0	0	0	1	1	0	0	0	0	1	1	2	0	1	0	0	1	0	1	0	0	1	0	0	1	1	1	1	0	1	1	1	2	1	1	1	0	1	1	1	1	1	1	0	0	0	1	1	0	0	1	0	0	0	0	0	1	2	0	0	1	0	1	0	1	0	0	1	1	0	0	
1	1	1	1	0	1	0	1	1	1	0	0	0	0	1	1	1	1	0	0	0	0	0	0	1	0	0	1	2	1	0	0	1	0	1	1	1	1	1	1	0	1	1	1	0	1	0	0	1	0	0	1	0	2	0	0	1	1	1	1	1	0	1	1	1	0	1	0	0	1	1	0	1	0	1	1	1	0	1	1	1	1	1	1	1	2	0	1	1	0	1	1	0	0	0	0	1	1	2	0	
1	0	0	2	0	0	1	0	1	0	1	1	1	1	0	2	0	1	0	1	0	1	0	0	1	1	0	1	1	0	0	0	0	0	0	0	1	1	0	0	1	0	1	1	0	0	0	1	0	1	0	1	0	0	1	0	0	0	0	2	0	0	0	1	1	0	0	1	0	0	1	0	2	0	1	2	2	0	1	1	1	0	1	1	1	0	0	2	1	1	0	0	1	0	0	1	0	0	0	0	
1	0	2	0	0	1	1	0	0	0	0	1	1	1	0	1	1	2	2	2	0	1	0	0	1	0	1	1	0	0	0	1	0	0	1	0	0	0	1	1	1	0	0	1	0	0	1	0	1	0	0	0	1	0	1	1	1	1	0	1	1	1	1	0	1	0	0	0	1	0	0	0	0	2	0	1	1	1	0	0	1	1	1	1	0	0	0	1	1	0	1	0	1	0	0	1	1	1	1	0	
1	0	1	1	0	0	0	0	1	0	0	1	1	1	0	1	0	0	1	1	1	1	1	0	0	1	0	2	0	1	0	0	1	1	1	0	0	1	0	0	0	0	0	0	0	0	0	1	1	1	0	2	0	2	1	1	0	1	1	0	0	1	1	1	1	1	2	2	1	1	1	1	0	1	0	1	1	0	0	0	1	0	0	1	2	1	0	0	0	1	1	1	0	0	2	1	0	0	0	1	
0	1	1	0	0	0	1	1	0	1	0	1	1	1	1	1	1	1	0	0	1	1	0	0	1	1	0	1	1	2	1	0	1	1	0	1	0	0	1	1	0	2	0	0	1	0	0	1	0	1	0	1	1	1	0	0	1	0	1	0	0	1	0	0	1	0	0	0	0	0	0	0	0	1	0	0	0	1	1	1	0	1	0	0	0	0	0	1	2	2	0	0	1	0	1	0	1	2	0	0	
1	0	1	0	1	1	1	1	2	0	1	1	1	0	0	0	0	1	0	1	0	0	1	1	1	0	0	1	0	0	1	1	0	0	1	1	1	1	0	0	0	2	0	0	0	1	1	1	1	1	0	1	1	1	0	0	1	0	1	1	0	1	0	0	1	1	1	0	1	1	0	1	1	0	1	1	1	0	0	0	0	1	0	0	1	1	1	1	1	0	0	1	0	0	1	1	0	0	0	1	
0	1	0	0	1	1	1	0	1	1	0	1	1	1	0	0	0	0	0	0	1	1	1	0	1	0	0	0	0	0	0	2	0	0	1	0	1	0	0	1	1	0	0	0	1	0	1	0	1	0	1	0	1	1	1	0	0	0	0	0	1	0	1	0	1	1	1	0	0	0	1	1	1	0	1	0	0	1	1	0	0	1	0	0	1	0	1	0	0	0	0	0	1	0	0	0	0	1	1	1	
0	1	0	0	1	0	1	0	1	0	0	0	0	1	0	1	0	0	1	2	2	1	1	0	0	2	0	0	1	0	0	1	1	0	2	0	1	0	1	0	1	0	0	0	0	0	0	1	1	0	0	0	1	0	1	0	1	0	1	1	0	0	2	0	2	0	0	1	2	0	0	0	0	1	0	1	1	0	0	1	1	1	1	1	0	1	1	0	2	1	0	0	1	0	1	2	1	1	0	0	
0	0	0	0	1	0	0	0	1	1	1	1	1	1	1	0	1	1	0	1	1	0	0	0	0	0	0	1	1	1	0	2	0	0	0	2	0	1	0	0	0	1	1	0	1	1	1	1	0	1	1	1	0	1	0	0	1	0	1	1	0	0	1	0	0	0	1	1	0	1	1	1	1	0	2	0	1	0	1	1	0	1	1	1	0	1	2	0	0	1	0	0	0	1	0	1	0	0	0	0	
2	0	0	0	1	0	0	1	0	1	0	1	1	1	0	1	0	2	1	0	1	0	1	0	0	1	1	1	0	0	0	0	1	0	1	1	1	0	1	0	1	1	1	1	2	1	0	1	0	0	0	0	0	0	0	0	0	1	1	1	1	0	1	0	0	0	1	1	1	0	1	1	0	1	1	0	1	0	1	0	1	0	0	1	1	0	1	1	1	1	0	1	0	0	0	1	1	0	1	1	
0	1	0	0	0	2	0	0	0	0	0	1	0	0	0	0	0	0	0	0	1	0	0	0	0	0	0	1	0	0	1	0	1	1	1	0	0	1	0	0	1	1	0	1	1	0	1	0	1	1	1	1	0	0	0	0	0	1	0	1	0	1	1	1	1	0	1	1	1	0	1	1	0	0	1	0	2	1	0	1	0	1	1	0	0	0	1	1	1	0	0	1	1	0	1	0	1	0	0	0	
1	1	0	1	0	1	0	0	0	0	0	0	1	0	0	1	2	1	1	1	1	1	2	0	1	0	0	0	1	0	1	0	0	0	0	0	0	0	0	0	1	0	0	0	1	0	0	0	0	1	0	1	0	0	0	1	1	1	0	1	0	0	1	1	0	0	0	0	1	0	1	1	1	1	1	1	0	1	1	1	0	0	1	1	0	0	1	0	0	0	0	1	2	0	1	1	0	0	0	1	
0	0	0	0	0	1	0	0	1	1	1	1	1	2	0	0	2	0	1	0	0	0	0	1	1	0	0	0	2	1	1	0	0	0	0	1	0	0	1	0	1	1	1	0	0	2	0	1	0	1	1	0	0	0	0	1	0	0	0	0	0	1	1	1	0	0	0	1	1	1	0	0	0	1	1	0	0	1	0	1	1	1	1	1	0	0	1	0	0	1	1	0	0	0	1	0	0	1	0	1	
0	1	1	1	1	1	0	0	0	0	1	1	0	2	1	0	1	1	1	1	0	0	1	1	0	1	0	0	0	0	1	0	0	1	2	1	1	1	0	0	0	1	0	1	1	1	0	1	0	0	0	0	1	0	0	1	1	2	0	0	1	1	0	1	1	1	0	1	1	0	0	0	0	1	0	1	1	1	0	0	1	0	0	2	0	1	1	1	0	1	1	0	2	1	0	0	0	0	0	1	
0	0	0	0	0	0	1	1	0	1	0	0	0	1	1	0	0	1	0	0	1	1	2	1	0	0	2	0	1	2	0	0	0	0	0	1	0	0	1	2	1	1	1	1	0	0	1	1	1	1	0	1	1	0	0	1	1	0	0	0	1	1	0	0	0	1	1	0	0	1	0	1	1	1	0	1	0	0	1	1	1	1	1	1	0	1	1	0	0	0	1	0	0	0	0	0	0	0	0	0	
0	1	0	0	0	1	1	0	1	1	0	0	0	0	0	0	0	1	0	0	0	1	1	1	1	1	1	0	0	0	0	0	0	0	0	0	0	1	0	1	1	1	0	1	0	0	1	0	2	0	1	1	1	0	1	0	0	1	1	0	0	1	0	1	2	2	0	0	1	1	0	0	0	1	1	1	1	1	0	0	1	0	0	1	1	1	1	1	0	1	1	0	1	1	1	0	1	1	0	0	
0	1	1	0	0	2	0	1	0	1	1	1	0	1	1	1	1	0	1	1	0	0	1	1	1	0	1	1	1	1	1	0	1	1	1	0	0	1	0	1	1	0	0	1	0	1	1	0	1	0	1	1	0	0	0	2	1	0	0	0	1	1	0	0	0	1	1	0	1	0	1	2	1	0	1	1	1	0	0	2	0	0	1	0	0	1	0	1	1	1	0	0	1	0	0	0	1	1	1	1	
1	0	0	0	1	1	0	0	0	1	0	0	1	1	0	0	0	1	1	0	1	0	1	0	1	0	0	0	0	0	0	1	1	0	0	2	0	1	0	1	0	1	1	1	1	1	0	0	0	2	0	0	0	1	1	0	1	1	2	1	1	0	2	0	0	0	1	1	0	1	1	1	1	1	1	0	1	1	0	0	0	1	1	0	0	0	1	1	1	0	1	1	0	1	1	0	1	0	0	0	
1	1	0	1	0	1	1	0	1	1	1	0	1	0	0	0	1	0	1	1	0	0	0	1	0	1	1	1	0	0	1	1	2	0	1	2	0	0	0	1	0	0	1	1	1	1	0	1	1	0	1	0	1	1	1	0	0	0	1	2	0	1	1	1	1	0	0	0	1	0	1	1	1	1	1	0	1	0	0	1	1	0	0	1	0	0	0	0	0	1	1	1	1	1	0	1	0	0	1	0	
0	1	0	0	0	1	0	0	1	1	0	0	1	0	1	0	0	0	0	0	1	0	1	1	1	1	1	0	1	0	0	1	1	0	0	0	0	1	1	1	1	0	0	0	0	1	1	0	0	0	0	0	0	0	1	0	0	0	0	1	1	1	1	1	0	1	0	0	0	1	0	0	1	0	1	1	1	1	0	0	0	0	0	0	0	1	1	1	1	0	0	1	1	1	1	0	0	1	0	0	
1	0	1	1	0	0	0	1	2	1	1	1	0	0	1	0	1	2	0	1	1	1	1	0	0	0	1	0	1	1	1	0	0	0	0	1	1	0	0	0	0	0	0	0	0	0	1	1	2	1	0	0	0	1	1	0	0	0	1	1	0	1	1	1	1	0	0	2	1	1	1	1	1	0	0	1	0	0	0	1	1	0	0	1	1	0	0	1	1	0	1	0	0	0	0	1	2	1	0	1	
0	0	0	1	0	1	1	0	1	0	0	0	0	0	0	0	0	1	0	1	1	1	0	1	0	1	2	1	1	0	1	1	1	1	1	0	1	1	1	1	0	0	1	1	1	1	0	0	1	0	0	0	0	1	1	0	1	1	0	0	1	1	0	0	1	0	0	0	1	1	1	0	0	1	0	0	1	1	0	0	1	0	0	0	1	1	1	0	0	0	0	0	1	0	1	0	0	0	0	0	
0	1	0	0	1	2	0	1	1	0	0	0	1	1	1	1	0	0	0	1	1	0	0	1	1	0	1	0	0	1	1	1	0	0	1	0	0	0	1	1	0	0	1	1	1	2	1	1	0	1	0	1	1	1	1	1	0	0	1	1	0	0	1	0	0	1	1	1	0	1	0	1	0	0	1	0	1	0	0	0	0	1	0	0	1	0	0	1	0	1	0	0	1	0	1	1	1	1	0	2	
0	0	1	0	1	1	0	0	0	1	1	1	0	1	0	1	0	1	0	1	0	1	1	1	0	0	0	0	1	0	0	0	2	0	1	0	1	0	0	1	1	1	0	1	1	1	1	0	1	0	1	0	0	0	0	2	1	1	0	0	1	0	1	1	1	0	2	1	0	0	0	0	1	0	0	1	1	0	1	0	0	0	0	0	0	0	0	1	0	0	1	2	1	1	1	0	0	1	1	1	
1	0	0	1	0	1	1	1	0	1	1	0	1	0	1	1	0	1	1	1	0	0	0	1	2	2	1	0	1	0	2	0	1	1	0	0	2	0	1	0	0	1	1	1	0	0	1	0	1	0	0	0	1	0	1	0	0	1	0	1	0	1	1	1	1	1	1	1	1	1	1	1	1	0	0	1	1	1	0	0	0	1	0	1	0	0	1	1	1	0	0	0	0	0	1	1	0	0	0	1	
1	1	0	2	1	1	0	0	1	0	1	0	0	0	1	2	1	0	1	1	0	1	0	1	0	1	0	0	0	1	0	1	1	0	0	1	0	0	1	1	0	0	1	1	1	0	1	0	1	1	0	1	0	1	0	2	1	1	1	1	0	0	1	0	0	1	0	1	1	1	0	1	1	0	0	0	1	1	2	1	0	1	0	1	0	1	0	1	0	1	0	0	1	1	0	0	0	0	1	0	
1	0	1	0	1	1	0	1	1	1	0	1	1	0	0	0	0	0	0	0	0	1	1	1	0	1	1	2	0	1	0	0	1	0	0	1	0	0	0	0	0	1	0	0	0	1	1	0	0	0	1	0	0	1	1	1	0	1	2	0	0	0	1	1	0	1	1	1	1	0	1	0	0	1	1	1	0	0	0	1	0	0	1	1	1	0	1	1	0	0	0	1	0	0	0	0	1	1	1	0	
1	1	2	0	0	1	2	0	0	0	0	1	1	1	1	0	1	1	1	0	0	0	2	0	0	0	0	0	0	0	0	1	0	0	0	0	0	0	0	0	0	0	1	2	1	0	1	0	0	1	0	1	1	0	1	1	0	0	2	0	0	1	0	0	0	1	0	0	0	1	0	1	0	1	1	1	0	0	0	1	1	0	0	1	0	0	0	0	0	1	0	1	0	1	0	1	1	1	0	0	
0	1	2	0	0	0	0	0	0	1	1	0	0	0	0	1	0	1	1	1	1	1	0	0	0	1	0	1	0	0	2	1	0	1	1	0	1	0	0	1	0	1	1	0	1	1	0	0	0	1	0	1	1	0	0	1	0	1	0	0	1	0	0	1	1	0	0	1	1	1	0	1	0	1	1	0	0	1	1	1	1	0	1	0	0	0	0	1	0	2	0	0	0	2	0	0	0	1	0	0	
0	1	0	1	1	2	0	0	0	1	1	0	1	1	0	0	0	0	1	1	1	0	0	0	1	1	0	0	0	0	0	1	0	1	0	0	0	0	1	1	0	1	1	1	1	1	0	1	1	1	1	1	2	0	1	1	1	0	1	0	0	0	1	0	1	1	0	1	0	0	1	1	1	2	1	1	0	0	0	1	0	1	0	1	0	1	1	0	0	2	0	1	0	0	0	1	1	1	1	0	
0	1	1	1	1	0	0	1	0	1	1	0	0	0	0	1	0	0	0	1	0	1	0	1	0	1	1	1	1	0	2	2	1	1	1	0	0	1	1	1	1	0	0	1	0	1	1	0	1	0	0	0	0	1	0	0	1	0	2	1	1	0	0	2	1	0	1	0	0	2	0	1	1	0	1	2	0	0	0	1	0	0	0	0	0	0	1	1	1	0	0	0	1	1	1	0	0	0	1	0	
1	1	0	2	1	1	0	0	1	0	1	1	1	1	0	1	2	1	1	0	0	1	1	2	0	0	0	1	1	0	2	0	0	1	0	2	2	1	1	0	2	1	0	0	0	0	0	1	0	1	0	1	1	0	0	0	1	2	0	0	0	0	1	1	0	1	1	1	1	0	1	1	1	1	0	1	1	0	0	1	0	1	1	1	1	0	0	0	1	0	0	1	1	1	1	1	1	0	1	0	
0	0	1	1	1	1	0	1	2	1	1	0	0	2	0	1	1	1	0	1	0	0	2	1	0	0	1	1	1	2	1	0	0	2	0	0	1	1	0	0	0	0	1	1	1	0	0	0	0	1	0	1	0	1	1	1	0	0	1	0	0	0	0	0	1	0	1	0	0	0	0	1	1	0	1	1	1	0	0	1	0	1	0	0	0	0	0	0	1	0	1	1	0	1	0	1	0	0	1	0	
1	0	0	1	1	0	1	1	0	1	0	1	0	0	0	0	1	1	1	1	1	1	0	0	1	0	1	0	0	1	0	1	1	0	1	0	1	1	0	1	1	0	0	1	1	1	0	0	0	1	0	0	0	1	0	0	0	1	1	0	1	1	0	1	0	1	0	0	1	1	0	1	1	0	1	1	0	0	1	0	0	1	0	0	1	1	1	0	0	0	1	1	0	1	1	0	1	1	1	0	
1	0	0	1	0	1	1	1	1	0	0	0	0	1	0	0	1	1	0	1	0	0	1	0	0	0	0	0	1	1	0	1	1	0	0	1	0	1	1	0	1	1	0	0	1	1	0	1	0	1	1	1	1	0	1	0	1	1	1	1	1	1	1	0	1	1	1	1	1	0	0	0	0	0	0	1	1	2	0	1	1	0	0	1	0	0	1	0	0	1	0	1	0	1	1	0	0	2	1	0	
2	0	1	0	1	1	1	1	1	1	1	1	1	1	1	0	1	0	1	1	0	0	1	1	1	0	1	1	1	0	0	1	0	0	0	0	0	1	0	0	0	0	0	0	1	0	0	1	1	1	1	1	1	0	1	0	1	1	1	0	1	0	0	0	0	1	0	0	1	0	1	1	0	1	0	0	1	1	1	1	0	0	0	0	1	1	0	0	0	1	0	0	0	0	0	0	2	1	0	0	
0	0	1	1	1	1	1	1	1	0	0	0	1	1	0	1	0	0	1	1	1	0	1	0	1	0	0	0	0	0	0	1	2	1	0	0	0	1	2	0	0	0	0	0	0	1	0	1	0	0	1	0	2	1	0	1	1	1	0	1	1	1	0	0	1	1	0	1	1	0	1	0	1	1	1	0	1	1	1	1	1	0	0	0	0	2	0	1	0	1	0	0	0	0	1	1	0	0	1	0	
1	0	1	0	1	0	1	0	0	0	1	0	1	1	0	1	0	0	1	1	1	1	0	1	2	1	1	0	1	1	1	0	1	0	0	1	0	1	0	0	2	2	0	1	0	0	0	0	0	0	2	1	1	1	1	0	0	1	0	0	0	0	0	0	0	0	1	0	1	1	0	0	0	1	1	1	1	0	1	1	1	2	1	0	0	1	0	0	0	0	1	0	0	0	0	1	1	0	1	1	
1	0	1	1	0	1	0	0	1	0	0	1	0	0	0	0	1	1	1	0	0	1	0	0	1	1	1	0	1	1	1	0	1	0	1	1	1	0	0	1	0	0	1	1	0	1	0	0	0	1	0	0	1	0	1	0	1	0	1	0	1	0	0	1	1	1	0	1	1	0	2	0	2	1	1	0	0	1	0	1	1	0	0	0	1	0	0	1	0	0	0	0	0	1	0	0	1	0	0	0	
0	1	0	0	1	1	0	0	1	1	1	1	0	0	0	0	0	0	0	1	1	1	1	0	0	2	0	1	1	0	0	0	1	1	1	1	0	0	1	1	0	1	0	1	0	2	0	0	1	0	0	1	0	0	0	0	1	1	1	1	1	1	0	0	0	0	0	0	2	1	0	0	0	0	0	1	1	0	2	1	0	1	1	0	0	1	1	0	0	0	0	1	1	0	1	0	0	2	0	1	
1	1	1	0	0	0	1	1	1	0	2	0	1	1	0	2	1	2	0	1	0	0	1	0	0	0	1	2	0	0	0	1	0	0	1	0	1	0	1	1	1	0	0	0	0	0	1	1	1	1	0	2	2	1	1	1	1	1	0	1	1	0	1	0	1	0	0	2	0	0	1	0	1	1	0	1	1	0	1	1	0	1	1	0	1	0	1	1	0	1	0	1	1	1	1	1	1	1	0	0	
0	1	0	1	1	0	0	1	1	0	1	0	0	1	0	0	1	1	0	1	1	1	1	0	0	1	1	2	1	1	0	0	0	0	0	0	1	0	1	1	0	0	0	1	1	1	0	0	1	0	0	1	1	0	1	1	1	1	0	1	0	1	1	0	1	0	0	0	1	0	1	0	0	0	0	1	1	0	0	0	0	0	0	0	1	0	0	0	0	1	1	0	1	0	1	0	0	1	0	1	
1	1	1	1	0	1	0	0	0	0	1	2	1	0	1	0	1	0	0	1	1	0	0	0	0	0	1	0	0	0	2	0	0	1	1	1	0	1	1	1	0	0	1	0	0	0	1	0	1	0	1	0	1	0	0	0	0	0	1	0	1	0	2	1	0	0	1	0	0	0	1	2	1	0	1	0	1	1	1	1	0	1	1	1	0	1	1	1	1	1	0	1	1	1	1	1	1	0	1	1	
0	1	0	2	0	0	0	1	0	1	0	1	0	1	0	1	2	0	0	1	0	0	0	1	1	0	1	0	0	1	0	1	1	0	1	0	0	1	0	2	1	0	1	1	0	0	0	1	0	0	1	1	1	0	1	0	0	0	1	0	2	1	1	0	0	0	0	1	1	0	1	0	0	0	0	0	0	0	2	2	1	1	0	0	1	0	0	0	1	0	0	1	0	1	2	1	1	0	1	0	
1	0	0	1	1	0	0	0	1	1	0	2	0	1	1	0	0	1	1	0	1	1	1	1	0	0	0	1	1	1	1	1	0	0	0	1	0	1	0	1	1	0	1	0	1	1	0	0	0	2	0	1	0	0	0	0	1	0	1	1	1	1	1	2	1	1	1	0	0	1	1	0	0	0	0	0	1	1	1	2	1	1	1	1	0	1	0	1	1	0	0	0	0	0	1	1	0	0	0	0	
0	0	0	1	0	0	1	1	0	1	1	1	0	1	1	0	0	0	0	1	1	1	0	1	1	0	0	1	1	0	1	1	1	0	0	1	0	1	1	0	0	1	1	1	0	0	2	0	1	0	0	1	0	1	1	0	0	0	1	1	1	1	0	1	2	1	2	1	0	1	0	0	1	0	1	1	0	0	0	1	1	2	0	1	0	0	0	1	0	1	1	0	0	1	0	1	1	0	0	1	
0	1	2	0	0	1	1	2	1	0	1	1	1	0	0	0	1	0	1	0	0	1	1	1	1	1	0	1	0	1	1	0	0	0	1	1	1	1	1	0	0	0	1	0	0	1	0	1	1	0	2	1	1	1	1	1	0	1	1	0	0	0	1	1	1	1	0	0	0	1	2	1	1	0	1	0	0	0	1	1	1	0	0	0	0	0	1	1	1	1	0	0	1	1	1	0	0	0	0	2	
1	1	1	0	0	1	1	0	1	0	2	1	2	1	1	1	1	0	2	0	0	0	1	2	1	0	1	0	0	1	1	2	1	1	0	0	0	1	0	0	0	1	0	1	0	0	0	0	1	0	1	0	0	0	0	0	0	1	1	1	0	2	1	2	0	0	0	1	0	0	0	0	0	1	0	0	2	0	1	1	0	1	0	0	1	1	0	1	1	0	0	2	0	1	1	0	1	1	1	1	
1	1	1	0	0	0	0	1	1	1	1	0	0	0	1	0	1	0	0	1	0	0	1	1	0	1	0	1	0	1	0	0	1	1	0	1	1	1	0	0	0	0	0	1	1	0	0	0	0	1	0	0	1	1	1	0	0	1	1	1	2	1	0	0	0	0	0	0	0	1	1	0	2	0	0	0	1	1	1	0	0	1	0	0	0	1	1	0	1	1	0	0	0	0	1	1	1	0	0	1	
1	1	2	1	2	1	0	0	1	0	0	0	1	0	0	0	1	0	0	0	1	1	1	0	1	1	0	0	1	0	0	0	0	1	0	1	1	0	1	1	0	0	0	1	0	0	1	0	1	1	0	0	0	0	1	0	1	0	1	0	1	0	0	0	1	0	0	0	1	1	1	1	1	0	1	0	0	0	2	1	0	1	1	1	1	1	1	0	0	1	0	1	1	0	1	0	0	0	2	0	
1	0	0	0	2	0	1	1	0	1	0	0	1	0	0	0	0	0	1	0	1	0	1	0	0	1	0	1	0	1	0	0	1	1	0	0	0	1	0	1	1	0	0	0	0	0	1	1	0	1	1	0	0	0	1	2	0	1	0	0	1	1	1	1	1	0	1	1	0	0	1	0	1	1	0	0	1	0	2	1	0	0	0	1	1	1	0	0	0	0	1	0	0	1	1	1	1	0	1	2	
1	0	1	0	0	1	0	0	1	1	0	0	0	1	1	0	0	2	0	1	1	1	1	1	0	0	0	0	0	0	1	1	1	0	1	0	0	1	2	1	0	2	1	1	1	0	0	0	1	0	0	1	2	0	2	0	1	0	0	1	0	1	1	0	1	0	1	0	0	0	1	1	1	1	1	0	1	1	1	1	1	1	2	0	0	0	1	0	1	0	0	1	1	0	1	1	0	0	1	1	
1	1	1	0	0	1	2	1	0	0	1	1	1	1	0	0	2	0	1	1	0	0	2	1	1	0	0	0	1	1	0	1	1	1	0	1	0	1	0	0	0	0	0	0	1	0	1	1	0	0	0	0	0	0	0	0	0	0	1	0	1	0	1	1	1	0	1	0	0	0	0	1	1	1	1	0	1	1	0	1	0	1	0	1	1	1	0	1	0	2	1	0	0	1	1	1	0	1	1	1	
0	1	1	0	1	0	2	1	0	0	1	0	0	0	0	0	1	1	1	1	1	0	0	1	0	0	0	1	0	0	0	2	1	0	1	1	0	0	1	1	0	1	1	0	1	1	1	0	1	0	0	0	1	0	0	0	1	0	0	1	1	1	2	0	1	1	1	1	1	0	0	1	0	0	0	1	0	0	1	0	2	0	1	1	0	0	1	1	1	1	1	0	1	1	1	1	1	1	0	0	
0	0	0	0	2	0	1	0	1	0	1	1	1	0	0	0	0	2	0	1	1	0	0	1	0	2	1	1	0	1	2	1	1	1	0	0	0	1	0	1	1	0	0	1	0	0	0	0	0	1	1	0	0	2	0	0	1	0	0	0	1	0	0	1	1	1	0	0	1	0	0	0	0	1	0	0	0	0	1	0	1	1	0	1	1	1	1	0	0	0	0	1	1	1	0	1	0	1	0	1	
1	0	1	1	0	0	1	0	0	0	0	1	0	1	1	0	1	0	1	0	1	0	0	1	1	0	1	0	1	0	1	0	0	0	0	0	0	1	0	1	0	1	1	0	1	1	1	0	1	0	0	1	1	0	1	0	1	0	1	1	0	0	2	0	0	0	1	1	0	0	1	1	1	0	0	0	1	0	0	1	1	0	1	1	0	1	0	1	2	0	2	0	1	1	1	0	1	1	1	0	
1	1	1	0	1	1	0	2	2	1	0	0	0	0	0	1	0	0	0	0	0	0	0	1	0	1	2	1	1	0	2	0	1	1	0	1	0	1	0	1	1	0	1	1	1	1	0	0	1	2	0	1	1	1	0	1	0	1	0	2	1	1	1	1	0	1	0	1	1	1	1	2	1	0	0	1	0	2	1	1	0	1	0	1	1	1	0	0	0	0	1	1	0	0	1	1	1	0	0	1	
1	0	0	0	0	0	0	1	1	0	1	1	0	0	0	0	0	2	0	1	0	1	1	1	1	1	0	1	0	0	0	0	0	0	0	0	0	1	1	0	0	0	0	0	0	0	2	1	0	0	1	1	1	0	0	1	1	0	1	0	1	0	0	0	1	0	1	0	0	1	0	0	0	0	2	1	2	0	1	0	0	0	1	0	1	1	0	1	0	0	1	0	1	0	0	0	0	1	0	0	
1	1	0	0	0	1	1	0	0	0	0	1	0	0	1	1	1	1	1	0	0	0	2	0	0	0	0	1	1	0	0	1	0	0	0	1	1	1	0	1	0	1	1	0	0	1	1	1	0	0	1	0	0	0	0	0	1	1	1	1	0	0	1	1	1	0	1	0	0	0	1	0	0	1	1	1	1	0	1	0	0	0	1	0	1	1	0	0	0	0	0	1	0	0	0	0	1	0	0	1	
0	1	0	0	0	0	1	0	0	0	1	0	0	0	0	0	0	0	0	0	0	1	1	0	1	1	1	0	1	0	1	1	0	0	1	0	0	0	1	0	0	1	1	0	0	1	0	0	0	0	0	1	1	1	1	0	1	1	1	1	0	1	0	2	0	0	1	0	0	0	0	0	0	0	0	0	0	0	1	0	2	1	0	0	0	0	1	1	0	1	0	1	0	0	0	0	0	0	2	0	
0	0	1	1	1	0	1	1	0	0	0	1	0	0	0	1	2	0	0	0	0	1	1	0	1	1	1	1	1	0	1	0	0	0	0	0	1	1	1	1	0	0	0	0	1	1	1	1	0	0	0	0	1	1	1	0	1	0	1	0	1	0	0	0	1	1	0	1	0	0	0	1	0	1	1	0	0	0	0	1	2	0	0	1	0	0	1	1	0	1	0	0	1	0	1	0	0	0	1	1	
0	0	0	0	0	0	1	0	1	1	0	0	1	0	0	0	0	0	0	0	0	1	0	0	0	1	1	0	1	1	1	1	1	0	0	0	0	0	1	1	0	1	1	1	0	1	0	2	1	1	1	1	1	1	1	0	0	0	0	1	2	0	1	0	0	0	2	0	0	0	0	0	0	0	1	0	1	0	0	0	2	0	0	2	1	1	1	1	0	0	0	1	1	0	0	0	1	1	1	0	
1	0	0	0	0	1	1	0	1	1	0	1	0	0	0	0	1	0	0	1	0	0	0	1	1	2	1	1	2	0	1	0	1	0	0	1	0	1	0	1	0	1	1	0	1	1	0	2	0	1	0	0	1	1	0	1	1	2	1	0	0	1	2	1	1	0	0	1	1	2	0	0	1	1	0	1	1	1	0	0	0	0	0	1	0	0	0	0	1	0	1	1	0	1	1	0	0	0	0	0	
1	0	1	2	0	1	0	1	0	1	1	1	0	0	1	1	0	0	0	0	0	1	1	1	0	1	1	0	0	1	0	0	1	0	1	1	1	0	1	0	1	0	1	1	1	1	1	1	1	0	1	1	1	0	1	1	1	1	0	1	1	1	0	0	1	0	0	1	0	0	0	1	2	0	0	2	1	1	1	0	1	1	1	1	1	0	1	0	0	0	0	0	1	0	0	2	0	1	1	0	
1	1	1	0	1	0	0	1	2	0	0	1	1	0	1	1	1	0	0	0	1	0	0	0	0	0	1	1	1	1	0	0	0	1	0	1	0	1	0	1	1	1	1	0	1	0	0	1	1	1	0	1	0	0	1	0	0	0	0	1	0	0	1	1	1	0	0	1	1	0	1	0	1	1	0	1	1	1	1	1	0	0	0	1	0	0	0	0	0	0	1	0	0	0	2	0	0	0	0	1	
0	1	1	1	1	1	0	1	1	2	0	1	1	0	1	0	1	1	0	1	0	1	1	0	1	1	1	0	1	0	0	1	1	0	0	0	0	1	1	1	1	0	0	0	1	0	1	1	0	1	1	0	1	1	1	1	0	1	1	0	0	2	1	0	1	0	0	0	2	1	2	0	0	1	1	0	0	1	1	1	1	1	1	1	0	0	0	0	0	1	0	1	1	0	0	0	1	1	0	0	
1	1	1	1	1	0	0	1	0	0	0	0	2	0	0	2	1	0	0	0	0	1	2	1	1	0	0	0	0	1	0	1	0	1	2	2	0	0	0	0	0	0	0	0	1	0	1	0	1	1	0	0	0	1	0	1	2	1	0	1	0	0	1	0	0	1	1	0	1	0	0	1	1	0	1	1	0	0	0	0	2	1	0	1	0	1	0	1	0	1	1	0	1	1	0	0	0	1	0	0	
0	0	0	1	0	1	0	0	0	1	1	1	1	0	1	0	1	0	1	1	1	0	0	0	0	0	0	1	0	0	1	0	0	1	0	1	0	1	1	0	0	0	0	1	0	2	1	1	0	1	1	0	1	1	1	0	0	1	1	0	1	0	2	1	1	1	1	1	1	0	0	1	1	0	0	0	0	0	1	0	1	0	0	1	0	1	0	0	0	0	0	1	1	1	0	1	0	0	0	1	
0	1	1	0	0	0	1	0	1	0	0	0	1	0	0	0	1	0	0	0	1	0	0	1	1	1	1	0	0	1	1	1	0	0	1	0	0	1	1	1	0	1	0	1	1	1	0	2	0	1	0	0	1	0	1	1	0	0	0	0	1	0	0	0	1	0	1	0	1	1	1	2	0	2	0	2	1	1	1	0	2	1	0	0	0	1	1	1	0	0	1	0	1	0	0	1	1	1	0	2	
2	1	0	0	0	1	1	0	0	0	0	0	0	1	1	1	1	1	1	1	0	0	1	0	1	0	0	1	1	0	0	2	1	1	0	1	0	0	0	1	1	0	1	1	1	0	1	1	1	2	1	1	1	0	0	2	1	1	0	2	0	0	2	2	0	0	1	0	0	1	1	1	1	0	1	1	0	0	1	1	1	1	1	1	1	1	0	0	0	0	0	1	1	1	0	0	1	1	0	1	
1	1	1	1	0	1	1	1	1	0	0	0	0	0	0	1	0	1	0	1	1	0	1	0	0	0	1	0	1	1	0	1	1	0	1	1	1	0	1	1	1	0	0	1	1	1	0	1	2	2	0	0	1	0	2	1	1	0	0	0	1	0	1	0	2	0	0	0	0	1	0	1	1	1	0	1	0	1	0	0	1	0	1	0	1	2	1	0	1	0	1	0	1	1	1	0	0	1	1	1	
0	1	0	1	1	1	1	1	1	0	0	1	0	1	1	0	1	1	1	1	1	1	1	1	1	2	0	0	0	0	1	1	1	1	0	1	0	1	1	1	1	0	1	0	2	1	0	1	1	0	1	0	0	1	1	0	1	2	1	0	0	0	0	1	0	0	0	0	0	1	1	0	0	0	0	0	1	0	1	0	0	2	1	0	1	0	1	0	1	1	0	1	1	1	0	0	1	0	1	1	
1	1	1	0	2	2	0	0	1	0	1	0	0	0	1	1	0	0	0	1	0	0	1	0	1	1	1	1	0	1	1	0	2	1	0	0	0	1	0	0	1	1	1	0	1	0	1	0	0	1	1	1	0	1	1	0	0	1	1	0	1	0	0	1	1	1	1	0	1	1	1	2	0	1	0	1	1	0	1	0	0	1	0	1	0	0	1	0	0	1	0	0	2	1	1	1	0	0	1	0	
1	0	0	1	0	1	0	0	1	0	1	1	1	1	1	1	1	2	0	1	1	0	1	1	1	1	1	0	1	0	1	1	0	1	1	2	1	0	0	1	1	1	2	1	1	0	1	0	0	0	1	0	2	1	0	0	0	1	1	1	2	0	0	0	1	0	2	0	1	0	1	0	2	1	0	0	0	0	1	2	0	1	1	1	0	0	0	0	0	0	0	0	1	1	1	0	0	1	0	1	
1	1	2	0	1	0	1	1	0	1	1	0	1	0	0	0	1	0	0	0	0	0	0	1	0	0	0	0	0	0	0	0	0	1	1	0	1	1	0	1	1	0	0	1	0	0	0	0	1	1	0	1	1	1	1	1	1	1	1	0	1	0	1	1	1	1	1	0	0	0	1	1	2	1	1	0	0	0	1	0	1	0	0	0	1	1	0	1	2	1	0	0	1	1	1	1	1	0	0	1	
1	1	1	2	0	0	0	0	0	0	0	0	0	0	0	0	0	1	0	0	0	1	1	0	0	0	1	1	1	1	0	0	1	1	0	1	0	0	2	1	0	0	0	0	0	2	1	1	1	0	1	1	0	0	0	0	1	0	1	1	1	1	0	0	1	1	0	2	1	0	1	0	1	1	0	1	0	0	1	0	1	1	1	0	1	0	1	0	1	0	0	1	0	0	1	0	0	0	0	0	
1	0	0	1	0	1	0	0	0	1	1	0	0	1	1	0	1	1	1	0	1	0	2	0	2	1	1	0	0	1	0	1	1	1	1	1	1	0	0	0	0	0	1	1	1	1	1	1	0	2	0	0	0	0	0	0	1	1	0	1	1	1	1	1	0	0	1	1	1	0	1	1	1	0	2	0	0	1	0	1	0	0	0	1	2	1	1	1	1	0	0	1	0	2	1	0	1	0	0	0	
0	1	0	0	1	1	0	1	0	1	1	1	1	1	1	1	1	0	0	1	1	1	1	1	2	1	1	0	1	1	0	1	1	2	1	0	1	0	1	0	0	0	1	1	0	1	2	1	1	1	0	0	0	1	0	0	0	0	0	0	1	0	1	1	0	1	1	1	0	0	1	1	0	0	1	0	0	1	1	1	1	0	1	0	0	0	0	0	1	0	2	1	2	1	1	1	0	1	0	1	
2	0	0	1	1	0	2	0	0	0	1	0	0	1	1	1	0	0	1	1	1	1	0	0	1	1	0	0	0	1	0	0	0	1	1	0	0	0	0	0	1	1	0	0	0	0	0	0	1	0	1	1	0	0	1	1	1	1	1	0	1	0	1	0	0	0	1	0	1	1	1	0	1	0	1	0	1	0	1	0	0	0	0	1	0	0	1	1	0	1	2	1	0	1	0	2	1	0	1	0	
1	2	0	2	0	1	0	0	1	0	1	0	0	1	1	0	1	1	1	0	0	1	0	1	1	1	1	0	0	1	0	0	0	1	1	0	1	0	1	0	0	1	1	1	0	1	1	1	0	0	1	0	1	1	1	1	2	2	0	1	1	0	2	0	1	1	1	0	0	0	0	0	1	1	1	1	0	1	0	1	1	0	0	0	1	1	0	1	1	1	0	1	0	1	1	0	1	0	0	0	
1	1	0	0	0	0	0	0	0	0	0	1	1	0	0	1	1	0	1	0	0	0	1	1	1	0	2	0	0	0	0	1	0	0	1	0	0	1	0	1	1	2	0	0	0	0	0	1	1	0	1	0	1	2	0	1	2	1	0	0	1	0	1	0	0	0	0	1	2	1	0	1	0	1	1	1	0	1	0	0	0	1	1	0	0	1	1	0	0	1	1	0	1	1	1	1	1	1	0	0	
0	1	0	0	2	1	1	1	1	2	1	0	1	0	0	1	2	0	1	1	0	0	0	0	0	1	0	0	0	0	0	0	0	1	0	1	1	2	2	1	0	0	1	0	1	0	2	0	1	0	0	1	0	0	0	1	1	0	0	1	1	1	0	2	0	0	0	1	0	1	0	1	1	0	0	1	0	1	2	1	1	0	1	0	1	1	1	1	1	0	1	1	1	0	0	0	1	2	1	1	
0	1	0	0	0	0	1	0	0	0	0	1	0	1	1	1	0	1	1	1	0	1	0	1	1	1	0	0	1	0	0	0	0	1	0	1	1	1	1	0	1	1	0	0	1	1	0	0	0	1	0	1	1	1	1	0	1	1	0	0	0	1	1	0	0	0	0	2	0	1	1	1	0	0	0	0	0	1	0	0	0	1	0	1	0	1	0	1	1	0	0	0	1	0	2	0	0	0	1	2	
0	1	0	1	0	0	1	0	1	1	0	0	0	1	0	1	2	1	0	2	0	0	1	1	1	1	0	1	1	1	1	0	1	1	2	0	2	0	1	0	0	0	1	1	0	0	1	0	0	0	0	1	0	1	0	1	1	0	0	1	0	1	1	1	1	0	2	1	1	0	1	0	0	0	0	1	1	0	1	2	0	1	0	0	1	0	0	0	0	0	0	0	0	0	1	0	1	0	1	1	
1	1	1	0	0	0	1	1	1	0	0	1	0	1	0	0	1	0	0	0	0	0	1	1	1	0	1	1	0	1	1	1	1	1	1	1	0	0	0	1	0	0	2	0	1	1	1	1	1	0	0	1	0	0	0	0	1	1	0	1	0	0	1	0	1	1	1	1	0	1	1	0	0	1	0	1	1	1	0	1	0	2	1	0	0	1	1	0	2	1	0	0	0	1	0	1	0	0	1	0	
0	1	0	1	1	0	0	0	1	0	1	0	0	1	1	0	0	0	0	2	0	1	1	1	0	1	1	1	2	1	1	0	1	0	0	0	0	0	0	0	0	1	0	1	0	1	0	0	0	0	0	0	0	0	1	0	0	1	1	0	1	2	0	0	1	0	0	1	0	1	0	0	1	1	0	1	1	2	1	1	0	0	0	1	2	0	0	1	1	0	1	0	0	0	0	0	1	0	0	1	
0	0	1	1	0	0	0	1	1	1	0	0	0	1	2	0	1	1	1	0	0	0	0	0	0	1	0	0	1	1	0	0	1	2	0	1	1	0	0	1	1	0	1	0	1	0	0	0	0	0	0	0	0	0	1	0	2	1	0	0	1	1	1	0	0	1	1	0	1	0	0	0	1	1	0	1	0	1	0	0	1	0	0	0	1	0	1	1	0	0	1	1	1	1	0	1	0	1	0	1	
0	2	0	2	1	0	0	1	1	1	2	1	1	1	1	0	0	1	0	1	2	1	0	1	2	1	0	0	1	1	0	1	1	0	1	0	0	1	0	1	1	0	1	1	0	1	0	0	1	1	0	1	1	1	0	0	1	0	1	0	0	0	0	1	1	2	1	0	1	1	0	0	0	2	1	1	0	0	1	0	1	1	0	1	1	1	0	1	0	0	1	0	0	1	0	1	1	0	2	1	
0	0	1	1	1	1	0	1	2	1	0	0	0	1	0	2	0	1	0	2	0	0	1	0	0	0	0	0	0	2	1	1	1	0	1	0	0	1	0	0	0	2	0	0	0	0	0	0	1	1	0	1	2	1	0	1	1	0	0	0	1	0	0	1	0	1	0	1	1	0	0	1	0	1	1	0	0	2	1	0	0	1	1	1	1	1	0	1	1	0	1	0	1	0	1	0	0	0	0	0	
0	1	1	1	0	1	1	0	1	0	1	1	0	0	1	1	1	1	0	0	1	0	1	1	1	1	1	1	1	0	1	0	1	0	2	1	1	0	0	0	1	1	1	1	0	0	1	0	1	0	1	2	0	0	0	1	1	0	0	0	1	0	1	0	0	0	1	0	0	1	0	0	0	1	1	1	1	0	1	2	1	1	2	2	0	0	1	0	1	0	1	1	0	1	0	1	1	0	1	1	
0	0	0	0	1	0	1	1	1	0	0	1	1	0	0	0	1	1	1	1	1	0	1	1	2	0	0	0	0	0	0	0	0	0	0	1	1	1	0	0	0	0	2	0	1	0	0	0	2	1	1	1	0	0	0	1	1	0	1	0	0	1	0	1	0	0	1	1	1	1	0	0	1	0	1	1	1	0	0	0	1	0	1	0	0	1	0	1	1	1	2	0	0	0	1	0	1	0	1	0	
1	1	0	0	1	0	2	1	0	0	1	1	0	0	1	1	0	0	0	1	0	1	0	0	0	1	0	0	1	0	0	1	1	1	0	0	0	1	0	0	2	0	0	1	1	0	1	1	2	0	0	1	0	0	0	1	0	1	0	0	0	0	0	0	1	0	1	0	1	0	1	0	0	0	1	0	1	0	1	1	1	0	1	0	1	1	0	0	1	1	1	1	0	0	1	1	1	1	1	0	
1	0	0	0	0	0	1	0	0	0	1	2	1	1	0	1	0	1	0	0	1	1	1	1	1	0	0	1	1	0	1	0	1	0	0	0	0	1	1	1	0	1	0	1	1	1	0	0	0	0	0	1	0	1	1	2	0	1	0	1	1	0	1	0	1	1	1	0	0	0	1	1	1	1	1	0	0	0	0	0	1	1	1	1	0	0	0	0	1	0	0	0	0	0	1	0	0	1	1	0	
1	1	1	0	0	1	0	1	0	1	1	1	0	1	1	0	1	0	0	0	0	0	0	0	0	0	0	1	1	0	1	1	0	0	0	0	0	0	0	0	0	1	0	1	0	2	1	1	0	0	0	0	1	1	0	0	0	0	1	0	2	1	0	1	1	0	1	1	1	0	1	0	0	0	0	2	0	2	1	1	1	1	1	1	0	1	1	1	1	1	1	2	1	0	0	1	1	0	1	1	
0	1	0	1	1	0	0	0	0	1	0	1	0	0	0	2	0	1	0	0	0	1	0	0	1	1	1	1	0	0	1	0	1	1	0	0	1	1	1	1	1	0	1	0	1	0	0	0	0	0	2	0	1	0	1	1	0	0	1	0	1	0	0	0	1	1	1	0	0	0	1	1	1	1	0	1	1	0	1	0	0	0	1	0	1	0	0	1	2	1	0	2	1	0	1	0	1	1	1	0	
0	0	1	0	0	0	1	0	1	0	1	0	1	1	1	1	0	0	0	0	0	0	1	1	1	1	0	0	1	0	1	0	2	0	1	0	0	1	0	1	1	0	1	0	0	0	0	0	1	1	1	1	0	0	1	1	1	1	0	0	0	0	0	0	0	1	0	0	0	1	0	1	1	1	2	1	1	0	2	0	1	1	0	1	0	0	1	1	1	1	1	0	0	1	1	1	0	0	1	1	
1	0	0	0	0	0	0	1	0	0	1	1	1	0	0	0	0	1	1	1	1	0	1	1	0	0	0	1	0	0	0	1	0	1	0	0	0	1	0	0	1	0	0	0	1	0	0	1	0	1	0	0	1	1	1	1	1	0	0	0	1	1	1	1	1	0	0	0	1	1	1	0	0	1	0	1	1	0	0	1	0	2	2	1	1	0	0	1	1	0	1	0	2	1	0	0	0	0	2	0	
1	1	1	1	1	1	1	0	1	1	1	2	0	1	1	0	1	0	0	1	0	0	1	1	0	2	1	0	0	1	1	0	1	1	1	1	1	0	0	1	1	1	1	0	0	0	1	1	1	0	0	1	1	0	0	1	1	1	2	0	0	0	1	1	2	0	1	2	0	1	0	0	1	1	0	0	0	1	0	1	0	1	0	0	0	1	0	1	0	1	1	1	1	1	0	1	0	0	1	0	
1	0	1	0	2	0	1	0	0	2	0	1	1	0	1	1	0	0	1	1	1	1	0	1	1	0	0	0	1	0	1	1	0	1	0	0	1	0	1	1	1	2	1	0	0	1	1	2	2	1	1	1	0	0	0	1	0	0	1	0	1	0	1	0	0	1	0	1	0	0	1	0	1	0	1	0	1	1	1	0	0	1	0	2	0	0	0	0	2	1	0	1	0	1	0	0	1	1	0	0	
1	1	0	1	0	0	1	0	1	0	1	0	1	1	0	0	0	1	0	1	1	1	0	0	1	0	1	0	0	0	1	0	0	0	0	0	0	1	1	0	0	0	1	1	0	0	0	1	0	0	0	1	1	0	0	0	0	1	1	0	1	0	0	0	0	1	1	0	0	1	0	1	0	1	0	2	1	0	0	0	0	1	1	1	2	0	0	0	1	1	0	0	1	1	0	1	1	1	0	0	
0	0	0	1	1	1	2	1	1	0	0	1	1	1	1	1	1	0	0	0	1	1	0	0	2	1	0	1	1	1	1	0	0	1	0	1	1	1	0	2	0	0	1	1	1	1	0	1	0	0	0	0	1	0	1	0	0	1	0	0	0	1	0	0	1	1	0	0	2	0	1	1	1	0	1	1	1	0	2	0	1	0	1	0	1	0	0	1	1	1	1	0	0	0	0	1	0	1	1	1	
0	0	0	0	1	1	1	1	1	1	1	0	1	1	1	1	0	0	0	1	0	1	1	1	1	0	0	1	0	1	0	1	0	1	0	1	1	0	1	0	0	1	0	0	1	1	1	0	1	0	0	0	1	1	1	1	1	0	0	0	1	0	1	0	0	0	1	1	1	0	1	1	1	1	0	0	1	0	1	0	2	1	0	0	2	0	1	1	0	1	0	0	0	1	0	1	2	0	1	0	
1	0	1	1	1	0	1	0	0	1	1	0	1	1	0	1	0	2	2	1	0	0	0	1	0	1	1	0	1	1	0	0	1	1	0	0	1	0	1	1	0	0	1	1	2	0	0	0	0	0	0	1	0	1	0	1	1	0	0	1	1	1	0	0	1	1	0	1	2	0	0	0	1	1	0	0	0	0	2	0	1	0	1	1	0	1	1	0	1	1	0	0	1	0	0	0	0	1	0	1	
1	1	1	1	0	1	0	0	1	0	1	0	1	1	0	0	0	0	0	1	1	0	0	0	0	1	2	1	1	1	1	1	1	1	0	0	1	0	0	2	1	1	1	1	1	0	2	1	0	0	0	1	0	1	1	0	1	0	1	0	1	0	1	1	1	1	1	0	1	0	0	0	0	1	2	1	0	0	1	1	0	1	0	0	0	1	0	1	1	0	1	1	1	0	1	0	1	0	2	1	
0	1	1	1	0	0	1	0	0	1	2	1	1	0	0	1	0	1	1	0	0	1	2	1	1	1	0	1	1	0	0	0	1	0	0	0	0	0	1	1	2	0	0	2	1	1	0	1	1	1	1	0	1	1	0	1	1	1	1	1	1	1	1	0	0	0	0	0	2	0	0	0	0	0	1	0	0	1	1	1	1	0	1	0	1	0	0	0	0	1	1	0	1	0	1	1	2	0	0	1	
0	0	1	1	0	0	0	1	2	0	0	1	0	1	1	1	1	0	2	0	1	1	2	0	0	1	2	1	0	0	0	0	1	1	0	0	0	1	1	0	0	1	0	0	1	1	1	0	1	1	1	0	1	2	0	1	0	0	0	0	1	0	0	0	0	1	0	1	1	0	1	0	0	0	0	1	0	1	0	2	0	0	2	1	0	1	1	0	1	0	0	1	1	1	1	2	0	0	0	2	
0	0	0	1	0	1	0	2	0	1	0	0	1	1	1	1	0	1	0	0	0	1	0	0	0	1	1	1	0	0	1	0	1	0	1	1	0	1	0	1	1	0	0	2	2	1	1	0	0	1	1	0	1	0	1	1	1	0	2	2	0	0	0	1	1	1	0	0	0	1	0	1	0	0	1	1	0	0	0	1	1	1	0	0	0	1	0	1	1	1	0	1	1	1	0	1	2	0	1	0	
0	0	0	2	1	1	1	0	1	0	0	1	1	0	0	1	0	0	1	0	0	0	0	1	0	1	0	1	1	1	0	1	1	1	1	0	1	0	0	0	0	0	1	0	0	0	0	1	0	1	1	0	1	1	1	0	1	0	0	1	1	1	0	0	0	0	1	0	1	0	0	0	0	1	0	0	0	1	0	0	0	1	0	0	0	0	0	1	1	1	2	1	0	1	1	1	0	1	0	1	
0	1	0	0	1	0	0	0	1	1	0	0	0	2	1	2	1	1	1	0	0	1	1	1	0	0	0	1	0	1	1	0	0	0	1	2	0	1	0	1	0	1	1	0	1	1	0	0	0	0	0	0	1	0	1	0	2	0	1	0	1	0	1	1	0	0	0	1	1	1	1	0	0	0	0	0	1	0	1	1	2	0	1	1	0	0	0	0	0	1	0	0	0	0	1	2	0	0	0	2	
0	1	0	2	0	0	1	0	1	1	0	1	0	0	0	1	0	0	0	1	2	0	1	0	1	1	0	0	0	1	0	1	0	1	0	1	0	0	1	0	0	1	0	0	0	1	0	0	0	0	1	1	0	1	0	0	0	0	1	1	0	0	1	1	0	1	1	0	1	1	1	0	0	1	1	1	0	0	1	0	0	0	0	1	1	1	1	1	1	1	2	1	1	1	0	0	0	1	1	0	
0	1	0	2	0	0	1	0	1	0	1	2	1	1	0	1	0	1	0	0	1	0	0	0	0	0	0	0	2	0	0	1	1	0	1	1	0	1	0	1	0	0	1	1	1	0	1	0	0	0	1	0	0	2	0	0	1	0	0	1	1	0	0	1	1	1	0	0	1	1	0	0	2	0	0	0	1	0	1	1	0	0	1	0	1	0	1	1	1	0	0	0	2	0	0	1	0	0	0	1	
0	0	1	0	0	1	0	1	2	1	1	1	1	1	0	0	1	1	2	1	1	1	0	0	1	1	1	1	1	1	1	1	0	1	1	0	0	1	0	0	1	2	1	1	1	0	1	1	0	0	1	2	0	0	0	1	0	1	0	1	1	0	0	0	1	0	0	1	0	0	1	0	0	1	1	0	0	0	1	1	0	0	1	1	0	1	1	0	1	0	1	0	1	1	1	1	1	1	0	0	
1	1	0	1	0	1	1	1	0	0	1	1	0	0	1	0	0	2	2	0	1	1	1	1	0	1	1	1	0	1	0	1	1	1	0	0	0	0	0	1	1	1	0	1	0	1	1	0	0	0	0	1	1	0	1	0	1	0	0	0	0	0	2	0	0	1	1	1	1	0	1	0	1	1	1	1	1	1	0	1	1	0	0	1	0	0	0	0	1	0	0	1	0	1	0	1	0	0	0	1	
1	1	1	0	0	0	1	0	0	0	0	0	1	1	1	1	0	0	0	1	0	1	1	1	0	0	0	0	1	0	0	1	1	0	1	0	1	0	1	0	0	1	0	0	2	1	0	0	0	0	1	0	0	1	0	0	0	1	0	1	0	0	1	1	0	1	0	1	2	2	0	0	0	1	0	0	0	1	0	1	0	0	1	1	0	1	0	0	1	1	0	0	0	0	0	0	0	0	0	2	
0	0	0	1	1	0	0	1	1	1	1	2	0	0	1	0	0	1	1	0	0	0	0	1	1	1	1	0	1	1	1	0	1	0	0	2	0	0	0	1	0	0	1	1	0	0	1	0	2	1	1	0	0	1	0	1	0	1	0	0	1	0	1	1	0	0	0	0	1	1	0	0	0	1	0	1	1	0	2	1	0	1	1	0	2	2	0	1	0	0	0	1	0	1	1	0	0	1	0	0	
1	0	1	1	1	1	0	0	0	1	1	2	1	0	1	0	0	0	1	0	1	0	1	1	1	1	0	0	1	0	0	0	0	0	1	0	0	1	1	0	1	0	0	0	1	0	1	0	1	0	1	0	1	1	0	0	0	0	1	0	0	0	1	0	0	1	0	0	0	0	1	0	1	2	1	1	1	0	0	0	1	0	1	1	0	1	1	1	0	1	1	1	1	0	1	2	0	0	0	1	
1	0	0	2	1	1	1	0	1	1	0	0	1	1	0	1	1	0	0	2	1	1	0	0	0	1	2	1	0	0	1	0	1	1	0	1	1	1	0	0	1	1	1	0	1	1	0	1	1	1	0	0	1	0	1	0	1	0	2	0	0	0	0	1	1	1	0	1	0	1	0	0	0	0	0	0	0	0	0	1	2	2	0	1	1	1	0	1	0	1	1	2	0	1	0	1	1	0	0	0	
1	1	1	1	0	1	1	0	1	0	0	0	0	0	0	1	1	1	2	1	0	2	1	0	1	1	0	1	0	0	1	0	0	0	1	1	1	0	1	1	0	0	1	0	0	1	1	0	2	2	0	1	1	1	2	1	0	0	1	1	1	0	1	1	0	0	2	1	0	0	1	1	0	0	1	0	0	0	2	1	1	1	0	2	0	1	0	0	0	1	1	0	0	1	0	1	0	1	0	1	
0	1	1	1	1	1	0	0	1	1	0	1	0	0	1	1	1	0	0	0	0	0	0	1	1	0	1	2	1	1	0	1	0	1	2	1	0	0	0	0	0	0	1	1	0	0	0	0	1	0	0	1	0	0	1	0	1	0	0	0	1	1	1	0	0	0	0	0	1	0	1	0	1	1	1	1	0	1	2	0	1	1	1	0	0	1	0	0	1	0	1	1	1	0	1	1	1	1	1	1	
0	0	0	1	1	1	2	0	1	0	0	0	0	0	0	0	1	1	0	1	1	0	0	1	1	1	1	1	1	0	1	0	1	0	0	0	0	0	0	1	1	1	0	1	0	0	1	0	1	0	1	0	0	1	0	0	0	0	0	0	0	0	1	2	0	0	0	1	0	1	1	1	1	0	1	1	0	0	0	1	0	1	1	1	1	1	1	0	1	0	1	0	0	1	1	0	1	1	0	1	
1	0	0	1	0	0	1	0	1	2	1	1	0	1	0	1	0	1	1	0	1	0	2	0	0	1	0	1	0	0	1	1	1	1	1	1	1	1	1	1	0	1	0	0	2	1	0	0	0	1	1	1	1	0	0	1	0	0	0	0	1	0	1	0	0	1	1	0	0	1	2	1	0	1	1	1	0	0	1	1	0	2	0	0	0	2	0	1	0	1	0	0	0	0	0	1	0	1	1	1	
1	1	1	0	1	0	0	1	1	0	1	1	0	1	0	1	1	0	0	1	1	0	1	0	0	0	0	0	1	1	1	0	0	0	0	0	1	1	0	0	1	0	1	0	0	0	1	1	2	1	0	0	1	0	1	0	1	0	1	0	2	1	1	1	0	1	0	1	1	1	1	0	0	1	0	0	1	1	1	0	0	0	0	1	0	1	1	1	0	1	0	1	1	1	0	0	1	2	1	0	
1	1	2	1	0	0	0	0	1	0	1	0	1	0	1	1	1	0	0	1	1	1	1	0	1	0	0	0	1	1	1	0	1	1	0	1	0	0	0	0	1	0	0	0	1	0	0	1	2	1	1	0	0	1	0	2	1	1	0	0	1	1	1	0	0	0	0	1	1	1	1	1	0	1	0	1	0	0	1	1	0	1	0	1	0	1	0	0	0	1	0	1	1	0	1	0	1	0	0	0	
1	0	1	1	1	0	0	0	0	0	0	0	0	0	0	0	0	0	0	0	0	1	0	0	1	1	1	0	1	0	0	1	0	1	0	1	0	0	1	2	0	0	0	0	1	1	1	0	1	1	0	1	1	1	0	0	0	0	0	0	1	0	0	0	0	1	0	0	0	1	0	0	0	1	1	1	0	1	1	0	0	1	0	1	0	0	1	0	0	1	2	0	0	0	0	0	0	2	0	1	
0	0	1	1	0	0	1	2	0	0	1	0	0	0	0	1	0	1	2	0	1	0	0	1	1	1	1	1	1	1	0	0	0	0	1	0	0	0	0	1	1	0	2	0	0	1	0	0	1	0	0	0	0	1	0	0	0	0	1	0	1	0	0	0	1	1	0	0	1	1	1	0	0	0	2	0	0	1	1	1	0	0	0	0	2	1	0	1	0	0	0	0	1	1	0	0	2	0	0	0	
1	1	1	0	0	1	0	1	0	1	0	2	1	1	1	1	0	0	1	0	1	1	0	0	1	1	1	1	0	1	1	0	0	1	0	0	0	1	0	0	1	1	1	1	0	0	1	1	0	0	1	1	1	0	0	0	0	0	0	1	0	0	1	0	1	2	1	0	0	1	1	1	0	1	0	1	1	1	0	0	0	1	0	0	1	0	0	2	1	1	0	1	0	0	0	0	1	1	1	0	
1	0	1	0	1	1	0	2	0	2	0	0	1	0	0	0	0	1	0	1	0	0	1	0	0	2	1	1	0	0	1	1	0	1	0	0	0	0	0	1	0	2	0	0	0	0	2	1	1	0	1	1	0	0	1	0	0	1	1	1	0	0	0	0	0	0	0	1	1	1	0	0	2	0	1	1	1	1	0	0	0	0	0	1	0	1	1	0	0	1	0	1	0	1	0	0	0	0	1	0	
0	1	0	1	1	0	0	0	1	1	1	0	1	0	0	1	0	1	0	1	2	0	1	0	0	1	0	1	0	0	1	0	1	1	1	0	0	0	0	0	1	0	2	1	0	0	0	0	0	0	0	1	0	0	0	1	1	0	2	1	0	1	1	2	0	0	1	0	1	1	0	0	0	1	2	1	0	0	0	0	0	0	2	0	1	0	0	0	0	0	1	0	0	0	0	1	0	0	0	1	
1	0	1	0	0	1	0	0	1	1	1	0	1	1	1	0	1	2	0	0	0	0	1	0	0	0	1	0	1	0	1	1	0	2	0	0	0	1	0	0	0	1	1	0	0	1	1	1	1	1	1	0	1	1	0	0	1	2	0	1	1	0	1	0	0	1	1	0	1	0	1	0	1	0	0	0	0	1	0	0	1	0	0	2	1	1	1	1	0	0	0	1	0	0	0	1	1	0	1	1	
1	1	0	1	2	1	1	1	0	1	0	1	0	0	0	0	1	0	1	0	0	0	0	1	1	0	0	1	0	1	1	0	0	1	2	0	0	1	0	0	0	2	1	0	0	1	0	0	1	0	1	1	0	1	0	1	1	1	1	0	0	0	0	2	0	1	2	0	1	0	0	1	1	1	0	0	1	1	0	1	1	0	1	0	0	0	0	1	1	0	0	1	0	1	1	1	1	1	0	0	
0	0	0	1	1	0	1	0	0	1	0	2	0	0	0	1	1	1	1	2	2	0	0	0	1	1	0	1	0	0	0	1	1	0	1	0	0	0	1	1	1	0	1	0	0	1	1	0	0	1	0	1	1	0	0	0	1	0	1	2	1	0	1	1	0	0	0	1	1	0	0	1	0	0	1	1	1	0	0	0	1	0	1	0	1	1	0	0	1	1	1	2	0	1	0	0	0	0	0	2	
1	1	0	1	1	1	1	0	1	1	1	0	0	0	1	1	0	1	1	0	0	1	0	1	0	0	1	0	1	1	1	0	1	0	0	1	2	0	1	0	0	0	0	0	1	0	1	0	0	0	0	1	0	0	1	1	1	0	0	2	1	1	1	0	0	1	0	0	0	0	2	0	1	0	0	0	1	1	1	0	0	0	1	0	0	1	1	0	0	1	0	0	1	1	1	0	0	1	0	0	
1	1	2	1	1	1	0	0	1	1	0	1	1	0	0	1	1	1	0	1	1	0	0	0	0	0	0	0	0	1	0	0	1	0	2	0	0	1	1	0	1	0	0	1	0	1	0	1	0	1	0	0	0	1	0	2	1	1	0	1	0	0	1	1	1	1	2	0	1	0	1	0	0	1	1	0	1	0	0	1	1	0	0	1	1	1	0	2	1	1	1	1	0	0	1	1	0	1	0	1	
2	0	0	0	0	0	1	0	1	1	1	1	1	0	1	0	1	0	1	0	1	0	1	0	1	1	1	0	0	0	1	1	0	1	1	0	1	1	2	1	0	1	0	2	1	1	0	1	0	0	0	0	1	1	0	1	0	1	0	0	1	0	1	0	0	1	1	0	0	0	0	1	0	1	1	0	0	0	0	0	0	0	0	1	0	0	0	0	0	1	1	1	2	0	1	1	0	1	0	0	
0	1	1	0	1	0	1	0	0	0	1	0	0	1	0	0	1	1	1	2	0	0	0	0	0	0	1	1	1	0	0	0	1	0	1	1	2	1	1	0	1	1	0	1	0	0	1	0	1	1	2	1	1	2	0	1	1	0	1	1	0	0	1	0	0	1	1	1	0	0	0	1	0	0	1	1	0	0	0	0	1	1	0	0	0	0	0	1	1	1	0	1	1	0	1	0	1	1	0	0	
1	1	1	1	0	1	0	1	1	1	0	0	0	1	0	1	1	0	1	1	0	1	1	1	1	1	0	0	1	1	0	1	1	1	1	1	1	0	1	1	0	2	0	1	0	0	1	0	0	1	1	0	0	1	0	0	1	1	0	0	1	1	1	1	0	1	0	1	1	1	0	0	2	1	1	2	0	0	1	1	0	0	0	0	1	2	0	1	0	0	0	0	2	1	1	1	1	0	0	0	
1	0	0	1	0	2	0	0	1	0	0	1	0	0	1	0	1	1	1	1	1	0	0	0	1	0	0	0	0	0	0	0	1	0	1	0	0	1	1	1	1	0	0	2	1	0	1	0	1	0	0	0	1	1	1	1	1	1	1	1	0	1	0	0	2	2	0	0	1	0	1	1	0	0	1	1	0	1	1	0	2	1	0	1	1	0	0	1	0	0	1	0	0	0	0	1	0	2	0	2	
1	1	0	0	0	1	1	1	1	1	1	1	1	1	0	2	0	2	1	0	1	1	0	0	0	1	1	0	0	0	1	1	1	1	1	1	1	1	1	0	0	0	0	1	1	0	0	2	0	0	1	0	0	1	1	1	1	0	1	1	1	1	0	1	0	1	1	0	0	0	1	1	0	1	1	0	1	1	1	0	1	1	0	0	1	0	0	0	0	0	1	1	0	1	0	0	0	0	1	1	
0	0	0	1	0	1	1	1	1	0	1	1	1	0	0	0	0	1	1	1	0	0	0	0	1	0	0	1	0	1	1	1	1	0	0	1	2	0	1	0	1	1	0	0	0	0	2	0	2	0	2	1	1	0	0	0	0	1	1	1	1	1	1	0	1	1	0	1	1	1	1	0	0	0	2	0	0	0	0	0	0	0	1	0	0	0	1	2	1	1	0	1	1	0	1	0	0	0	2	0	
1	1	0	0	0	1	1	1	1	0	0	0	0	1	0	0	0	0	0	0	1	0	0	0	1	0	0	0	1	0	0	0	1	1	0	0	1	0	1	1	1	0	1	0	1	0	0	1	0	1	0	1	1	2	1	1	1	0	0	1	0	0	1	1	0	1	0	0	0	1	0	0	0	1	0	0	1	1	0	0	0	2	0	0	0	0	0	1	0	1	0	0	0	0	0	1	0	1	0	1	
1	1	0	2	0	1	0	0	1	0	1	1	0	0	0	1	0	1	0	1	1	1	1	1	1	1	1	0	1	1	1	1	0	0	0	1	0	0	0	0	1	1	1	1	1	0	0	1	0	0	1	1	1	0	1	0	1	0	1	1	0	0	1	0	1	1	0	1	1	1	1	1	0	0	1	1	1	1	2	2	0	0	0	1	0	1	2	0	0	0	1	0	0	1	0	0	1	0	1	0	
0	1	0	0	1	1	0	0	1	0	0	0	0	0	1	1	0	1	1	1	1	1	1	0	1	1	1	0	0	1	0	1	1	1	1	1	1	0	0	0	1	0	1	0	1	2	1	0	0	1	0	1	1	1	0	0	0	1	1	1	1	1	1	1	1	1	1	1	1	1	0	0	0	0	0	2	0	1	0	0	0	0	1	1	0	1	1	1	1	0	1	1	0	1	1	0	2	1	0	1	
0	0	0	0	1	1	0	0	0	1	0	1	2	1	0	1	1	0	0	0	1	0	0	2	0	0	1	1	1	0	1	0	0	1	1	0	1	0	0	1	1	1	0	0	1	0	1	1	1	0	1	0	0	1	1	1	0	2	0	1	1	0	1	1	1	1	0	0	1	1	1	1	0	1	0	0	0	1	1	0	0	1	0	1	1	0	0	0	0	0	0	1	0	1	0	0	0	0	1	1	
0	0	0	0	0	1	0	0	0	0	1	1	0	0	1	1	1	1	0	1	1	0	1	0	0	0	1	0	1	1	0	0	1	0	1	1	0	1	0	1	1	1	1	0	0	1	0	0	0	1	1	0	1	1	1	0	0	1	0	1	1	0	0	0	1	1	1	1	1	0	1	0	1	0	1	1	0	0	0	1	1	1	0	1	1	1	1	0	1	0	1	0	0	2	1	1	0	2	0	0	
0	1	1	0	0	0	0	1	0	1	0	0	1	1	0	0	1	1	1	0	0	0	1	1	1	1	1	0	0	1	1	0	0	1	1	0	0	0	1	0	0	1	0	0	1	1	0	2	1	0	1	0	1	1	1	0	1	0	0	0	0	0	1	0	0	1	1	1	1	1	0	0	0	0	0	0	1	1	0	0	1	0	0	2	1	0	0	1	0	1	1	0	1	1	0	1	1	0	1	0	
0	0	0	0	2	0	0	0	0	0	1	0	0	0	0	0	1	1	0	0	1	0	0	0	0	0	0	1	0	0	0	0	0	0	0	1	0	1	1	0	0	2	2	1	1	1	0	0	1	1	0	1	0	1	1	1	1	0	0	0	1	1	0	0	2	1	0	0	0	0	0	0	0	1	2	1	1	1	1	1	0	1	0	0	0	1	0	0	1	0	1	0	0	0	1	1	0	1	0	0	
1	1	0	0	1	1	1	0	0	1	1	1	0	1	0	1	1	0	1	0	0	1	2	2	0	1	2	0	1	0	1	0	0	0	1	0	1	0	0	0	0	1	0	0	2	1	0	0	2	1	1	1	1	1	1	0	0	0	0	0	1	0	2	1	1	1	0	0	2	1	0	0	1	0	1	1	0	0	1	1	0	0	0	0	1	1	0	2	0	0	1	0	0	0	1	0	0	0	0	1	
1	1	1	0	0	1	1	1	1	0	0	1	0	2	0	1	0	2	0	1	0	0	0	0	1	1	1	1	0	1	1	1	1	0	1	1	0	1	1	1	1	0	0	1	1	1	0	0	0	1	0	1	1	1	1	1	0	0	1	0	1	1	1	0	0	1	1	0	0	0	1	0	0	1	0	0	1	0	1	0	0	0	1	1	1	0	0	0	0	0	2	1	1	0	0	1	0	1	0	1	
0	1	1	1	1	0	0	0	0	0	1	0	0	0	1	0	0	1	0	0	1	0	2	1	1	1	1	1	1	1	1	1	0	0	0	0	1	0	0	0	0	1	1	0	0	0	0	1	0	0	2	1	0	1	0	1	1	1	1	0	1	2	0	1	0	0	0	1	1	0	0	0	1	2	1	1	0	0	1	0	1	1	0	0	1	0	0	1	1	1	0	1	0	1	0	1	0	0	1	2	
1	1	0	1	1	1	0	1	0	1	0	1	1	0	2	0	0	1	0	0	0	1	0	1	0	1	0	2	0	1	1	1	0	1	2	1	0	1	0	0	1	1	0	1	0	1	1	1	0	1	2	0	1	1	0	1	1	0	0	0	0	1	2	1	0	1	1	1	0	1	0	1	1	1	0	2	1	0	1	0	0	1	1	1	0	1	1	0	0	0	1	1	0	1	1	0	0	1	0	0	
1	0	1	1	0	1	0	1	0	2	0	1	1	0	1	1	0	0	0	1	0	0	1	1	1	0	1	0	0	0	1	0	0	0	1	1	2	0	1	0	2	0	1	0	0	0	0	1	0	0	0	0	0	0	0	0	1	0	1	0	1	0	0	0	1	1	0	0	1	0	0	1	1	1	2	0	2	1	2	0	0	1	1	1	2	1	1	0	1	1	0	1	0	1	2	1	1	1	1	0	
0	0	0	1	1	0	0	0	0	0	0	0	2	0	1	0	1	0	0	0	1	0	0	1	0	1	2	1	1	1	0	1	0	0	2	0	0	1	0	0	0	0	0	0	1	1	0	1	0	0	1	1	1	1	0	0	1	1	1	1	1	0	1	0	1	1	0	1	1	0	0	0	1	0	0	1	0	1	0	1	0	0	1	0	0	0	0	0	1	0	1	0	1	0	1	1	0	1	0	1	
0	0	1	0	1	0	0	0	1	1	1	0	1	1	1	0	1	0	0	0	1	1	1	1	0	1	1	0	1	2	1	0	1	1	1	2	1	0	1	0	2	0	1	1	1	0	0	0	0	1	0	0	1	0	1	0	0	1	1	0	1	0	0	0	1	1	0	1	1	1	0	1	1	0	0	1	0	1	1	0	0	0	0	0	1	1	1	2	1	1	0	0	0	0	1	1	0	0	1	0	
1	0	1	2	0	1	0	1	1	1	0	1	1	1	0	1	0	0	1	1	0	1	0	1	0	1	0	0	1	0	0	0	0	0	1	1	2	0	1	0	1	0	0	1	1	0	0	0	0	0	0	0	1	2	1	1	1	1	0	0	1	0	1	0	1	0	0	1	1	0	1	1	1	0	2	0	0	0	1	1	0	1	1	1	1	1	1	1	1	1	0	2	0	0	1	0	1	0	1	0	
0	0	0	0	1	1	0	0	0	1	0	0	0	0	0	1	1	0	0	1	0	1	0	1	1	1	1	0	0	0	0	0	1	0	0	1	1	1	0	0	1	0	1	1	0	1	2	1	0	0	1	0	1	1	2	0	0	1	1	0	0	1	0	0	0	1	2	0	2	0	0	2	0	2	1	0	0	0	1	1	2	2	0	0	0	1	1	0	1	0	1	0	1	1	1	1	1	0	0	0	
0	2	0	0	1	1	0	0	0	0	1	0	1	0	1	0	1	0	0	0	1	0	1	1	0	1	1	0	1	1	0	0	2	0	0	0	1	1	1	1	2	1	0	1	0	1	0	0	2	1	0	1	1	0	1	1	1	0	0	0	0	1	0	1	1	0	1	1	0	0	1	0	1	1	0	1	0	0	0	1	1	1	0	0	2	0	1	0	0	0	0	2	0	0	1	1	1	0	1	0	
0	0	1	1	1	1	2	1	0	0	1	0	0	1	1	0	1	0	0	0	0	0	0	0	0	0	1	0	1	0	0	1	0	0	0	0	1	1	1	0	0	1	0	1	0	0	1	0	1	2	0	1	1	0	0	1	0	1	1	0	0	1	0	0	0	1	1	0	1	0	2	2	0	0	0	0	0	2	1	1	0	1	2	1	1	1	1	0	1	1	1	2	1	0	1	1	1	0	0	0	
2	1	0	1	1	0	1	0	1	0	1	0	1	1	1	1	1	0	1	1	1	1	0	1	0	0	1	1	1	1	0	1	2	1	1	0	0	0	2	1	1	0	0	0	0	0	0	0	0	1	1	0	0	0	0	0	0	0	1	2	0	2	1	1	1	0	0	1	0	1	0	1	0	0	0	0	0	0	1	1	1	0	0	0	0	1	1	0	1	0	1	0	1	0	1	0	1	0	1	0	
0	0	0	0	0	0	0	0	1	0	1	1	0	1	1	1	1	1	0	1	1	0	1	0	0	2	0	0	0	1	1	0	1	1	0	0	0	0	2	1	1	0	1	0	1	0	0	0	1	1	0	0	2	0	1	0	0	0	1	1	0	0	1	0	0	1	0	1	0	1	0	0	0	1	1	0	1	0	1	1	1	0	0	0	0	0	0	1	0	0	1	1	0	0	1	0	1	1	0	0	
1	0	0	0	0	0	0	0	0	0	2	1	1	1	1	1	0	1	0	0	1	0	1	0	0	0	1	0	0	1	0	1	1	2	1	1	0	1	0	1	1	1	0	2	0	1	0	2	1	0	0	1	0	0	2	0	1	0	1	1	0	0	0	0	0	0	1	1	1	0	2	0	0	0	0	1	1	1	1	1	1	1	0	1	1	1	1	0	0	1	0	1	2	1	1	0	0	0	0	0	
0	0	0	0	1	0	1	0	0	0	0	1	0	1	1	1	1	1	0	0	0	0	1	1	1	0	1	1	0	0	1	1	1	0	0	1	0	1	0	1	0	1	0	0	0	1	0	0	0	1	1	0	0	0	1	1	1	1	0	0	0	1	1	0	1	1	0	0	1	0	0	1	0	1	0	1	1	0	1	1	0	0	1	1	0	0	0	1	1	0	0	1	1	1	1	0	0	0	2	0	
1	1	1	2	0	0	1	0	1	1	1	1	1	1	1	0	0	1	1	1	0	0	2	2	0	0	1	0	1	0	2	0	0	2	0	1	1	1	0	0	0	2	1	0	1	0	1	1	0	0	0	1	1	1	1	0	1	1	0	0	0	0	1	2	1	1	1	0	1	0	0	1	0	0	0	1	0	0	1	1	0	0	0	1	1	1	1	0	1	1	0	0	0	0	1	1	1	1	1	1	
0	0	1	0	0	0	0	1	0	1	0	0	1	0	0	1	1	1	1	1	0	0	1	1	1	0	1	1	1	0	0	1	0	1	1	0	0	0	1	1	0	1	1	2	1	1	1	1	0	0	0	0	1	0	1	0	1	0	0	1	0	1	0	0	0	1	0	0	0	1	1	0	0	0	1	0	0	0	2	0	2	1	1	0	1	0	1	1	1	0	0	1	1	1	0	1	1	1	1	1	
0	0	1	1	1	1	0	1	0	1	0	0	1	1	1	0	1	0	0	0	1	0	0	0	1	2	0	0	0	1	1	0	0	0	1	1	0	1	0	0	0	2	1	0	1	1	0	0	1	1	0	1	0	0	0	1	0	1	1	1	0	1	1	1	0	1	0	1	1	0	0	0	0	0	0	1	1	1	0	0	1	0	0	0	0	1	1	2	1	0	1	1	0	0	0	1	0	0	0	0	
0	1	1	1	2	0	0	0	1	1	1	1	1	1	1	0	0	0	0	1	0	0	1	1	1	1	1	1	1	0	0	0	1	0	1	0	1	1	1	0	0	1	0	1	1	1	0	1	0	1	1	1	1	0	1	1	1	0	1	0	0	1	1	0	1	1	0	1	1	0	0	0	1	1	1	1	2	0	0	0	0	1	1	1	1	0	1	1	1	1	0	0	1	0	0	0	0	0	1	0	
1	1	0	0	1	1	1	1	0	0	0	1	0	0	0	0	0	1	0	1	0	0	0	0	0	1	1	1	1	0	0	0	0	0	0	1	1	1	1	0	1	0	1	0	0	0	0	0	0	1	1	1	0	0	0	1	2	1	0	0	0	0	1	2	1	0	1	1	1	1	0	1	1	1	0	0	0	0	0	2	0	1	0	1	1	0	0	0	1	0	0	1	0	1	0	1	0	0	1	0	
1	1	1	0	0	1	0	0	0	0	1	1	1	1	0	2	0	1	2	0	1	0	0	1	1	0	0	0	1	0	0	0	0	1	1	0	2	0	0	0	0	1	1	0	1	0	1	1	0	1	1	0	2	0	0	0	1	0	0	1	0	0	0	0	1	1	1	0	1	1	1	1	0	0	0	0	0	1	2	0	1	1	1	0	1	0	1	0	1	0	0	0	0	1	0	1	0	0	0	1	
1	0	1	1	0	0	1	1	0	1	0	1	0	1	0	1	0	0	1	1	1	0	0	0	0	1	2	1	0	1	2	0	0	1	2	0	1	1	0	1	0	0	0	0	2	0	1	1	0	2	1	1	0	2	0	1	2	0	0	0	1	0	0	0	0	2	0	1	0	0	1	0	1	0	0	1	1	1	1	1	1	2	0	1	1	1	0	1	0	2	1	1	1	1	0	0	0	0	1	1	
1	0	0	0	2	0	0	1	0	1	0	1	0	0	0	0	1	0	1	0	1	0	1	0	0	1	1	1	0	0	0	0	0	1	1	1	0	0	0	0	1	0	0	0	0	2	1	2	1	1	1	0	0	1	1	0	0	1	1	0	1	0	0	0	1	0	0	1	0	2	1	0	0	0	1	0	0	0	1	2	0	0	0	2	0	1	2	0	0	0	0	1	0	0	0	1	0	1	1	0	
0	0	0	2	1	1	0	0	0	1	0	0	0	0	1	0	1	0	1	0	0	1	0	1	0	1	0	1	1	1	1	0	0	1	0	0	1	1	0	1	0	0	0	0	0	1	0	0	0	1	0	1	0	0	1	0	1	0	1	1	1	1	1	0	0	1	1	0	1	0	1	0	0	1	0	1	1	1	1	0	0	1	1	1	0	0	0	0	0	1	1	1	1	1	0	1	0	1	0	1	
2	1	1	1	0	0	0	0	0	1	0	1	0	1	0	1	1	0	1	0	2	1	2	0	2	1	1	1	1	1	0	0	1	0	0	0	0	1	0	1	1	0	1	1	0	1	2	1	1	0	1	1	1	0	0	0	1	1	1	0	0	0	0	1	0	0	1	1	0	1	0	0	0	1	1	0	1	0	0	0	2	1	0	0	1	1	0	0	0	1	0	1	0	0	1	1	0	0	0	1	
0	1	0	1	0	1	0	0	1	1	1	1	1	1	0	0	0	1	1	0	0	0	0	0	1	1	0	0	1	1	0	1	1	0	0	1	0	1	0	0	0	1	0	2	0	0	0	1	0	0	1	0	0	0	1	0	1	0	2	1	1	1	0	0	1	0	0	0	0	0	1	2	0	0	0	1	0	1	0	1	0	0	0	0	1	0	1	1	0	0	1	1	1	0	0	0	0	0	0	1	
1	0	0	0	0	1	1	1	1	0	0	0	1	0	0	1	0	0	1	0	0	0	1	0	1	0	0	0	0	0	0	0	0	0	0	0	0	0	0	1	0	1	1	0	2	0	0	1	1	0	1	0	0	1	1	1	1	0	0	1	2	0	1	0	1	1	1	0	1	0	0	1	0	0	1	1	1	0	0	0	0	0	0	0	0	0	0	1	1	0	1	1	0	0	0	1	0	1	0	0	
1	0	0	1	0	1	1	0	0	1	0	0	0	1	0	0	0	0	0	1	1	0	1	1	0	0	1	1	0	1	1	0	2	1	0	1	0	0	0	1	0	0	1	0	0	1	0	0	1	1	0	1	1	0	0	1	1	1	1	1	1	1	1	1	1	0	0	2	1	1	0	1	0	1	1	0	1	1	1	0	2	0	1	1	0	0	1	0	1	1	1	1	0	1	0	1	1	0	0	0	
0	1	0	0	0	0	1	0	1	1	1	0	1	0	2	1	1	1	1	1	0	1	0	0	1	0	1	1	1	2	0	0	0	1	0	0	0	0	0	1	1	1	0	1	1	1	0	0	0	1	1	1	0	1	1	2	0	0	2	0	0	1	0	1	1	0	0	0	1	0	0	0	1	1	1	1	1	1	0	1	0	0	1	1	0	1	0	1	0	0	0	1	0	1	0	0	0	0	1	1	
0	0	1	0	0	1	1	1	1	0	0	0	2	1	2	0	0	0	1	1	2	0	1	0	0	0	1	1	1	1	1	1	0	1	0	0	1	1	0	0	1	1	1	1	0	0	1	0	2	0	0	1	0	2	1	1	0	1	0	0	0	1	1	2	0	1	0	0	0	1	0	0	1	1	1	1	0	0	0	0	1	1	0	0	1	0	0	0	0	1	1	1	1	1	1	0	2	1	1	0	
1	1	0	0	1	1	0	0	0	0	1	2	1	1	1	1	1	0	1	1	1	0	0	0	0	1	1	1	1	0	0	0	0	1	1	0	0	0	1	0	0	1	0	0	1	0	1	1	1	0	0	1	0	0	1	1	0	0	1	1	0	2	0	0	1	0	1	0	0	1	1	1	0	0	0	1	0	2	1	1	0	0	0	1	0	1	1	0	0	1	0	1	0	1	1	0	1	0	1	1	
1	1	1	1	1	1	2	0	1	0	0	1	0	0	1	1	0	0	0	1	1	0	0	0	0	1	1	1	0	0	0	0	1	0	1	1	1	1	1	0	1	1	0	0	1	0	1	0	1	0	0	1	0	0	1	0	1	1	0	0	0	1	0	1	0	0	1	0	0	1	1	0	0	0	0	0	0	0	0	2	1	1	0	1	0	2	1	1	0	2	1	2	0	0	0	0	1	1	0	0	
0	0	0	0	0	0	0	0	0	1	1	1	1	0	0	1	1	1	1	0	0	1	1	0	1	1	1	0	1	0	0	1	1	1	1	1	1	0	1	1	0	1	1	1	2	1	1	0	0	0	0	0	0	0	0	2	0	1	1	1	1	0	0	0	0	0	1	0	1	1	2	0	1	0	1	0	1	0	1	0	1	0	0	0	1	0	1	0	1	0	1	1	0	0	1	0	0	0	0	1	
0	1	1	0	1	0	1	1	0	2	2	0	0	0	0	0	0	0	0	1	0	2	2	0	0	0	1	1	1	0	0	0	1	1	1	0	0	1	0	0	2	1	1	1	0	0	0	1	0	1	0	0	0	1	1	1	1	2	2	0	0	0	1	0	1	1	1	0	0	0	1	0	0	1	0	1	0	0	1	1	0	2	1	0	0	1	1	1	0	1	1	1	1	0	1	1	1	0	0	2	
1	0	1	1	0	0	1	0	0	1	1	0	1	1	0	0	0	0	0	1	1	0	0	0	0	0	0	0	0	1	1	0	2	1	1	1	0	2	1	1	0	2	1	0	1	1	1	0	0	1	0	1	1	1	1	1	1	0	0	1	0	0	0	0	1	0	0	0	1	1	0	0	0	0	1	0	0	0	0	1	1	2	1	1	1	1	1	1	1	1	0	0	0	1	0	1	0	1	0	0	
1	1	1	0	2	1	1	1	1	1	0	0	0	1	1	2	0	1	0	0	1	0	0	0	1	0	1	1	1	1	1	1	1	0	0	1	0	0	0	1	0	0	1	1	1	1	1	0	0	1	0	0	1	0	1	0	1	1	0	1	1	0	0	1	0	0	1	0	1	1	0	0	1	0	0	1	0	1	0	1	0	0	1	1	0	0	1	1	0	1	0	1	0	1	0	1	1	2	1	0	
2	1	0	0	2	1	1	0	0	1	0	1	0	0	0	0	0	1	0	1	0	1	0	0	0	2	1	0	1	0	1	1	1	0	0	0	0	1	0	0	0	1	0	0	0	1	2	1	0	1	0	0	0	1	0	1	1	1	0	1	1	1	0	1	0	0	1	1	1	0	0	0	0	0	0	0	0	1	0	1	0	0	0	0	1	2	1	0	2	1	2	1	0	1	0	1	1	1	1	0	
0	1	0	1	1	0	1	0	1	0	1	0	2	1	1	0	0	0	1	1	1	1	1	0	0	0	0	1	1	1	0	0	2	1	0	0	0	1	0	1	0	1	1	0	0	0	0	1	0	1	1	1	1	1	0	0	1	0	1	1	0	1	0	0	1	0	1	1	1	1	0	1	2	1	1	0	1	1	1	1	1	0	0	0	1	1	1	0	0	1	0	2	1	1	1	0	1	0	1	1	
1	0	1	1	0	1	1	1	1	1	1	0	1	0	0	0	0	1	0	1	1	1	0	0	1	0	0	1	1	0	0	2	1	1	1	2	1	1	2	0	1	1	1	0	1	0	0	1	1	0	0	0	1	0	0	2	2	0	0	0	0	0	2	0	0	0	0	1	0	0	1	0	0	0	2	0	0	0	0	0	2	0	0	0	1	0	1	0	0	0	0	1	1	0	0	0	0	1	0	1	
1	1	0	0	0	1	2	0	1	0	1	0	0	0	0	0	1	0	0	0	1	1	0	2	0	1	0	0	1	0	1	1	1	0	1	1	1	0	0	1	0	1	1	1	0	0	1	1	1	0	1	0	1	1	1	0	1	0	0	0	0	0	1	0	0	0	1	1	0	0	1	1	0	0	0	1	0	0	0	0	0	0	1	0	0	0	1	1	0	1	1	0	1	0	1	1	0	1	0	1	
0	0	1	1	1	0	0	1	2	1	1	0	0	0	0	1	1	1	0	1	1	0	1	0	0	0	1	2	0	1	1	1	2	0	0	1	1	1	0	1	0	0	1	0	0	1	0	1	1	0	1	1	0	1	1	0	2	1	0	0	1	1	0	0	0	0	1	1	2	1	0	1	1	0	0	1	1	0	0	1	0	0	0	0	0	0	1	1	0	1	0	1	1	1	0	0	1	0	1	1	
1	0	0	1	0	0	0	0	0	1	1	0	1	1	0	0	1	0	1	1	1	1	0	1	0	1	0	0	1	2	1	0	0	1	1	1	2	1	1	1	0	1	0	0	0	0	0	1	1	1	0	1	0	1	1	1	1	1	0	1	0	0	1	1	0	1	1	0	1	0	0	0	0	0	0	0	1	1	1	1	0	0	1	1	0	0	0	0	0	0	0	0	0	1	0	0	0	0	0	1	
0	0	1	0	1	2	1	1	1	0	0	0	1	0	0	1	1	1	0	1	0	0	1	1	0	0	0	0	1	1	2	0	0	0	1	1	0	1	1	0	1	1	0	0	1	1	0	0	1	0	1	1	1	0	0	0	0	0	0	0	0	1	1	1	1	1	1	0	1	0	1	1	0	0	0	1	1	1	0	0	1	1	1	0	0	1	1	0	0	0	1	1	1	1	0	1	1	0	0	0	
1	2	0	1	0	1	1	0	0	0	2	0	0	0	1	0	0	2	0	0	1	0	0	0	0	2	0	0	0	1	1	0	0	0	1	1	1	0	1	1	1	0	1	0	0	1	0	0	0	0	0	0	0	0	1	1	0	0	1	0	0	0	0	0	2	0	0	1	1	1	0	0	1	2	0	0	1	1	0	1	0	0	1	0	1	0	1	1	0	0	1	0	1	2	1	0	1	1	1	1	
0	1	0	0	1	1	0	0	1	0	1	0	0	0	0	2	0	0	2	1	0	0	1	0	0	1	1	0	0	0	0	0	0	1	0	1	0	1	2	0	0	1	0	1	0	2	1	0	1	0	0	1	0	0	0	2	0	0	1	1	0	0	0	0	0	1	1	1	0	0	1	0	1	0	1	0	1	0	1	2	1	0	0	1	0	1	1	1	0	0	1	0	0	1	0	1	0	0	1	0	
0	1	0	0	0	2	0	0	1	0	0	1	1	0	1	1	0	0	1	0	0	1	1	0	0	1	1	0	0	1	0	1	0	0	1	0	0	1	0	1	1	1	0	1	0	1	2	1	1	0	0	0	1	1	1	1	1	1	0	2	1	1	0	1	1	1	0	1	0	1	1	0	1	0	1	0	1	1	1	0	1	1	0	0	0	0	0	1	1	1	2	0	0	0	1	0	1	0	1	1	
0	0	0	1	0	0	1	1	1	1	1	0	1	1	0	1	1	1	0	1	0	0	0	2	1	1	1	1	0	1	0	1	1	0	0	0	1	0	1	0	0	1	1	0	0	1	1	1	1	0	0	1	1	1	1	0	0	1	2	0	0	1	0	1	1	1	0	0	1	1	2	1	2	0	0	0	1	0	0	1	0	0	0	2	0	1	1	2	1	1	1	0	0	1	1	0	0	1	1	0	
0	1	0	0	1	0	0	0	0	0	2	0	1	0	1	0	1	0	0	1	1	0	1	0	0	0	0	0	1	1	1	1	0	1	0	0	0	1	0	0	1	1	0	0	0	0	1	1	0	0	1	1	0	1	0	0	0	0	0	2	1	0	1	0	1	0	1	1	0	0	2	0	0	1	1	2	0	0	0	0	0	0	0	1	0	1	1	1	1	1	0	0	1	0	0	1	0	0	2	1	
1	0	0	0	2	1	0	0	2	1	0	0	1	0	1	1	1	1	0	0	0	1	1	1	1	1	0	0	0	1	0	1	0	0	1	0	0	0	0	0	1	0	1	2	1	0	0	0	0	0	0	0	0	1	2	1	1	1	0	0	0	0	1	0	0	1	0	0	1	1	1	0	0	0	0	0	1	1	0	1	1	0	1	1	0	1	0	2	1	1	1	1	2	1	1	0	1	0	1	0	
0	1	0	0	1	0	1	1	0	1	1	1	0	0	0	0	1	0	1	0	0	1	0	0	0	0	1	1	1	0	1	0	0	0	2	0	1	0	0	2	1	0	0	0	1	1	1	0	1	1	1	0	1	0	1	0	1	0	0	1	1	1	0	1	0	1	1	1	1	0	1	1	0	1	1	1	0	0	0	0	2	1	1	1	1	0	0	1	1	0	0	0	0	0	1	0	0	0	0	1	
1	1	1	1	0	0	1	0	0	0	0	1	0	1	0	0	0	0	1	2	0	0	1	0	0	0	0	0	0	0	0	0	1	0	1	1	0	1	2	2	0	0	1	1	0	2	1	0	0	0	1	1	0	1	1	1	1	1	0	0	2	1	0	0	1	1	0	1	0	1	0	1	0	1	2	1	0	0	0	1	0	1	1	1	0	0	0	0	0	0	1	0	0	1	1	1	1	1	1	1	
1	0	1	0	1	1	1	1	1	1	1	0	1	1	0	1	0	0	0	0	0	0	1	0	0	1	0	1	1	0	1	1	0	0	0	1	0	1	0	1	1	1	1	1	1	0	0	1	1	1	1	0	1	0	1	1	0	0	1	0	0	0	1	1	0	1	0	1	0	0	1	2	0	0	0	0	1	0	1	0	0	0	2	0	0	1	1	0	0	0	1	1	1	0	0	1	0	1	1	0	
0	0	0	0	0	1	0	0	0	0	1	0	1	0	1	1	0	0	0	0	1	0	0	1	0	0	0	0	0	0	1	0	0	2	0	0	0	1	2	1	1	1	1	1	1	0	0	1	0	0	0	0	1	0	1	0	1	0	1	0	0	1	0	0	0	0	0	1	1	0	0	0	0	0	2	1	0	0	1	1	1	2	2	0	1	0	0	0	1	0	0	0	2	0	2	0	1	0	0	0	
2	2	0	0	1	1	0	1	0	1	0	0	0	0	1	1	1	0	0	0	0	0	1	1	1	0	1	1	0	1	0	1	0	1	0	0	0	1	1	0	0	0	0	0	1	1	0	1	1	1	0	0	1	0	1	0	1	1	0	1	0	0	0	0	1	0	0	0	0	0	1	0	0	1	0	1	0	1	0	0	1	1	0	1	0	1	0	0	0	1	0	0	0	2	0	1	0	1	1	1	
1	0	0	1	0	0	0	0	0	1	1	1	1	1	0	1	1	0	1	0	0	1	1	0	0	0	1	1	1	0	0	0	1	0	0	1	1	1	0	0	1	0	1	0	1	1	0	1	0	0	1	1	2	0	1	0	1	1	1	1	1	1	0	0	0	0	0	0	1	1	0	0	1	0	1	0	0	2	1	1	0	1	1	2	0	0	0	1	1	0	1	0	1	0	1	1	1	1	0	0	
1	2	2	0	1	0	1	0	1	1	0	0	1	0	0	0	0	0	0	1	1	1	0	0	0	1	0	1	0	1	1	1	1	0	0	0	0	1	1	1	1	1	1	1	0	1	1	1	1	0	1	0	0	0	2	0	0	1	1	0	0	1	0	1	0	0	1	1	1	0	0	0	2	0	1	1	0	0	1	0	1	1	0	1	1	0	2	1	0	1	0	1	1	0	0	2	1	1	0	1	
1	1	0	2	1	1	1	1	1	0	0	0	0	0	1	0	2	0	0	0	0	0	0	1	2	1	0	0	1	0	1	2	0	1	0	1	0	1	1	0	0	1	1	1	0	1	0	1	0	1	1	1	1	0	0	1	0	0	1	0	1	0	1	1	0	0	0	0	0	1	0	1	1	1	1	0	1	1	1	1	0	1	0	0	0	0	1	0	1	0	1	0	1	1	1	0	0	1	0	0	
2	0	0	0	0	1	0	0	1	1	0	0	0	1	1	1	0	0	0	0	1	0	1	1	1	1	0	0	0	2	1	1	1	1	1	0	0	0	2	1	0	0	0	0	1	1	0	1	0	0	0	1	1	0	1	0	2	0	1	0	0	0	0	0	1	0	2	0	1	1	1	1	0	0	0	0	2	0	0	0	1	1	1	0	0	1	0	1	1	1	1	1	0	0	1	0	0	0	0	1	
1	1	1	0	1	1	1	1	0	0	0	0	0	1	1	0	1	0	0	0	1	1	2	0	1	1	0	0	0	1	1	0	0	1	1	1	0	0	1	1	0	0	0	0	1	1	1	1	0	1	0	2	0	0	0	1	1	1	1	0	1	1	0	1	2	0	1	1	0	0	0	0	0	0	0	1	1	0	1	1	1	0	0	0	0	1	0	1	0	0	1	1	1	0	0	0	0	1	0	1	
0	1	0	0	0	0	1	0	1	1	0	0	1	1	0	0	2	0	0	1	1	1	0	0	0	1	0	0	0	1	0	1	1	0	0	1	2	1	1	1	1	0	0	1	1	1	1	0	0	1	0	0	1	2	1	1	0	1	1	0	1	1	0	0	0	1	0	0	2	0	0	1	1	0	1	0	0	0	0	0	1	0	0	0	0	0	2	1	2	0	0	0	0	1	0	1	0	2	0	1	
1	0	0	0	0	1	1	1	1	0	1	0	1	1	0	0	0	0	1	0	0	0	0	0	0	1	1	1	0	0	1	2	1	1	1	1	2	1	0	1	0	2	0	1	0	0	0	0	1	1	1	0	1	1	1	0	1	1	0	1	0	0	0	2	1	1	0	2	1	1	0	0	0	1	0	1	1	2	0	1	1	1	1	0	0	1	0	1	0	1	2	1	1	0	1	2	1	0	0	1	
1	1	0	0	0	0	1	0	0	1	1	0	1	0	0	1	0	0	1	1	0	0	0	0	1	1	0	1	0	0	1	1	1	0	0	1	0	1	1	1	1	0	1	0	0	1	1	1	1	1	1	0	1	1	0	1	0	2	1	1	1	1	1	0	0	2	0	1	0	0	0	1	1	1	1	1	1	1	0	0	0	0	1	0	1	1	0	2	1	1	0	0	0	0	0	1	0	0	2	0	
1	1	1	0	0	1	0	0	1	0	0	1	0	0	0	0	1	0	1	1	0	1	0	0	0	0	1	0	0	0	2	0	0	1	0	0	1	0	0	1	0	0	1	0	1	0	0	0	1	1	0	1	0	0	1	0	1	1	0	1	0	0	2	1	0	0	0	1	0	1	1	2	0	2	1	0	1	0	1	0	0	1	0	0	0	0	0	0	0	0	1	1	0	1	1	0	0	0	1	0	
1	0	1	0	1	1	0	0	1	1	0	1	1	0	0	1	1	1	1	1	1	2	1	0	2	1	0	0	1	1	0	1	1	1	1	1	0	1	0	1	0	1	1	0	1	0	1	2	1	0	1	0	0	0	1	1	1	1	0	0	0	1	0	0	0	1	1	0	1	0	1	0	1	1	0	0	0	0	1	0	1	1	1	1	0	2	0	1	1	0	1	1	0	1	1	0	1	0	1	0	
0	0	0	1	2	1	0	0	1	1	0	0	1	0	1	1	2	0	0	0	1	1	0	1	0	0	1	2	1	2	1	1	0	1	1	0	1	1	1	0	1	1	1	0	1	0	1	1	0	0	1	0	1	0	1	2	1	0	1	0	0	0	1	0	1	2	0	1	0	1	0	0	0	1	0	0	0	0	0	0	0	1	1	1	0	2	0	0	0	1	0	1	0	1	1	0	0	1	0	0	
1	0	2	0	0	1	0	0	1	0	1	0	0	1	0	0	0	0	0	0	0	0	0	1	1	1	1	1	0	1	0	0	0	1	0	0	0	1	1	2	1	1	0	0	1	1	0	0	0	0	0	0	1	0	0	2	1	0	0	2	1	1	0	0	0	0	0	1	0	0	0	1	0	0	0	1	0	0	1	0	1	1	0	1	2	1	1	1	0	0	0	0	0	1	1	0	0	0	1	1	
0	0	0	1	0	1	1	1	0	0	0	0	1	1	1	1	1	1	0	0	0	0	0	1	1	0	1	0	0	2	1	0	1	0	1	0	1	0	1	1	0	1	0	1	1	0	1	0	0	0	1	0	1	1	2	1	0	0	0	0	1	0	0	0	0	0	0	0	0	0	0	0	0	1	0	0	0	0	1	0	0	1	0	2	0	0	0	1	0	0	1	1	1	1	1	1	2	0	1	1	
0	2	0	0	0	1	0	0	2	1	1	1	1	1	1	0	2	1	0	0	0	1	0	2	0	0	0	1	1	1	1	0	0	0	0	2	0	0	1	1	1	1	0	2	0	1	0	1	1	1	0	0	1	1	0	0	0	0	1	0	1	0	0	0	1	0	1	0	1	1	1	1	0	2	1	1	1	1	0	0	1	0	1	1	1	1	1	0	2	1	1	1	1	1	0	0	1	2	1	1	
1	1	0	0	1	1	1	1	0	1	1	0	1	1	0	0	0	0	1	1	0	1	0	1	0	0	1	1	0	1	0	1	0	0	1	0	0	1	1	2	1	1	0	0	0	0	0	1	0	0	1	0	0	0	0	0	2	1	1	0	2	1	1	0	0	1	1	1	0	0	0	0	0	0	1	1	0	0	2	1	1	0	1	1	0	2	0	2	1	0	0	1	0	0	2	1	0	0	1	0	
1	1	0	0	1	0	1	0	0	1	1	1	0	0	1	1	1	0	0	1	1	0	1	0	1	1	0	1	0	0	1	0	0	0	0	0	2	1	0	0	1	0	0	0	0	0	1	0	1	2	1	1	0	2	1	0	0	0	0	1	0	1	1	0	0	0	0	1	2	0	1	0	0	1	1	0	1	0	0	0	0	2	0	1	1	1	0	1	1	1	2	1	1	0	1	0	1	1	0	1	
0	1	2	1	0	0	2	0	1	0	0	0	0	1	0	1	1	0	1	1	1	1	0	0	1	1	1	1	1	1	1	1	0	1	0	1	0	0	0	0	0	1	1	1	0	0	0	0	1	1	0	1	1	0	1	2	1	0	2	0	1	2	0	0	0	0	0	0	0	1	0	2	0	1	0	0	1	1	0	0	1	0	0	1	1	0	1	0	1	0	0	1	0	1	1	0	1	1	1	0	
1	0	0	1	1	1	2	0	1	1	0	1	1	1	0	0	0	0	0	0	1	1	0	1	0	0	1	0	1	1	1	0	0	0	1	1	1	0	0	0	1	0	0	0	2	0	1	0	0	1	0	0	0	1	0	1	1	0	0	1	0	0	1	0	1	1	1	1	0	0	0	0	1	1	0	1	1	1	1	1	1	1	0	1	1	1	1	0	0	1	1	0	0	0	1	1	1	1	0	0	
0	0	0	2	1	1	0	1	0	1	1	1	0	2	0	1	1	2	1	0	0	1	1	1	1	0	0	0	1	0	1	1	1	1	2	1	0	0	1	1	1	0	1	1	1	1	0	0	0	0	0	0	0	0	1	2	0	0	1	0	0	0	1	0	1	0	1	1	1	0	0	0	0	0	1	1	0	1	0	0	0	1	0	1	1	0	0	1	1	1	0	1	1	1	1	1	0	1	0	0	
2	1	0	0	1	1	1	1	1	1	1	1	0	0	1	0	1	0	1	1	0	1	0	0	0	1	1	2	0	0	0	2	0	2	1	0	1	0	0	1	0	1	1	0	0	0	2	0	1	0	0	0	0	0	1	1	1	0	1	0	0	2	1	0	1	1	0	1	0	1	0	1	0	1	0	1	0	0	0	0	2	0	1	1	1	0	1	1	0	1	1	1	1	1	0	0	0	1	0	1	
0	1	0	1	1	0	0	1	2	1	1	0	0	1	1	0	1	2	0	1	0	1	0	0	1	0	1	0	0	0	1	1	1	1	0	1	0	1	1	1	0	0	0	1	0	0	1	1	0	0	0	1	0	0	0	1	1	2	1	1	1	1	0	0	0	1	0	1	1	1	1	1	1	1	1	1	1	0	0	0	0	1	0	1	1	1	1	0	2	0	0	0	0	1	0	0	0	0	1	0	
1	1	1	1	0	2	0	1	1	0	1	0	0	0	0	2	0	0	0	1	1	1	0	1	0	1	1	0	0	0	0	1	1	1	0	0	0	1	1	0	0	1	0	0	0	0	1	0	0	0	1	0	0	0	0	0	0	1	0	0	1	0	1	1	0	0	1	1	0	1	0	1	0	1	0	1	0	0	1	1	0	0	0	1	0	0	0	0	1	0	1	0	1	0	0	0	0	1	0	0	
1	0	1	1	0	1	1	1	0	1	1	1	0	0	0	0	1	1	0	2	1	0	0	1	0	1	0	1	1	0	0	1	0	1	1	0	2	1	2	0	0	1	0	0	0	1	0	1	1	0	1	1	2	0	1	0	0	0	0	2	0	0	0	0	0	0	1	0	0	1	1	1	0	0	1	0	2	2	1	0	0	1	0	1	0	1	0	0	1	1	0	0	0	1	1	1	0	1	0	0	
0	0	2	1	0	0	1	0	1	1	0	0	1	0	0	1	0	1	0	1	1	1	1	0	2	1	1	1	1	0	0	0	1	0	0	1	1	1	0	1	1	1	0	0	0	1	1	1	1	0	0	0	1	0	0	1	1	0	0	0	1	0	0	1	1	0	0	1	2	0	0	1	1	0	1	1	1	1	0	0	2	0	0	1	0	1	1	0	1	1	1	0	0	1	0	1	0	0	0	1	
1	2	1	0	0	1	1	1	1	1	1	0	1	0	0	0	2	1	0	0	1	0	0	1	0	1	1	1	2	0	0	2	0	0	1	0	0	1	1	1	0	0	1	1	1	1	0	0	1	1	0	0	0	0	2	0	0	0	1	1	1	1	1	0	0	1	1	1	1	0	0	1	0	0	0	1	0	0	1	0	1	1	0	1	0	1	0	0	0	1	0	0	1	0	0	1	0	1	1	1	
0	0	0	0	0	0	0	0	0	0	1	0	1	0	1	0	0	0	0	1	1	1	0	0	1	1	0	1	1	0	1	1	0	0	0	1	0	1	0	1	1	1	1	1	1	0	1	0	1	0	1	0	1	1	0	0	0	0	1	1	0	1	0	0	1	0	1	1	0	1	0	0	0	1	0	1	1	0	0	0	0	1	1	0	1	1	0	0	0	1	0	1	0	0	0	1	0	0	0	1	
2	0	0	1	0	1	0	1	1	1	0	1	0	0	1	0	0	0	1	0	0	0	1	1	1	1	0	0	0	1	0	1	1	0	1	2	1	1	1	1	1	0	1	0	1	0	0	1	0	0	0	1	1	0	2	2	0	1	1	0	1	1	0	0	1	1	0	1	0	1	0	1	0	1	0	1	0	1	1	2	0	1	0	1	1	1	0	0	0	0	0	2	1	1	0	0	1	1	1	0	
1	1	1	1	1	0	1	1	1	2	0	0	0	1	0	0	1	0	2	1	1	0	1	1	1	1	1	1	2	0	0	2	1	0	0	1	1	1	1	0	0	1	0	0	0	2	0	1	0	0	0	0	0	1	0	0	2	0	0	1	0	1	1	1	0	0	2	1	2	1	0	0	0	1	1	1	0	1	1	1	0	0	1	0	1	1	1	0	0	0	1	0	1	1	1	0	0	0	1	0	
1	1	0	0	0	1	1	0	0	1	2	1	0	0	1	1	1	1	1	1	1	0	0	1	1	0	1	0	0	1	1	1	1	0	1	1	1	1	1	0	1	1	0	1	0	0	1	0	0	1	0	1	0	2	0	1	0	1	1	0	1	0	0	1	1	0	1	1	0	0	1	1	1	1	0	0	1	0	1	0	0	0	0	0	1	0	1	0	0	1	0	0	0	0	1	1	0	1	1	2	
0	1	1	1	1	1	0	0	0	0	0	1	1	0	2	0	2	1	1	1	1	1	1	0	0	1	0	1	0	0	0	0	0	2	0	2	1	0	0	2	1	0	1	0	1	0	1	0	1	1	0	2	1	1	1	1	2	1	0	0	1	1	0	1	1	1	0	1	0	1	0	1	0	0	1	0	0	0	1	0	1	0	0	0	0	1	1	2	0	1	1	1	1	0	1	0	0	0	0	1	
1	0	1	0	0	1	1	1	0	1	1	0	1	0	0	0	1	1	1	0	0	1	0	0	1	0	1	0	1	0	2	1	2	0	0	0	1	0	0	0	1	1	0	0	0	0	0	0	1	0	1	0	1	0	1	1	1	0	0	0	1	1	1	1	0	0	2	1	0	1	1	0	0	0	1	1	0	1	1	1	1	1	0	1	1	0	0	0	1	1	0	0	2	1	0	0	0	0	1	1	
1	1	1	0	0	0	0	1	0	0	0	1	0	0	1	1	1	0	1	1	0	1	1	1	0	1	1	0	1	0	0	0	1	1	1	0	0	0	1	0	0	1	0	0	1	1	0	0	1	1	2	1	0	1	0	0	0	0	0	0	1	1	0	0	0	0	1	0	1	1	1	0	1	1	0	0	0	0	0	0	0	1	0	0	0	0	0	2	1	1	0	0	1	0	0	0	0	0	1	1	
2	1	1	1	1	0	0	1	1	0	0	0	0	0	1	1	1	2	1	1	0	1	1	1	1	0	2	1	0	1	0	1	0	0	2	0	0	1	1	0	1	1	0	2	0	0	0	0	1	0	0	0	1	1	0	1	1	1	1	0	0	1	1	1	1	1	1	1	1	0	1	0	0	1	2	0	1	0	0	1	1	1	0	1	1	1	1	1	1	0	0	0	0	1	0	0	0	1	0	0	
0	1	1	1	1	1	1	1	0	0	0	0	1	0	0	0	2	1	0	1	0	2	0	0	0	1	1	1	2	0	2	1	1	0	1	0	1	0	0	1	1	1	0	1	1	1	0	0	1	0	2	1	1	0	1	0	0	1	1	2	0	0	0	0	1	0	1	1	1	1	1	2	1	0	1	1	1	0	1	1	1	1	0	1	1	1	1	2	1	0	0	0	0	1	1	1	1	1	0	1	
0	1	1	2	0	0	0	0	0	0	0	0	1	2	0	0	1	1	0	1	1	0	0	1	0	0	1	0	0	0	0	1	1	0	0	0	0	0	0	0	1	1	0	0	1	1	2	2	2	0	0	0	0	0	0	1	0	1	1	1	0	0	1	1	2	0	0	0	1	1	1	0	1	1	0	0	0	1	0	1	0	1	0	0	1	0	0	1	0	0	1	1	0	0	0	1	0	1	1	0	
1	0	0	1	0	1	0	1	0	0	0	0	1	0	0	1	1	0	1	2	1	2	1	0	1	0	1	0	1	1	0	1	0	1	1	1	0	1	0	1	0	0	0	1	1	1	1	1	0	1	0	1	0	0	0	1	0	0	0	0	0	1	0	0	0	0	1	0	0	1	1	0	1	1	0	0	0	1	1	1	0	1	2	0	1	0	0	0	1	1	1	0	1	0	2	1	1	1	0	0	
0	1	1	1	1	1	0	1	1	1	1	0	0	1	1	1	1	0	1	0	0	1	0	2	1	0	2	1	0	1	1	1	1	0	0	1	1	0	0	1	1	0	0	0	0	0	0	1	0	0	0	0	1	0	1	2	1	1	0	0	0	1	0	1	0	0	0	0	0	0	0	0	2	0	0	2	0	1	0	0	0	0	1	0	1	0	0	0	1	1	0	0	1	0	2	1	0	1	1	0	
1	1	0	0	1	0	0	0	0	1	1	1	1	0	1	1	1	1	0	1	1	1	2	0	1	0	1	1	0	1	0	1	1	1	1	1	1	0	0	1	0	1	1	1	0	0	1	0	1	1	1	1	0	2	1	0	1	0	0	1	1	1	1	0	1	0	1	1	0	1	1	0	0	1	0	0	0	1	0	1	0	1	0	0	0	1	1	0	0	0	0	0	1	0	1	0	0	0	0	1	
0	1	0	1	0	1	0	0	1	0	0	1	1	0	1	0	1	0	0	1	1	0	0	0	0	1	0	1	0	0	2	0	1	1	0	1	1	0	0	1	0	0	0	1	1	0	0	2	0	0	1	0	1	1	0	1	1	0	1	0	0	0	0	0	1	0	1	1	1	1	1	0	0	1	0	0	0	1	0	0	2	1	1	1	1	0	0	0	0	1	1	0	0	2	0	1	0	0	1	1	
0	1	1	1	0	0	1	1	1	1	1	0	0	0	1	2	0	0	0	1	0	0	1	0	1	0	2	0	1	0	2	0	1	0	1	2	0	0	0	0	0	1	0	0	1	1	0	1	1	0	0	0	1	0	0	0	0	1	1	0	2	1	2	1	1	1	0	0	0	1	1	1	2	0	0	1	0	1	1	1	0	0	1	0	0	0	1	1	1	0	1	1	0	0	0	1	0	1	1	1	
0	0	0	1	1	0	0	1	0	0	1	0	1	0	1	1	0	0	1	0	1	1	0	2	0	1	1	0	1	1	0	1	1	0	0	1	0	1	0	1	0	0	1	0	0	1	0	0	0	1	1	0	0	0	1	0	0	1	1	1	0	1	0	2	1	1	1	0	2	1	1	1	1	1	0	1	0	0	1	0	1	0	1	0	0	1	0	0	0	0	0	1	1	1	1	2	0	0	0	0	
0	1	0	1	1	1	0	2	0	0	2	1	1	0	1	1	1	0	1	1	0	1	0	1	1	1	1	1	0	0	0	1	0	0	1	0	2	0	0	1	0	0	0	1	1	0	1	0	0	1	0	0	1	2	1	0	1	1	1	1	0	1	0	1	0	0	1	0	1	0	1	1	0	1	1	1	0	1	0	0	0	0	1	0	2	1	0	1	1	0	0	0	0	0	1	0	0	2	1	0	
0	0	0	0	0	0	0	0	0	1	1	1	0	0	0	0	0	1	1	0	0	0	0	0	1	0	1	0	1	0	1	0	0	1	1	0	1	1	1	0	1	1	1	1	0	1	1	1	0	1	1	1	1	1	0	1	0	0	1	2	1	0	0	1	1	1	1	1	0	1	0	0	0	1	1	1	0	0	0	1	0	0	1	0	1	1	0	1	0	1	0	0	0	0	2	1	1	0	1	1	
0	1	1	0	0	0	0	1	0	2	0	0	0	0	1	0	0	1	0	0	1	1	1	1	1	0	0	1	0	0	0	0	0	1	0	0	1	1	1	0	1	1	2	1	0	0	1	0	1	0	1	0	0	0	0	1	2	0	2	1	1	0	0	0	1	0	0	0	1	0	0	1	0	1	1	1	1	1	0	0	0	1	1	1	0	1	0	0	1	2	1	0	0	1	1	1	0	0	0	1	
1	0	1	1	0	0	0	1	1	0	1	0	1	0	0	0	0	0	0	0	1	0	0	0	0	1	1	1	1	1	1	0	0	1	1	1	0	1	1	1	0	0	1	0	1	1	0	0	0	1	0	1	1	0	1	0	0	1	0	0	1	1	0	0	0	0	1	2	0	0	1	0	0	1	1	0	0	0	1	1	0	1	0	0	2	1	1	0	0	0	0	0	0	1	0	0	1	0	2	0	
0	0	0	1	1	0	1	0	1	1	0	0	0	1	1	0	0	0	0	1	0	1	0	1	0	2	0	0	0	0	0	0	0	1	1	1	1	1	1	0	1	0	1	0	1	0	1	2	2	1	0	0	0	0	1	1	1	0	0	2	1	1	0	1	1	1	0	0	0	1	1	1	0	0	0	0	0	0	0	0	0	0	0	0	1	1	1	1	0	0	1	1	2	0	1	1	0	1	1	0	
0	2	0	2	1	1	1	0	1	1	1	0	1	0	1	0	0	1	0	1	2	1	0	0	0	0	1	0	1	1	0	1	1	0	0	1	0	1	1	1	1	0	1	1	0	1	0	2	0	0	0	0	0	0	0	1	1	0	1	0	0	0	0	1	0	1	0	1	0	0	0	1	1	0	1	2	1	0	1	1	1	0	1	2	0	1	0	1	1	1	0	0	1	1	1	0	1	1	0	0	
0	1	0	0	1	1	0	1	0	0	0	0	0	0	1	0	1	0	1	0	1	2	0	0	0	0	1	0	1	1	0	1	0	0	1	1	0	0	1	0	2	0	0	0	0	1	1	1	0	2	1	1	0	1	1	1	0	1	1	1	0	0	1	0	1	0	1	0	2	1	0	0	1	0	1	1	0	0	2	0	0	1	1	1	1	0	0	0	1	0	1	1	0	1	1	0	2	0	0	1	
0	1	0	0	1	0	0	0	1	0	1	0	1	1	0	1	1	1	0	1	2	1	1	0	1	1	0	1	1	0	0	1	1	1	0	0	1	1	0	0	0	0	1	0	0	0	0	1	1	1	0	0	0	1	1	0	0	0	0	0	0	1	1	0	0	1	0	0	0	0	0	1	1	0	1	1	1	1	1	0	1	0	0	1	0	0	0	1	1	0	0	0	1	0	0	1	0	0	1	0	
0	2	0	0	1	1	0	1	1	2	0	1	0	1	0	0	1	0	1	1	0	0	1	1	0	1	1	0	1	1	0	1	0	0	0	1	0	1	1	1	0	0	0	0	0	0	1	0	1	0	1	1	2	0	0	1	0	1	0	0	0	1	0	1	0	1	0	1	0	0	1	1	2	0	0	0	2	1	1	1	2	1	1	2	0	0	1	0	1	1	1	0	0	0	0	1	0	0	0	0	
0	1	0	0	1	0	1	0	1	0	1	1	0	0	2	1	0	0	0	0	0	0	0	2	1	1	1	1	0	0	0	0	0	0	1	0	1	0	1	0	2	0	0	1	0	0	0	1	1	0	0	1	1	1	1	1	1	1	1	1	1	0	0	0	1	1	0	0	0	2	1	0	1	1	1	2	0	0	0	1	0	0	0	1	1	1	1	1	1	1	0	2	1	1	0	0	1	1	2	1	
1	1	1	0	2	1	0	1	1	0	1	0	0	0	1	0	0	1	1	0	0	0	1	0	1	0	2	1	1	1	1	0	0	1	0	1	1	1	0	0	1	0	0	0	0	0	0	1	1	1	0	0	0	0	1	0	1	0	2	1	2	1	1	1	0	1	0	1	1	1	1	0	0	1	0	1	0	0	0	0	0	1	0	1	1	0	1	2	1	0	1	1	0	2	1	1	0	1	1	0	
0	0	1	0	0	1	1	1	1	1	1	0	1	0	1	1	0	0	1	1	1	0	1	0	0	0	1	1	1	0	1	1	1	1	0	0	1	1	1	1	1	0	1	1	0	1	1	0	1	0	1	1	1	2	1	0	0	0	0	0	1	0	1	1	0	0	1	0	1	1	1	0	0	0	0	0	1	2	1	1	0	0	0	1	1	0	0	1	1	1	0	1	0	1	0	0	1	1	1	1	
0	0	1	0	0	1	1	1	0	1	1	0	0	0	1	1	1	0	1	1	0	0	0	1	0	0	0	0	0	0	1	0	0	1	1	0	0	0	0	1	0	1	1	1	1	1	1	1	0	1	0	1	1	1	1	0	1	1	0	0	0	0	0	0	2	0	1	2	1	0	1	1	0	1	0	1	1	1	1	1	2	0	0	0	1	1	1	1	1	0	0	1	0	1	1	0	0	0	0	1	
0	0	0	1	0	1	1	1	1	1	0	0	0	0	0	0	0	1	0	2	1	0	0	0	2	1	1	1	2	0	0	1	2	0	1	1	1	0	0	2	1	0	0	2	0	1	0	0	0	0	1	1	2	0	1	0	0	0	0	1	0	0	0	0	1	1	1	1	0	1	2	0	1	0	0	0	1	2	0	0	0	0	0	1	1	0	0	1	1	0	0	0	1	0	2	0	0	2	0	0	
0	0	0	1	1	1	0	0	0	0	1	1	1	0	1	1	2	0	1	0	0	1	1	1	1	1	0	0	1	0	2	1	0	0	0	1	0	1	1	1	1	0	1	0	1	0	1	0	0	0	1	0	0	0	0	1	1	1	0	0	0	0	0	0	0	1	2	0	0	1	1	0	1	1	0	1	1	1	1	0	0	1	0	1	0	0	1	1	1	0	1	0	1	1	0	1	0	1	0	0	
0	1	0	0	0	0	0	2	1	2	1	0	1	1	0	0	0	1	0	0	0	0	1	0	1	0	0	0	1	1	0	1	2	0	1	0	0	1	1	0	0	0	1	0	0	1	1	0	0	1	0	2	1	1	0	1	1	0	1	1	1	1	1	1	0	1	2	2	0	0	1	1	1	1	0	0	1	0	0	0	0	1	0	1	2	1	0	1	1	1	2	0	0	0	1	1	0	0	1	1	
2	0	0	0	0	1	1	0	1	1	0	0	1	0	0	1	2	1	1	1	0	1	1	0	0	1	1	0	0	0	1	0	1	0	1	0	0	1	1	1	0	0	1	1	1	0	0	2	1	1	1	1	0	1	0	0	0	0	1	0	2	1	0	0	1	1	1	1	1	0	0	1	1	0	1	0	0	0	1	0	1	1	0	1	1	0	1	1	1	0	1	2	1	0	0	1	0	1	2	0	
0	1	0	1	1	0	2	0	0	1	1	1	0	1	0	0	1	0	1	0	1	0	1	0	0	0	0	1	1	1	1	1	1	1	1	1	0	0	0	0	1	1	1	1	1	1	1	0	1	0	0	0	1	1	1	0	0	1	1	0	0	0	0	1	2	0	0	0	0	0	0	1	0	1	0	0	1	0	0	1	1	0	0	0	0	1	1	1	0	2	0	0	1	0	1	0	0	2	0	0	
0	1	0	1	0	0	2	1	0	1	0	1	0	1	1	1	0	0	0	1	1	0	1	0	0	1	0	0	0	0	1	0	1	0	0	0	0	0	0	1	1	0	0	1	0	0	0	0	0	2	0	0	1	0	0	0	0	0	1	0	0	0	1	0	0	1	0	0	0	0	1	1	1	1	0	1	1	0	0	0	0	1	1	1	1	0	0	0	0	1	0	1	0	0	0	0	1	0	1	0	
1	1	1	1	0	0	0	0	1	1	1	1	2	1	0	0	0	1	1	1	0	0	0	0	0	0	1	1	0	1	0	0	0	0	1	1	1	0	1	1	1	1	1	0	1	0	1	0	2	1	1	1	1	1	1	0	1	1	1	1	0	1	1	0	0	1	1	0	1	0	0	1	0	1	2	1	1	1	0	2	2	0	0	0	1	0	1	0	0	0	0	0	1	2	2	0	0	1	0	0	
0	1	0	1	1	1	0	0	1	2	1	0	1	0	1	1	0	0	0	1	0	1	0	1	1	0	1	0	1	0	0	0	1	1	1	1	0	1	0	0	2	1	0	0	0	0	0	0	0	1	0	1	2	1	1	1	0	0	0	0	0	0	0	1	1	0	1	0	1	0	0	0	0	0	0	1	0	0	0	0	0	0	0	1	1	1	1	1	0	0	1	1	1	1	0	0	0	0	0	0	
1	0	0	0	1	1	0	0	1	0	1	1	1	1	0	1	0	0	1	1	1	0	0	0	0	1	1	1	0	0	1	1	1	1	0	1	0	0	0	0	1	1	1	1	1	1	2	0	1	0	1	1	1	1	0	0	1	0	1	0	0	0	0	0	1	0	1	1	1	1	0	1	1	1	1	0	0	0	1	0	1	1	0	0	0	1	0	0	0	1	0	0	0	0	1	1	0	0	1	1	
0	0	1	0	1	0	2	0	0	1	1	0	1	0	1	1	0	0	1	0	1	2	1	0	0	1	2	1	0	0	0	1	0	0	0	1	0	0	1	1	0	1	0	1	0	0	0	0	0	1	0	0	0	0	1	0	0	1	0	1	0	1	1	0	0	1	0	1	0	0	1	1	1	1	0	2	1	1	1	0	1	0	1	1	1	0	0	1	0	0	1	1	1	1	1	0	1	1	1	0	
0	1	0	2	0	0	1	0	1	1	1	1	1	0	0	1	1	0	1	0	1	0	1	0	0	0	2	1	0	0	1	1	1	1	0	1	0	1	1	1	1	1	1	1	1	0	0	0	1	1	1	0	0	1	0	1	1	1	0	1	1	1	1	0	1	0	1	1	1	0	0	0	2	1	0	1	0	0	1	0	0	1	1	1	2	0	0	1	1	0	2	1	1	0	0	0	0	1	0	1	
0	0	0	0	1	1	0	0	0	0	1	1	1	0	1	0	0	0	0	0	0	0	1	0	0	1	0	1	0	1	2	1	1	1	0	0	1	1	0	0	0	0	1	1	1	1	1	0	0	0	0	1	0	1	1	1	0	1	0	1	0	0	1	1	0	0	0	1	0	0	0	0	0	1	1	1	0	0	1	0	0	0	2	1	1	0	0	0	0	0	0	0	0	1	1	1	1	1	0	0	
0	1	0	1	0	2	0	0	1	1	1	1	1	1	0	0	1	0	0	0	2	0	0	0	0	0	0	1	1	1	1	1	1	0	0	0	0	0	0	0	1	0	0	1	0	1	0	1	1	1	1	1	1	0	1	1	1	0	2	2	0	0	1	1	0	2	0	1	0	1	1	0	1	1	1	1	1	1	0	0	0	1	0	1	0	1	0	0	0	0	0	1	1	0	0	0	1	0	0	1	
1	1	1	1	1	1	0	1	0	1	0	1	0	0	0	1	1	0	0	0	0	1	0	1	1	0	0	1	0	1	0	1	0	1	1	0	0	0	0	1	1	0	0	0	2	0	0	1	0	1	1	0	1	1	0	0	2	2	1	0	1	1	1	2	1	0	1	1	1	1	1	0	0	1	1	0	1	2	0	0	0	0	1	1	1	0	1	1	0	1	0	0	0	1	2	1	1	0	0	1	
1	2	0	1	0	0	0	0	1	1	0	0	2	1	1	1	0	1	1	0	0	1	1	1	1	0	0	1	0	2	1	1	1	1	1	1	1	1	0	1	0	0	1	1	1	1	0	1	1	0	1	0	1	1	1	0	1	1	0	0	1	0	0	0	1	1	1	1	0	0	0	0	0	1	1	1	0	0	0	0	0	1	0	0	1	1	2	1	0	0	0	0	1	1	1	1	0	1	2	0	
1	0	0	0	0	1	0	0	0	0	0	1	0	1	1	0	1	0	1	1	0	1	0	1	1	0	0	0	2	0	2	0	1	0	0	0	0	0	1	1	0	1	1	0	1	1	0	1	0	1	0	0	1	0	0	1	0	0	0	1	1	1	1	0	0	1	0	0	0	1	0	1	0	0	1	1	0	1	0	0	0	0	0	1	1	0	1	1	0	0	1	1	1	1	0	1	0	0	0	0	
1	0	0	1	1	0	1	1	0	0	1	0	1	1	0	0	0	1	1	0	2	0	1	0	1	0	1	2	1	0	1	2	1	1	0	0	0	0	0	1	1	1	0	1	0	0	0	1	1	1	1	1	1	0	0	0	1	1	0	1	1	1	1	1	2	2	1	0	1	2	1	0	1	1	1	0	0	1	1	1	0	0	1	1	0	2	0	0	0	0	0	1	0	0	2	1	1	1	1	0	
0	1	2	0	0	1	0	0	0	0	0	1	0	0	0	0	0	2	1	1	1	1	2	0	0	1	1	0	1	1	1	0	0	0	1	0	1	0	0	1	0	0	0	1	1	1	1	1	2	1	0	0	0	1	0	0	1	1	1	1	1	1	1	0	0	0	0	1	0	0	0	1	1	0	1	0	0	1	0	1	0	0	1	0	0	0	0	0	1	0	1	1	0	1	0	1	0	1	0	1	
1	0	2	0	0	0	1	0	0	1	2	1	0	2	0	0	1	0	1	1	1	0	0	0	0	1	0	0	0	1	2	0	2	1	1	0	1	1	0	1	1	0	1	1	1	2	0	0	1	0	1	0	1	1	1	0	0	0	0	0	1	1	1	2	1	1	0	0	1	1	0	2	0	0	0	1	1	0	1	0	0	0	0	1	0	0	0	0	1	0	1	0	0	1	0	0	1	1	1	1	
0	1	0	0	1	1	0	0	0	1	1	1	0	0	1	0	1	0	1	0	1	0	1	0	0	0	1	0	0	1	1	1	1	0	0	1	1	1	0	0	0	0	2	0	0	1	1	0	0	1	0	0	0	1	1	0	0	0	0	0	0	2	1	1	1	1	0	1	0	0	0	0	0	0	1	0	1	1	0	1	1	0	0	0	2	0	1	1	1	1	0	0	1	1	1	1	0	1	1	0	
1	0	2	0	1	0	0	1	1	0	1	1	1	0	1	1	0	1	1	1	1	0	0	1	0	0	0	0	1	0	0	1	0	0	1	1	1	0	0	1	1	0	0	1	0	0	1	0	1	1	1	0	1	0	0	1	0	0	2	2	0	0	0	2	1	0	0	1	1	1	0	1	0	0	0	0	1	1	1	1	0	1	0	0	0	0	1	0	1	0	0	0	0	1	0	0	1	1	1	1	
0	0	0	0	1	0	0	0	0	0	1	0	1	1	0	1	1	1	1	1	1	0	1	1	1	1	1	0	1	1	1	1	0	1	0	1	0	1	0	0	1	0	0	0	0	0	1	0	1	1	1	1	0	1	2	1	0	0	1	0	0	0	1	1	1	1	1	0	2	0	1	1	2	0	1	1	0	1	0	1	1	1	1	0	1	1	0	0	1	2	2	2	2	0	0	1	1	1	1	0	
1	0	1	1	1	1	0	0	1	1	0	0	1	1	0	0	1	0	0	1	0	0	0	1	1	0	0	0	0	1	0	0	1	1	1	0	1	0	1	1	1	0	0	1	1	0	1	0	0	1	1	0	0	0	1	0	0	2	2	1	1	0	1	1	0	1	1	1	1	0	1	0	1	0	0	1	0	0	0	1	0	1	0	1	1	0	1	0	0	1	2	1	1	0	0	1	2	1	0	0	
0	1	0	0	1	0	0	1	0	0	0	1	1	1	1	0	0	1	1	0	1	1	0	0	0	0	1	0	1	1	1	0	0	2	1	0	1	1	1	1	0	0	0	0	0	1	1	0	0	1	0	1	0	1	0	0	1	1	1	0	1	1	0	0	0	0	0	0	1	2	0	0	0	0	1	0	0	1	0	1	2	0	1	1	0	0	1	0	0	0	0	0	1	1	1	1	0	0	1	1	
0	0	1	1	2	0	0	2	0	1	1	0	0	0	1	1	0	0	0	0	1	1	0	2	0	1	1	1	0	0	0	1	1	1	0	1	1	1	0	1	1	0	0	1	0	0	1	0	0	0	0	0	1	1	0	1	0	0	1	0	1	0	1	1	0	0	0	1	1	2	0	1	1	1	0	0	1	0	1	1	0	1	0	0	2	1	0	1	0	1	0	1	0	0	1	0	1	1	1	0	
2	0	0	0	0	0	1	0	0	1	0	2	0	1	1	1	0	0	1	0	1	0	1	1	1	1	1	0	1	0	1	2	0	1	0	1	0	0	1	1	1	0	0	1	1	0	0	1	0	0	1	0	1	1	1	0	0	1	0	1	1	0	1	1	0	1	1	1	0	0	1	0	0	1	1	1	0	2	1	1	1	1	1	0	1	2	0	0	0	0	1	1	1	0	1	0	1	0	0	1	
1	1	1	0	1	1	1	0	1	1	1	0	1	1	1	0	0	0	0	1	0	1	0	1	0	1	1	1	1	0	1	2	0	1	1	1	0	1	1	1	1	1	0	1	1	0	1	1	0	0	0	0	0	0	0	0	0	0	1	0	1	1	1	1	0	1	0	0	1	1	0	0	1	1	0	1	0	1	1	1	0	1	1	0	1	1	0	0	0	0	1	1	1	0	1	1	0	2	1	0	
1	0	1	1	0	1	1	0	0	1	0	1	1	0	0	1	0	1	1	1	1	1	1	1	0	1	1	2	0	1	1	0	0	0	0	2	0	0	0	1	1	0	2	0	1	0	1	1	0	0	0	0	0	1	0	0	0	1	0	0	0	0	1	1	1	0	0	0	1	0	0	1	0	1	2	0	0	0	0	0	1	0	1	0	1	0	1	2	0	1	1	1	0	1	0	0	1	0	0	1	
0	1	1	1	1	0	0	1	1	1	1	1	0	0	1	0	1	1	0	1	1	1	1	0	1	1	0	0	1	2	1	0	1	1	1	0	0	0	0	0	0	0	1	1	0	0	1	1	1	0	1	0	1	0	0	2	0	0	1	1	0	0	2	0	0	0	1	1	1	0	0	1	1	1	1	0	0	0	0	1	0	0	0	0	0	2	0	1	0	1	0	1	1	0	0	1	1	0	1	0	
0	1	1	0	0	1	0	1	1	1	1	0	0	2	1	1	0	2	0	1	1	1	0	1	0	0	1	1	1	0	1	1	1	1	0	2	1	1	0	1	1	1	0	1	0	0	1	0	1	0	0	0	1	0	0	0	1	0	0	1	0	0	1	0	1	2	0	1	1	0	1	1	0	1	1	1	0	1	1	1	0	0	1	1	1	0	0	0	1	1	0	1	0	1	1	0	0	0	0	1	
1	1	1	0	0	2	0	0	1	1	0	1	1	1	1	1	1	1	0	2	0	1	0	0	1	0	1	0	1	0	0	1	1	1	1	2	1	0	1	1	0	1	1	0	1	0	0	0	1	1	0	1	0	1	1	0	1	0	2	0	0	0	1	0	0	1	0	1	0	1	1	0	1	0	1	1	0	1	0	0	0	1	2	0	1	0	0	0	0	0	1	1	0	1	0	1	1	0	1	0	
1	1	0	1	0	1	0	1	0	0	0	0	1	1	0	0	0	1	0	0	0	0	2	1	1	1	1	1	0	1	0	0	0	0	1	1	1	0	0	0	0	0	0	1	0	0	1	0	1	0	1	1	1	0	2	1	0	0	0	0	1	0	1	1	1	1	1	1	1	0	1	1	0	0	0	1	1	1	0	1	0	1	2	0	0	1	0	0	1	1	1	0	0	1	0	0	0	1	1	0	
1	0	0	1	1	1	1	1	0	1	0	1	1	1	0	1	0	0	1	2	1	2	0	1	1	1	0	2	0	1	1	1	1	0	0	1	1	1	1	2	0	1	1	0	2	0	0	0	1	0	0	1	0	0	0	0	0	1	0	0	1	0	0	2	1	0	1	1	0	0	1	0	0	1	0	0	1	1	1	0	1	1	1	0	0	1	0	1	0	0	0	1	0	0	2	0	0	1	0	1	
0	1	1	0	0	0	1	1	0	1	1	0	0	2	0	0	0	0	0	1	1	1	0	0	1	1	0	0	1	0	0	1	1	1	0	1	0	0	0	0	0	1	0	1	1	1	1	0	0	0	1	0	1	0	0	1	1	0	1	1	1	0	0	1	0	0	1	0	0	0	1	1	1	1	2	0	0	1	0	1	0	1	0	0	1	0	1	1	0	0	1	0	1	1	1	0	1	0	0	0	
1	0	2	0	0	0	1	2	0	2	1	1	1	2	2	1	0	0	0	1	1	0	1	1	0	1	0	0	0	1	1	0	1	0	0	1	0	0	0	1	0	0	1	0	0	0	0	0	1	1	1	0	0	1	2	0	0	0	1	1	0	1	0	1	0	0	1	0	0	1	0	0	0	0	0	0	0	2	1	0	1	1	1	1	1	1	1	0	0	1	0	1	0	0	0	0	1	0	0	1	
0	0	0	1	0	1	1	1	0	0	0	0	0	1	1	2	1	0	0	0	0	1	0	0	0	1	0	0	0	1	0	1	0	1	0	0	0	0	0	1	0	0	0	1	2	0	0	1	1	0	0	0	0	1	0	1	0	1	1	0	1	0	1	0	0	1	0	0	0	0	1	0	1	1	0	1	0	0	0	0	1	0	0	1	1	0	1	0	0	0	0	1	0	0	1	1	1	0	1	1	
1	1	1	1	1	0	1	1	0	0	0	0	1	0	0	1	1	1	0	1	0	0	0	1	1	1	1	2	0	1	1	1	1	2	0	2	0	0	1	0	1	0	0	1	1	1	1	0	0	0	1	0	0	0	1	1	0	0	0	0	0	0	0	1	1	0	0	2	1	0	0	1	1	0	0	0	1	1	0	0	1	0	1	1	1	0	1	0	0	1	0	1	1	0	0	0	0	1	0	0	
1	0	0	1	0	0	0	1	0	1	0	1	0	1	0	0	1	1	1	2	0	2	0	0	1	1	2	0	1	1	1	0	1	0	0	2	0	1	1	1	1	0	1	1	0	0	0	1	2	0	0	0	1	1	0	0	0	0	2	1	1	1	0	0	0	0	0	1	1	0	1	0	1	1	0	0	0	0	0	0	0	1	1	1	0	0	1	1	0	1	0	1	0	0	1	1	0	0	1	0	
0	1	1	0	1	0	0	0	1	0	1	1	0	1	1	1	0	1	1	0	1	2	1	1	0	1	0	1	2	1	0	0	0	1	0	1	1	0	0	1	1	0	0	1	1	0	0	1	1	0	0	0	1	0	0	0	0	0	1	1	0	1	0	0	0	1	0	1	1	1	1	0	0	1	0	0	0	0	2	0	1	0	0	0	0	0	0	0	1	0	0	0	0	0	1	0	1	1	0	0	
0	1	0	1	1	1	1	1	1	0	1	1	1	1	0	0	0	1	1	1	1	1	1	0	0	2	1	1	0	1	1	1	1	2	0	1	1	1	0	1	0	0	1	1	0	0	0	0	0	0	0	0	1	1	0	1	1	1	1	1	0	1	1	1	0	2	0	0	0	0	1	1	0	1	1	0	0	0	0	0	1	0	0	0	0	0	1	0	1	0	1	1	0	1	1	0	1	1	1	1	
1	0	0	1	0	1	0	0	0	1	1	0	0	0	0	0	1	0	1	0	1	0	0	0	0	1	0	0	0	0	1	2	0	1	1	0	1	1	1	1	1	1	0	1	0	2	0	0	0	0	0	1	1	1	1	1	1	0	0	0	0	1	0	1	0	1	0	0	1	0	0	0	0	1	1	0	1	0	0	0	1	0	0	1	1	0	1	0	0	1	0	0	1	1	1	0	1	0	0	1	
0	0	1	0	0	1	0	1	0	0	1	1	0	0	0	0	0	0	1	1	0	0	0	0	2	1	0	1	1	1	0	1	0	0	0	1	0	0	0	0	0	1	1	0	1	0	0	1	0	2	1	0	1	0	0	1	1	1	0	0	0	1	0	0	0	1	0	1	1	0	1	0	1	0	0	1	1	0	0	0	0	0	0	0	1	0	1	0	1	0	1	0	0	0	0	1	1	0	1	0	
0	2	0	1	1	1	0	1	1	1	0	1	2	1	0	0	0	0	0	0	1	0	1	0	0	1	1	0	1	1	1	0	0	0	1	0	0	0	1	0	0	0	1	1	2	0	1	0	0	1	0	1	1	0	1	1	1	0	0	0	0	1	1	1	2	1	0	0	0	0	1	1	1	0	0	0	1	0	0	0	0	1	1	1	1	1	1	0	1	0	0	0	1	0	1	1	0	1	0	0	
1	1	1	1	0	0	1	0	1	0	0	0	1	0	0	1	1	0	0	2	1	0	0	1	0	0	0	0	1	1	1	0	0	0	1	0	0	1	0	1	0	0	0	1	0	1	1	0	0	0	0	1	1	0	0	1	1	0	0	1	0	1	2	1	1	0	0	1	0	1	2	0	1	1	0	1	1	0	0	2	1	1	2	1	1	1	0	0	0	0	1	0	0	1	0	2	1	0	1	0	
1	0	0	1	0	1	1	0	0	1	0	0	0	0	2	1	1	0	1	1	0	0	1	1	0	1	0	0	1	1	0	1	1	1	0	0	1	1	0	0	0	1	0	0	1	2	1	1	0	1	2	0	1	0	0	1	1	1	0	0	1	0	1	0	0	0	1	2	1	0	1	2	1	1	0	1	2	0	1	0	0	1	1	1	0	1	1	1	0	2	1	1	0	0	0	0	0	1	1	1	
1	0	0	1	1	0	1	1	1	1	0	1	1	2	1	0	0	1	0	1	1	0	0	1	0	0	0	0	0	0	0	0	0	0	2	1	1	1	0	0	1	1	0	0	1	0	0	1	0	0	1	1	0	1	0	0	1	0	1	1	1	0	0	1	1	0	1	1	0	0	0	1	0	1	1	0	1	1	0	0	1	1	0	1	1	1	0	1	0	0	1	1	0	1	0	1	1	0	0	0	
0	1	1	0	1	2	1	0	0	1	0	0	1	1	0	1	0	1	1	0	1	1	0	1	1	0	1	0	1	1	0	0	1	1	1	0	0	1	2	2	2	0	1	2	1	1	0	0	0	0	1	1	1	0	0	1	1	0	0	1	1	1	0	1	1	1	0	1	0	1	0	0	0	1	1	0	2	1	0	1	0	0	1	0	0	0	1	0	1	1	2	0	1	0	1	0	0	0	1	2	
1	1	1	1	1	1	0	1	1	0	1	0	1	1	0	1	0	1	1	1	0	1	1	0	1	1	1	0	1	0	1	0	0	1	0	0	2	0	1	1	0	1	1	0	0	0	0	1	1	0	1	1	0	1	1	0	1	0	2	0	1	1	0	1	1	1	1	1	0	1	0	0	0	2	1	1	0	0	0	1	1	1	0	1	0	1	1	0	0	1	0	1	0	0	2	0	0	1	1	0	
1	1	0	0	1	1	1	0	1	1	0	1	1	1	0	1	1	0	1	1	1	0	0	1	1	0	0	0	0	0	1	2	0	1	0	0	1	1	1	0	1	0	0	0	0	2	0	1	1	1	1	0	0	1	0	0	1	1	0	1	0	1	0	0	0	1	1	1	1	1	0	1	1	0	0	0	1	0	0	1	0	1	1	0	1	0	0	1	1	0	0	0	1	1	0	0	0	0	0	0	
2	1	1	0	0	1	0	2	0	0	0	0	0	1	0	0	1	0	0	0	1	1	1	1	0	0	0	0	0	1	0	1	0	0	2	1	0	0	0	1	0	1	1	0	0	1	0	1	1	1	1	0	0	0	1	1	0	1	0	1	0	0	1	0	1	1	0	1	1	0	0	1	0	0	2	1	0	1	1	1	1	0	0	1	0	1	0	0	0	1	0	0	1	0	0	1	0	1	1	0	
1	1	1	0	0	2	1	0	0	1	0	0	0	1	0	0	0	0	0	0	0	1	0	0	0	0	0	0	1	0	0	0	1	0	1	1	0	1	0	0	0	0	1	0	0	1	1	0	0	0	1	0	0	1	1	1	0	0	1	1	1	0	0	1	1	0	1	1	1	1	0	0	1	0	1	1	1	1	0	1	0	0	1	1	1	0	0	1	0	0	1	1	0	1	0	0	0	1	0	0	
0	0	0	2	1	1	1	0	1	0	0	1	0	1	1	2	1	1	1	0	0	0	0	0	0	0	1	1	0	0	0	1	0	0	0	0	1	0	0	1	1	0	0	0	0	0	0	0	0	0	0	1	0	0	0	0	0	1	1	0	1	1	0	1	1	1	0	0	1	0	1	0	0	1	1	1	1	0	0	0	1	0	0	1	0	2	0	1	1	1	1	1	0	1	0	0	1	1	0	1	
2	0	1	0	0	0	0	1	0	0	1	1	1	2	1	2	0	0	0	1	0	0	0	1	1	0	0	1	1	0	1	1	0	0	1	1	2	0	0	1	1	1	1	0	2	1	0	0	1	0	1	0	1	0	0	0	1	1	2	1	0	1	0	1	0	1	0	1	0	0	0	1	0	1	1	0	1	1	0	1	1	1	0	1	0	1	0	0	1	1	1	0	0	0	1	0	1	0	0	1	
0	0	1	0	0	1	1	1	0	0	1	0	0	1	1	1	1	1	0	0	1	0	1	1	0	1	0	0	1	1	2	1	1	1	0	1	1	0	1	1	1	0	1	1	0	0	0	1	1	0	2	0	0	1	0	1	1	1	0	1	0	0	0	1	0	1	1	0	1	0	0	0	0	0	0	1	0	0	1	1	2	1	2	0	0	0	1	0	1	1	1	1	1	0	0	0	0	1	0	1	
1	1	0	1	0	1	1	1	1	1	0	0	0	0	0	0	0	0	1	1	0	0	0	1	2	0	0	1	0	1	0	1	1	0	0	0	0	1	0	0	1	1	1	1	1	0	0	0	1	0	1	0	1	0	1	0	1	1	2	0	0	1	1	1	0	0	1	0	2	0	0	0	0	0	1	1	1	0	1	1	0	0	1	1	0	0	1	0	1	1	0	0	1	1	0	0	0	1	0	0	
0	1	1	0	0	0	1	1	1	0	0	0	1	0	1	1	0	1	0	0	1	1	0	0	0	1	0	0	0	0	0	0	2	1	1	2	0	0	0	1	0	0	0	1	1	1	0	1	0	1	0	1	1	0	0	1	0	1	1	0	2	1	0	0	1	1	0	1	1	0	1	0	2	1	0	1	0	0	0	1	1	1	1	1	1	1	0	1	0	0	0	0	0	0	1	1	0	1	0	1	
0	0	2	1	0	0	1	1	0	0	1	0	0	0	0	1	0	1	1	1	1	0	0	0	1	1	0	1	1	0	0	0	0	1	1	1	2	0	0	0	1	0	2	1	2	0	1	0	1	0	0	0	0	0	1	0	1	1	0	0	1	1	0	1	0	1	0	1	0	0	0	1	1	0	0	0	0	1	0	0	1	1	0	2	0	1	0	0	0	1	1	1	1	1	1	0	0	2	1	1	
0	1	1	1	0	1	2	1	1	1	1	1	0	0	0	1	0	0	1	2	0	2	1	0	0	0	1	0	1	1	0	1	0	0	1	0	1	1	0	1	0	0	1	1	0	1	0	0	1	0	0	1	1	0	0	1	1	1	1	0	0	0	0	1	1	0	0	0	1	1	1	0	0	0	1	1	1	1	1	2	1	0	1	0	1	0	0	0	1	1	2	1	0	1	0	0	1	1	0	2	
0	1	1	0	0	1	0	0	1	0	0	1	0	1	0	0	0	1	0	1	1	1	0	1	0	0	1	1	0	1	0	1	1	0	1	0	1	0	1	0	0	0	1	0	1	1	1	0	1	0	0	1	0	1	1	1	1	0	1	1	1	0	0	0	0	1	0	0	0	0	1	0	1	1	1	0	0	1	0	1	1	1	1	1	1	1	0	1	0	0	0	2	0	0	0	0	0	1	0	0	
2	1	0	1	1	1	2	0	0	1	0	0	1	1	0	0	1	1	1	0	1	0	0	1	0	1	1	0	0	0	0	1	1	1	1	1	0	0	0	0	0	0	1	0	1	1	1	1	0	0	0	1	0	1	1	0	1	1	1	1	1	2	0	0	1	1	1	1	0	1	1	1	1	0	0	1	0	1	0	0	1	0	1	0	2	0	1	0	1	1	0	1	0	1	0	0	1	0	0	0	
1	1	1	1	1	2	1	0	0	1	1	0	0	1	1	0	1	1	0	1	0	0	1	0	1	0	0	1	0	0	0	1	0	0	0	1	1	0	1	0	1	1	0	0	0	0	0	1	1	0	0	1	1	0	0	1	1	0	1	1	0	0	1	0	0	0	1	0	0	1	0	0	1	0	1	1	0	1	0	1	1	0	0	0	1	1	1	0	1	1	0	1	1	0	0	0	0	1	2	0	
0	1	1	0	1	1	0	0	0	2	0	0	0	1	1	0	1	0	0	1	0	0	1	0	0	1	1	1	1	0	1	1	1	0	1	0	0	1	1	0	1	1	1	1	1	1	0	0	1	0	1	1	0	1	0	0	1	0	0	0	1	0	1	2	1	2	1	2	0	0	1	0	1	1	0	1	1	1	0	1	0	0	1	1	1	0	1	1	1	1	1	1	0	1	0	0	2	1	1	1	
2	1	0	1	1	1	0	0	2	1	0	0	2	2	0	0	1	0	1	2	1	0	0	1	1	1	0	0	2	1	0	0	1	0	1	1	2	1	1	1	0	1	0	2	1	0	0	1	0	1	1	0	2	0	1	1	0	1	1	1	0	0	1	1	0	1	0	0	1	1	0	1	2	2	2	0	0	1	1	0	0	0	0	0	0	1	1	0	0	0	0	2	0	1	0	1	1	0	1	0	
0	0	1	0	0	1	0	1	1	1	1	0	1	0	0	1	0	0	0	0	1	0	1	0	0	1	1	0	1	1	1	0	0	1	0	1	2	0	0	1	0	1	0	1	0	0	1	1	0	1	1	1	1	1	2	0	1	0	1	0	0	0	1	0	0	1	1	1	0	0	0	1	1	1	0	0	0	1	0	0	0	0	0	1	0	0	2	0	0	1	0	0	0	1	1	1	0	1	1	1	
0	0	0	1	1	1	1	1	0	0	2	1	1	0	1	0	0	0	0	1	1	1	0	1	1	0	0	0	1	0	1	0	1	1	0	1	0	0	0	1	1	1	0	0	1	2	1	0	1	0	0	1	1	0	0	0	0	0	0	0	0	0	0	0	0	1	0	1	0	1	1	1	1	0	1	0	0	0	0	1	0	0	1	0	1	0	0	1	1	0	1	1	1	1	0	0	1	0	0	1	
1	0	0	0	0	0	0	1	1	1	0	0	0	1	0	1	1	1	1	2	1	0	0	0	0	1	0	0	1	0	0	1	0	1	1	0	0	1	1	0	0	1	0	1	1	0	1	0	1	0	1	1	1	1	1	0	0	0	1	2	1	1	0	0	1	0	0	0	1	0	1	0	0	0	1	2	2	1	1	2	0	0	1	0	1	2	1	1	0	0	1	1	1	0	1	1	0	0	1	0	
0	1	1	1	1	0	0	1	1	1	0	1	0	1	2	0	0	0	0	2	1	0	1	1	0	0	1	1	1	1	0	1	0	1	0	1	1	1	1	0	1	1	1	1	1	0	1	0	2	0	0	0	0	1	0	0	0	0	0	0	0	0	1	1	1	0	1	0	1	2	0	1	0	0	1	2	0	0	0	0	1	0	0	1	1	0	1	1	0	0	1	1	1	0	1	0	1	1	0	1	
1	1	1	1	0	0	1	1	0	0	1	0	0	0	0	1	0	0	1	1	1	1	1	0	1	1	1	1	0	0	0	0	0	1	0	0	0	0	1	0	1	2	1	0	1	0	0	0	1	1	1	1	0	0	1	1	1	0	0	1	1	1	1	1	1	1	0	0	1	0	0	0	1	1	1	1	1	0	1	0	1	0	0	0	0	0	0	1	1	0	0	0	0	0	1	0	1	2	0	0	
0	1	1	1	1	1	1	0	0	0	0	1	0	1	1	1	0	2	0	0	0	0	1	0	1	0	1	1	0	0	1	0	0	0	1	1	0	0	0	1	0	2	0	1	1	0	1	0	0	2	0	0	1	0	0	1	1	1	1	0	0	1	0	0	0	0	1	0	1	0	0	0	0	0	0	1	1	0	2	0	1	1	1	0	0	1	1	1	1	0	0	0	0	1	1	1	1	1	1	2	
1	1	1	1	2	0	0	0	0	0	1	0	0	1	0	0	1	0	1	0	1	0	1	0	1	1	1	0	2	1	1	0	1	0	1	2	1	1	1	1	1	0	1	1	0	1	1	0	1	1	0	1	0	2	0	0	1	0	0	1	0	1	1	1	1	1	0	1	0	1	1	0	1	0	0	0	0	0	0	1	1	2	0	0	1	0	0	1	0	1	1	0	1	1	1	1	0	2	1	0	
1	0	1	1	1	1	2	0	0	0	1	1	0	1	1	0	0	0	0	1	1	0	1	1	0	1	1	1	0	1	0	0	0	0	0	0	2	1	1	0	1	0	1	1	1	0	0	2	0	1	0	0	0	0	0	0	0	0	0	1	0	2	0	1	1	0	1	0	0	1	1	1	0	0	1	0	1	0	0	0	0	0	1	1	0	2	1	1	1	0	0	1	0	1	1	1	0	0	0	0	
0	0	0	0	0	0	1	1	0	0	2	1	0	0	0	0	1	1	0	2	1	0	0	0	1	0	0	1	0	0	1	0	0	0	0	0	1	1	0	1	0	1	0	2	1	0	0	1	0	0	1	0	1	0	0	1	0	1	2	1	0	1	1	1	1	0	1	1	0	1	2	0	0	0	0	1	1	1	1	1	0	0	1	0	0	0	0	0	1	1	0	0	1	1	1	0	1	2	0	0	
0	1	0	0	0	0	0	1	1	0	0	0	0	0	1	1	0	1	0	0	1	0	1	1	0	1	0	1	0	0	1	1	1	0	1	1	0	1	1	1	0	0	0	1	1	0	0	0	1	0	1	1	0	1	1	0	0	1	0	0	1	1	2	1	0	0	2	0	0	1	0	1	0	1	0	1	0	1	1	0	0	0	0	0	1	1	0	0	2	1	1	0	0	1	0	1	0	1	1	0	
0	1	1	1	0	1	0	1	0	1	2	1	1	0	1	1	1	0	1	1	0	1	1	0	1	0	1	2	0	0	1	0	1	1	1	0	0	1	0	0	0	0	1	1	0	1	1	0	0	0	0	0	1	0	2	0	1	0	0	1	0	0	0	0	0	0	0	0	1	0	1	1	1	1	0	0	0	0	0	0	1	1	1	1	0	1	0	1	0	0	0	1	0	0	0	1	1	0	0	1	
1	0	1	1	0	1	1	1	0	1	1	0	0	0	0	1	0	0	1	1	1	0	0	0	1	1	0	0	1	0	2	1	2	0	1	0	1	0	0	0	1	0	0	0	0	0	0	1	0	2	1	0	0	0	1	1	1	0	1	2	1	1	1	0	0	1	2	1	1	1	0	0	0	0	0	0	0	1	0	1	0	1	0	1	1	1	0	1	0	1	0	0	0	0	0	1	0	0	1	0	
1	1	1	1	1	1	1	0	1	0	0	0	1	1	0	1	0	1	0	0	1	2	0	0	0	1	1	0	0	0	1	0	0	0	0	0	1	1	1	1	1	1	1	1	1	0	1	1	2	0	1	1	1	0	0	0	1	0	0	0	0	1	1	1	0	1	1	0	0	0	0	1	0	0	1	0	1	2	0	1	0	1	1	0	0	1	1	1	0	0	0	1	0	0	0	1	1	0	1	1	
2	0	1	0	0	1	1	0	2	0	0	1	2	1	0	1	1	0	1	1	1	0	2	0	1	1	1	0	1	0	1	1	0	0	1	1	0	1	0	1	1	1	0	0	0	0	0	1	0	0	0	0	1	0	0	0	0	0	0	1	0	0	1	1	0	1	1	1	0	0	1	0	1	1	1	1	0	1	0	1	1	0	2	0	0	0	0	1	0	1	0	1	0	1	0	0	2	0	1	0	
1	0	0	1	1	0	0	1	0	0	1	1	0	1	1	0	0	0	0	2	1	0	0	1	1	0	0	1	0	1	0	0	1	0	0	0	1	1	1	1	0	0	0	0	0	1	0	0	0	0	1	0	0	1	1	0	1	1	1	1	0	0	1	1	0	0	1	1	1	1	0	0	1	1	1	0	0	0	1	1	1	0	0	0	0	1	1	0	0	1	1	0	1	0	0	1	0	1	1	0	
0	0	0	0	0	0	1	1	1	1	1	0	1	0	1	1	1	0	0	0	0	1	0	0	1	2	1	1	0	1	2	1	0	0	1	0	1	0	1	0	1	0	0	1	1	1	0	1	1	0	1	1	0	0	0	0	1	0	0	1	1	1	0	1	1	1	0	0	0	1	0	0	0	1	0	1	0	0	1	0	0	2	1	0	1	1	1	0	1	1	0	0	1	1	0	0	1	0	1	1	
0	0	0	0	1	1	0	1	0	0	0	0	1	1	0	0	0	1	0	0	1	1	0	1	1	1	1	0	0	0	0	0	0	0	1	1	1	0	1	1	2	1	1	0	0	1	0	0	0	0	0	0	1	0	0	1	1	1	1	1	0	1	0	0	0	0	2	0	0	0	0	1	0	0	0	1	1	2	1	1	0	0	0	1	0	1	0	1	0	0	1	0	0	1	0	1	0	0	0	0	
1	0	1	1	1	0	1	0	1	0	1	1	1	1	1	1	0	1	0	1	0	1	1	0	0	1	1	1	1	0	1	1	0	1	0	0	1	0	1	0	1	0	1	0	0	1	0	0	0	1	1	0	0	1	0	1	1	0	1	0	1	0	1	0	0	0	1	1	1	0	2	1	1	1	0	1	0	0	1	0	1	0	1	1	0	1	0	1	0	0	2	0	1	1	0	1	1	1	0	0	
0	0	1	1	1	1	0	0	1	0	1	0	0	0	0	1	0	0	1	0	0	0	1	0	1	1	0	0	1	0	1	1	0	1	0	0	1	1	1	1	0	0	2	0	0	1	0	1	0	1	1	0	0	1	0	0	2	0	0	0	1	0	1	1	0	1	0	1	1	0	1	1	0	0	2	2	1	1	1	0	1	0	1	0	1	2	0	0	0	0	0	0	2	1	1	1	0	1	1	1	
1	0	1	0	1	0	1	0	1	1	1	1	1	0	1	1	0	1	0	1	0	0	0	1	1	1	1	0	2	1	0	1	0	0	1	1	1	1	0	0	1	1	0	1	1	0	1	0	1	0	0	0	0	1	1	1	0	0	0	1	0	1	1	0	0	0	1	1	1	2	0	0	1	1	0	1	0	0	1	1	1	0	0	0	0	1	1	0	0	0	0	1	1	0	0	0	0	0	0	0	
0	1	1	1	0	0	1	0	0	1	1	0	1	1	1	0	1	0	0	0	1	0	0	0	1	1	0	0	1	1	2	0	1	1	1	0	0	1	0	1	1	0	0	1	1	1	0	0	2	1	1	1	0	1	1	0	0	0	1	0	2	0	0	0	1	0	2	0	0	0	0	1	1	1	0	1	1	0	1	0	1	1	0	1	0	1	1	1	1	1	0	0	0	0	1	0	0	0	0	1	
1	1	1	1	1	0	1	0	2	0	2	0	0	1	1	1	0	0	0	0	0	1	1	0	1	0	1	2	0	0	0	0	1	0	0	1	0	0	1	2	0	0	1	0	1	0	2	0	0	0	2	0	0	2	0	1	1	1	1	1	0	1	1	0	0	1	1	0	0	1	1	1	0	0	1	0	0	0	0	1	1	0	1	0	1	0	1	0	0	0	1	1	0	0	1	0	0	1	0	1	
1	1	1	1	1	1	0	1	0	0	0	1	0	1	0	1	0	0	1	1	0	0	0	1	1	1	0	1	0	1	0	0	0	0	1	0	1	1	1	1	1	0	1	1	0	1	1	1	1	1	0	2	1	0	1	0	0	1	1	0	0	0	1	1	0	0	0	1	0	0	0	1	0	1	1	1	1	1	0	1	1	0	1	1	1	1	1	0	1	0	1	1	0	1	1	1	1	1	0	1	
1	0	0	1	1	0	1	0	1	1	0	1	0	1	1	0	0	1	0	1	1	1	1	0	0	1	0	0	0	1	0	0	0	0	1	0	0	0	0	0	1	1	1	0	0	0	0	0	0	0	0	1	0	0	0	0	1	1	1	2	1	1	0	2	0	1	0	0	1	1	1	1	0	1	0	1	0	0	0	1	0	0	0	1	0	1	0	1	1	0	0	0	0	0	0	0	1	1	1	0	
0	0	0	2	1	1	1	0	0	0	0	0	1	0	1	1	0	0	1	0	0	0	0	1	0	0	0	0	0	1	2	0	1	1	0	0	1	1	0	1	1	1	1	1	1	2	1	0	1	1	1	1	1	0	0	0	1	0	0	0	1	0	0	1	0	0	0	1	0	0	0	0	1	0	0	0	0	1	1	0	0	1	1	0	1	0	0	1	0	0	0	1	0	0	1	0	0	1	0	1	
0	1	0	1	0	1	0	1	1	0	0	1	1	1	0	1	0	0	1	0	0	0	2	1	1	0	0	0	0	0	1	0	2	1	1	0	1	0	1	1	0	0	1	1	0	0	1	0	1	1	0	1	1	0	1	2	1	0	0	0	1	0	1	1	0	0	1	1	2	1	0	0	1	0	1	0	0	1	1	0	1	1	0	0	1	0	1	0	0	0	1	0	0	1	0	1	0	2	0	0	
0	1	0	1	0	0	0	0	0	1	0	0	0	0	1	0	1	1	0	1	1	0	1	0	0	1	1	0	1	1	0	0	0	0	0	0	0	0	0	0	1	0	0	0	0	0	1	0	1	1	1	1	0	0	0	0	0	2	0	0	1	0	1	1	1	1	1	2	0	0	0	1	0	1	2	0	0	1	1	0	1	2	1	1	1	2	1	2	2	0	1	0	1	1	1	0	0	2	1	0	
1	0	0	0	2	0	1	1	0	1	0	1	0	0	0	0	0	1	1	1	1	0	1	1	1	0	0	0	1	0	0	0	0	2	0	1	1	1	1	0	0	0	0	1	1	1	0	0	1	0	0	0	1	0	0	1	0	0	0	1	1	1	1	1	0	0	1	0	0	1	1	2	0	0	1	1	0	1	0	1	0	0	1	2	0	1	1	0	1	1	0	0	1	0	2	0	1	0	1	1	
0	1	1	1	0	1	1	0	0	1	0	1	0	1	1	0	1	1	1	1	1	1	1	0	0	1	1	1	1	2	1	1	1	0	1	2	0	0	1	0	1	0	0	2	1	0	0	1	1	0	1	2	0	0	1	0	1	0	0	0	1	0	0	1	1	2	0	0	2	2	1	1	0	0	0	1	0	0	0	1	0	0	0	0	1	0	0	0	0	1	2	0	0	1	0	1	1	0	1	0	
0	0	1	0	0	1	0	1	1	1	0	2	1	0	0	0	0	1	0	0	1	0	2	0	1	0	1	0	0	0	1	1	1	1	1	1	1	0	0	1	0	0	0	1	1	0	0	0	0	0	0	1	0	0	1	0	1	1	1	1	0	0	1	0	1	0	1	1	0	0	0	1	1	1	1	1	0	2	1	0	1	1	0	0	1	1	0	0	0	0	1	0	1	1	1	0	0	1	0	1	
0	0	1	0	1	0	0	1	0	0	1	1	0	0	2	1	0	1	0	1	1	0	1	0	2	0	0	2	0	0	0	0	1	1	1	0	0	0	1	1	1	1	0	0	0	0	1	1	1	1	1	0	1	1	1	1	1	1	1	1	1	0	1	0	0	1	0	0	0	0	1	0	1	0	0	1	0	0	1	1	0	1	1	0	1	1	0	0	1	0	0	0	1	0	0	1	1	1	0	0	
0	1	0	1	1	0	0	1	0	0	1	2	1	0	2	0	0	0	0	1	1	0	0	2	1	0	1	1	1	1	0	1	0	0	2	0	1	1	0	0	1	0	1	1	1	1	1	1	1	0	2	1	0	0	1	1	1	1	0	1	1	1	1	1	0	1	1	1	1	1	0	1	0	1	1	0	0	2	1	1	1	0	0	0	1	1	0	0	1	1	1	0	0	1	0	0	0	0	0	0	
1	0	1	0	1	1	1	0	0	0	1	1	0	0	0	0	0	1	1	1	2	1	0	1	0	0	1	1	1	1	1	0	0	0	1	1	0	2	0	0	1	1	0	0	0	0	1	1	0	0	1	1	1	1	1	1	0	0	1	1	0	1	1	1	1	0	0	0	1	2	0	1	1	1	0	1	0	1	0	1	0	0	1	1	0	1	1	0	1	1	0	0	0	1	0	1	0	0	1	1	
1	0	0	0	1	1	0	0	0	1	1	1	2	0	1	0	1	0	0	0	0	0	0	0	2	0	0	2	1	0	0	1	0	1	0	0	1	0	0	1	0	0	0	0	0	0	1	0	1	0	1	0	1	0	0	0	2	0	1	0	1	0	0	1	0	0	0	0	0	1	1	0	1	1	1	0	0	0	1	1	1	1	0	0	0	0	1	1	1	0	0	0	1	1	1	1	1	0	1	0	
1	0	0	0	1	1	0	1	1	0	0	1	1	0	1	0	2	1	1	0	1	0	1	2	0	0	0	0	1	1	1	1	0	0	1	1	0	0	1	0	1	0	0	0	0	0	0	0	0	0	1	1	1	0	0	0	1	0	1	0	0	0	0	1	1	0	0	1	0	1	1	1	1	0	0	0	0	1	1	1	0	1	0	0	0	0	1	1	1	0	0	1	1	1	1	0	1	0	0	0	
0	0	1	0	0	0	1	0	0	1	1	1	0	0	0	0	1	1	0	0	0	1	0	0	2	0	2	1	0	0	0	1	0	0	0	0	1	1	2	0	0	0	1	0	1	0	0	0	1	0	0	0	0	1	0	0	0	0	1	1	1	0	2	1	1	1	1	2	0	0	0	1	0	0	0	0	0	1	0	0	0	0	1	1	0	1	1	1	1	0	1	0	1	0	0	1	0	0	0	0	
1	1	0	1	1	1	1	1	2	1	1	1	0	0	0	1	0	1	1	1	0	0	1	0	0	0	1	1	0	1	0	1	0	1	1	1	1	0	1	1	1	1	1	0	0	1	1	1	0	1	1	1	2	1	0	1	1	0	0	0	1	1	1	0	1	0	1	0	2	2	1	0	0	1	2	0	0	1	1	0	0	0	0	1	1	0	0	0	0	1	0	1	0	0	0	1	1	1	0	1	
0	0	0	0	0	1	1	1	0	0	0	1	0	1	0	0	0	1	1	1	0	0	0	1	1	1	0	1	0	1	0	0	1	0	0	0	1	0	1	1	1	0	0	1	0	0	0	0	0	0	2	0	0	1	1	0	1	0	0	0	1	1	1	0	1	0	1	1	1	0	0	0	0	0	1	1	1	0	1	0	0	0	2	0	1	1	1	1	1	1	0	1	0	2	0	0	1	0	1	1	
2	1	1	0	1	0	0	0	0	0	0	0	2	1	0	1	1	0	0	0	0	0	0	0	1	1	1	1	1	0	0	0	1	0	0	0	0	0	1	1	1	1	1	0	1	1	0	0	0	0	1	1	0	0	0	1	1	1	0	0	1	0	1	1	1	1	2	0	1	1	1	1	0	1	0	0	1	0	0	1	1	0	1	1	0	1	0	1	1	0	1	0	0	1	0	1	1	0	2	1	
0	0	1	1	0	0	0	0	0	0	1	0	1	1	1	1	0	0	0	1	0	0	0	0	0	1	0	1	0	1	0	1	0	2	0	1	0	0	1	1	0	0	0	1	0	0	1	0	1	1	1	0	1	0	0	0	0	0	1	0	0	1	1	2	0	0	1	0	0	2	0	0	1	0	1	0	0	1	0	1	0	1	0	1	0	0	0	1	0	1	0	1	0	0	0	0	0	1	1	2	
2	0	0	1	1	1	2	0	0	1	1	1	1	0	1	1	1	0	0	1	0	0	0	1	1	0	1	1	0	1	1	0	1	1	0	1	0	0	2	1	1	1	0	0	0	0	1	0	0	1	0	0	0	0	0	0	2	0	1	0	0	1	1	0	1	1	0	1	0	0	0	0	0	1	1	0	0	1	1	0	0	0	1	0	0	1	0	0	0	1	1	1	0	1	0	0	0	0	0	0	
0	1	2	1	0	1	0	0	0	1	0	1	1	0	1	0	1	1	2	1	1	0	2	0	0	1	1	0	0	0	1	1	0	2	1	1	0	0	1	1	0	1	1	1	1	1	2	1	1	0	1	0	1	0	0	0	0	0	2	1	0	0	1	1	0	1	0	1	0	0	1	0	1	0	1	1	0	1	1	1	2	1	0	0	1	0	0	1	0	2	0	0	1	0	1	1	1	0	0	0	
1	1	0	2	1	0	1	0	1	0	1	0	1	1	1	1	0	0	1	0	1	0	0	1	0	0	0	1	0	0	0	1	0	0	0	0	1	0	0	0	1	1	0	0	1	1	0	0	1	0	1	0	2	0	0	1	0	0	0	1	0	1	1	1	2	0	0	1	0	1	0	0	0	1	1	0	1	1	1	1	1	1	0	0	1	0	0	0	1	0	0	0	1	1	1	1	0	0	0	0	
0	1	0	1	0	0	0	1	0	1	1	0	1	0	0	0	0	1	0	0	1	1	1	1	0	0	0	0	0	0	0	0	0	1	0	0	0	1	1	0	1	0	2	0	0	1	0	0	0	0	2	1	0	0	0	0	1	0	1	1	1	0	1	0	0	1	0	1	1	0	0	0	1	1	0	1	0	0	1	0	0	0	1	0	0	0	1	1	1	0	1	1	1	1	0	1	1	1	0	1	
1	0	0	0	0	1	1	0	0	1	0	0	1	0	1	0	1	1	0	2	0	1	1	0	2	0	1	0	0	0	1	0	1	0	0	1	0	0	1	0	0	1	0	0	1	2	0	2	1	1	1	1	0	0	0	0	1	1	0	0	0	1	1	0	0	1	2	0	1	1	2	1	2	1	0	0	0	0	0	0	1	0	1	1	0	1	0	1	0	0	1	1	0	0	0	1	0	0	0	0	
0	1	1	1	0	0	1	1	0	0	1	2	0	1	1	1	1	1	1	1	0	0	0	1	0	0	0	1	0	0	0	0	1	1	0	1	0	1	1	0	0	0	1	0	0	1	0	1	1	0	0	1	0	1	1	0	1	0	2	1	2	0	1	0	0	1	0	1	1	1	1	0	0	1	1	1	1	1	1	0	0	0	0	0	0	1	0	1	1	0	0	0	1	0	0	0	1	1	1	1	
1	1	1	0	0	1	1	1	0	0	1	1	1	0	0	1	0	1	0	0	0	0	1	0	1	1	2	0	1	0	0	1	2	0	0	0	1	1	0	1	1	0	0	0	1	0	2	0	0	1	1	1	1	0	1	0	0	1	1	0	0	1	0	0	1	0	0	0	1	0	1	1	0	0	1	0	1	0	1	1	0	0	2	1	0	1	0	1	0	1	1	1	0	0	1	1	1	0	0	1	
1	1	0	1	1	0	0	0	0	1	2	0	1	1	1	1	0	0	0	0	1	0	1	0	1	1	0	1	0	0	1	0	1	1	0	0	0	1	1	0	1	1	0	0	0	1	0	0	0	0	1	1	0	1	1	0	1	1	0	1	0	1	0	1	0	0	1	0	0	1	0	1	0	1	1	1	1	0	2	0	0	0	1	1	0	0	0	0	2	1	1	1	0	0	1	2	1	1	1	1	
0	1	1	0	1	0	1	1	1	1	1	1	1	0	1	0	1	1	1	0	1	1	0	0	0	1	1	0	0	2	2	1	1	1	1	1	0	1	0	1	1	1	1	1	0	0	1	0	0	2	1	1	1	2	0	1	1	0	0	1	1	0	1	1	0	0	0	1	0	1	1	1	1	1	0	0	1	1	1	0	0	2	0	0	1	1	0	1	0	0	1	1	1	0	0	0	1	1	1	0	
0	0	0	0	0	0	0	1	0	1	0	1	1	0	0	1	1	0	0	0	0	1	0	1	0	1	1	0	0	0	0	1	0	0	0	0	0	0	1	1	0	1	0	0	1	0	0	1	0	0	1	0	0	0	1	1	1	0	1	1	1	1	1	1	1	0	1	1	1	2	1	1	1	1	1	0	1	0	1	0	1	1	1	0	1	1	1	1	1	1	0	1	0	1	1	0	1	0	1	0	
0	1	1	0	0	0	0	1	1	1	0	0	1	0	1	1	0	2	1	0	1	1	0	0	0	0	1	0	0	1	1	1	1	1	1	1	1	0	1	0	0	0	1	0	2	1	1	0	1	1	0	1	0	1	1	1	1	2	1	0	0	0	1	0	0	0	1	0	0	0	0	1	1	0	1	0	0	0	1	1	0	0	2	1	1	0	1	0	0	2	0	0	0	0	0	1	1	1	0	0	
1	1	0	0	0	0	0	1	1	2	1	1	2	0	1	1	0	0	1	0	0	1	1	0	2	1	0	0	0	0	1	0	0	1	0	2	1	1	2	0	1	0	1	1	0	0	0	0	1	0	0	1	0	1	0	0	1	1	0	0	0	0	0	1	0	0	0	1	1	1	0	0	1	1	1	0	1	0	0	1	0	0	1	0	1	0	0	1	1	1	0	1	0	1	0	1	2	0	0	0	
0	1	0	0	1	2	1	1	0	1	1	1	1	1	0	0	1	1	1	1	0	1	1	0	0	1	0	0	0	0	0	1	1	0	0	1	1	1	0	0	0	1	1	1	1	0	1	1	1	2	1	0	1	1	0	0	1	1	0	1	0	0	0	1	0	0	2	0	1	0	0	0	0	0	1	1	1	0	1	0	0	1	0	1	1	1	0	1	0	0	1	1	1	1	0	1	0	0	1	1	
1	0	1	0	1	1	0	1	1	0	0	0	1	0	1	1	1	1	0	1	0	0	1	1	0	0	1	0	0	0	0	2	1	1	2	0	0	1	2	0	1	1	0	0	1	0	1	0	1	1	1	1	0	0	0	1	1	1	0	1	0	1	1	1	1	0	0	0	1	0	1	0	0	0	1	1	1	0	0	1	1	1	1	0	0	1	0	0	0	0	1	0	0	1	0	1	1	1	0	1	
0	0	1	1	0	1	0	0	1	1	1	1	0	1	1	1	0	2	1	1	1	1	0	0	1	1	1	1	0	1	1	2	0	1	1	0	1	1	0	1	0	1	0	1	0	0	0	1	0	0	0	2	0	1	0	0	1	0	1	1	0	1	0	0	0	1	0	1	2	1	1	0	1	0	0	0	1	1	0	0	0	0	0	0	0	0	0	1	0	1	1	1	0	0	1	2	0	0	0	0	
1	0	1	0	0	1	0	0	0	0	0	1	0	2	0	0	1	0	2	0	0	2	0	0	1	1	0	0	0	1	1	1	1	0	0	0	1	0	0	1	1	1	1	0	1	0	0	0	0	1	0	1	1	1	1	0	0	2	1	0	0	1	1	1	0	1	2	1	1	0	1	1	1	0	0	1	0	1	1	0	0	2	0	1	1	1	1	1	0	1	0	0	1	0	1	0	0	1	1	0	
1	1	1	1	1	0	1	1	1	0	1	1	0	1	1	1	0	0	0	0	0	0	0	0	0	1	0	1	2	1	1	1	0	0	0	1	0	1	1	1	1	0	1	1	1	1	0	1	1	0	0	1	1	0	1	1	1	0	0	0	1	2	0	0	1	1	0	0	0	0	1	1	1	0	1	0	0	1	0	1	0	1	0	1	0	1	0	1	1	1	0	0	2	0	0	0	0	1	1	1	
0	1	0	1	0	0	0	1	1	2	1	1	0	0	0	1	1	1	1	0	1	1	0	0	0	2	0	0	0	0	0	1	0	1	0	0	0	1	0	0	1	1	1	1	0	1	0	1	0	1	1	1	1	1	1	1	0	0	1	0	1	0	0	0	1	0	0	0	1	0	1	1	0	1	1	1	1	1	1	1	0	0	1	0	1	0	1	1	1	1	0	1	0	1	1	0	0	0	0	2	
0	1	1	0	0	1	0	0	1	0	1	1	0	1	0	0	1	1	0	1	1	0	0	0	1	1	2	0	0	1	1	0	0	0	1	1	1	0	0	0	0	0	0	0	1	0	0	0	1	1	1	0	0	0	0	0	0	1	1	0	0	0	0	1	1	0	1	0	1	0	0	0	0	1	1	0	0	1	0	1	1	1	0	0	1	1	0	0	0	0	1	1	0	1	1	1	0	0	0	1	
0	2	1	1	0	0	0	1	0	0	0	0	0	0	1	1	0	0	1	0	1	1	1	0	1	1	1	1	1	1	0	0	1	2	1	0	0	1	0	1	1	1	0	2	1	0	0	1	2	0	1	1	2	1	0	0	0	0	0	1	0	0	1	0	0	1	1	0	1	1	1	0	1	2	0	2	1	0	1	1	1	0	0	0	1	1	1	0	1	0	0	1	0	0	0	1	0	0	0	0	
0	0	0	0	0	0	0	1	1	0	0	1	2	1	0	0	1	1	0	1	0	1	0	0	0	1	1	1	1	1	1	1	1	0	0	0	1	0	1	0	1	0	0	1	0	1	0	1	1	1	1	0	0	0	0	0	1	0	2	0	0	0	0	1	1	0	1	1	1	0	0	0	1	0	2	0	1	0	1	0	0	0	1	0	1	0	0	0	0	0	1	1	0	1	0	0	1	0	1	0	
1	0	0	0	0	0	0	0	1	0	0	0	0	0	2	1	1	1	0	1	0	0	0	1	1	0	1	0	1	1	0	1	0	0	0	1	0	1	1	0	1	1	0	0	0	0	1	1	1	0	0	0	1	0	1	0	0	1	0	1	1	1	1	1	1	0	1	0	0	0	0	0	0	1	0	0	0	0	1	1	0	1	2	1	1	1	0	0	0	1	1	1	0	1	1	1	1	2	1	0	
0	1	1	0	0	0	1	1	0	1	0	1	0	1	0	0	0	0	0	1	2	1	1	0	1	0	0	0	0	2	1	1	0	1	0	0	1	0	1	1	1	0	1	1	1	1	0	0	0	1	0	0	0	2	0	0	0	0	1	0	0	0	0	0	1	0	0	1	1	0	1	0	1	0	0	0	0	2	1	0	0	1	0	1	0	1	1	0	1	0	1	1	1	0	1	0	1	0	0	0	
2	0	1	0	0	0	1	0	0	0	1	0	0	0	1	0	0	1	0	0	1	1	1	0	0	0	1	1	1	0	1	1	0	0	0	1	1	1	0	1	1	0	0	0	0	0	1	0	0	0	0	0	1	0	1	0	0	0	1	0	0	1	0	0	1	1	1	0	1	1	1	0	1	2	1	1	0	1	0	0	1	0	2	0	1	0	1	0	1	0	1	1	1	0	0	0	0	1	1	0	
1	0	0	0	1	0	1	0	0	1	0	0	1	1	0	1	0	0	0	1	0	1	0	1	0	0	0	0	1	0	0	0	0	0	0	1	1	1	0	1	1	0	0	1	0	1	0	0	0	0	1	1	0	1	1	1	1	0	1	0	0	1	0	1	0	1	1	0	0	0	1	0	0	1	1	1	0	0	1	1	1	1	0	1	0	1	0	2	1	1	0	0	1	1	1	0	1	1	1	0	
0	0	1	0	1	0	1	0	1	0	1	1	0	2	2	0	1	2	1	1	1	0	1	0	0	1	1	0	0	1	1	1	0	0	0	0	2	0	1	1	1	0	0	1	1	1	0	1	0	1	1	0	1	0	1	1	1	1	1	1	0	0	0	0	2	0	0	0	1	0	0	1	0	0	0	0	0	0	0	1	0	0	0	1	1	0	1	1	1	1	1	0	0	0	2	2	0	1	1	0	
1	1	1	2	1	1	0	0	1	0	1	1	1	2	0	1	1	0	0	0	0	1	1	1	1	1	1	0	0	1	1	0	1	0	1	0	1	0	1	1	0	0	1	1	1	1	1	0	0	1	0	0	0	0	0	1	0	0	0	0	1	1	1	1	0	1	1	0	1	1	1	0	1	1	1	0	0	1	1	1	1	1	1	0	1	0	1	0	0	0	1	0	1	0	1	0	0	0	0	0	
1	1	0	1	1	1	0	2	0	0	0	0	0	0	0	2	2	1	0	0	1	1	0	0	0	1	1	1	1	0	0	1	0	1	0	0	1	0	1	0	0	1	1	1	1	1	0	2	0	2	1	0	0	0	0	0	0	0	0	0	0	1	1	0	1	0	1	1	2	1	0	0	0	0	1	0	0	0	0	0	1	0	1	0	0	1	1	1	0	1	1	1	0	1	1	0	1	1	0	0	
0	2	1	1	1	2	1	1	1	1	0	0	0	1	1	1	0	0	1	0	1	0	0	1	1	1	0	0	1	0	0	1	1	1	1	0	2	1	1	0	0	2	1	1	0	0	0	0	0	0	0	1	0	0	2	1	1	0	0	1	0	1	0	0	1	1	0	1	1	0	0	1	0	1	1	2	1	0	1	1	1	1	0	1	1	1	0	1	1	1	0	1	0	0	1	1	0	1	0	1	
1	0	0	1	1	0	2	1	1	1	0	0	0	1	0	0	1	0	1	1	0	0	1	0	0	1	0	1	1	1	0	0	1	0	2	1	0	0	1	0	0	0	1	0	1	0	1	0	0	1	0	1	0	1	1	1	1	1	1	0	1	1	0	0	0	0	0	1	2	0	1	1	1	0	1	0	1	0	0	0	1	1	1	1	0	0	0	0	2	1	0	0	1	1	1	1	0	2	1	1	
1	1	1	1	0	1	0	0	0	0	0	1	0	1	1	0	1	0	0	1	1	2	1	0	0	0	0	0	0	0	0	0	2	0	0	0	1	0	1	1	0	1	2	0	1	0	2	0	0	0	0	1	0	1	1	0	1	0	1	1	0	1	0	0	1	1	1	1	1	1	1	1	0	0	1	1	1	0	0	1	2	0	0	1	0	1	0	0	0	0	0	1	1	0	0	0	0	0	0	0	
0	1	1	1	1	1	0	1	0	1	1	1	0	1	1	1	2	0	0	1	0	1	1	0	1	2	0	0	0	1	0	1	0	1	1	0	1	1	1	0	1	1	0	1	1	1	0	1	1	1	1	2	1	1	0	1	1	1	1	1	0	0	0	0	1	2	0	0	0	2	0	1	0	0	0	1	1	1	0	0	0	1	0	1	1	0	2	1	1	1	0	1	0	0	2	1	1	1	1	0	
0	1	1	1	0	1	0	1	0	1	1	1	0	0	0	1	0	2	2	1	0	1	0	1	0	0	0	1	1	0	2	1	1	1	1	0	0	1	1	0	0	1	1	1	0	0	1	0	1	0	1	0	0	0	0	1	0	0	1	2	0	1	1	0	0	0	0	0	0	0	0	1	0	0	0	2	0	1	1	0	1	1	0	2	2	1	1	0	0	1	1	0	1	0	1	0	1	0	1	1	
1	0	0	0	0	1	1	1	0	2	1	1	1	0	1	1	2	0	1	0	0	0	0	0	0	0	2	0	0	1	1	0	0	0	1	1	0	0	0	1	1	0	0	0	1	0	0	1	1	0	0	1	0	0	1	0	1	1	0	0	0	1	1	1	1	1	2	0	0	1	0	0	1	1	0	0	1	1	0	1	1	1	0	0	1	1	0	0	1	2	1	1	1	0	1	0	2	1	1	0	
1	1	0	1	0	2	0	0	0	0	1	0	1	1	1	2	2	0	0	0	0	0	1	1	1	0	1	0	0	0	0	0	1	1	1	0	0	0	0	0	0	1	0	0	0	0	0	1	1	1	1	2	1	0	1	0	2	0	0	0	1	0	0	0	0	0	0	0	0	0	1	0	0	2	1	0	0	1	0	2	0	0	0	1	1	0	0	0	1	0	0	0	1	0	0	0	1	0	0	0	
1	0	0	1	0	1	0	1	1	1	2	1	1	1	1	0	1	1	0	1	0	1	1	0	1	0	1	0	1	0	0	0	1	0	0	0	1	0	0	2	0	0	2	0	0	0	0	1	0	1	0	1	0	0	0	1	2	1	1	0	1	0	1	1	0	0	0	1	0	0	1	0	0	1	1	1	0	1	0	1	0	1	1	0	1	0	1	1	0	1	1	1	1	1	0	0	1	1	0	1	
1	0	1	1	1	0	0	2	1	2	1	0	1	1	1	0	0	0	0	1	1	0	0	0	2	0	1	1	0	0	1	0	0	0	1	1	1	0	1	1	1	0	1	1	1	0	2	0	1	1	0	1	1	0	0	0	1	0	1	0	1	0	1	0	1	1	0	0	0	1	0	0	0	1	1	2	0	0	0	1	0	1	0	2	0	0	0	0	1	1	1	0	0	0	1	0	1	0	1	0	
0	0	0	0	0	1	0	1	0	1	1	0	1	0	1	0	1	1	0	0	0	0	0	1	0	0	0	1	0	2	0	1	1	1	0	0	0	0	0	1	0	2	0	1	1	1	1	0	1	0	1	1	1	0	0	0	0	0	1	0	0	1	1	1	1	1	1	1	0	1	0	1	0	0	1	1	1	0	1	0	0	1	0	0	0	0	0	0	0	0	1	1	1	0	0	0	1	0	0	0	
0	0	0	0	0	0	0	0	0	1	1	1	0	0	1	0	1	1	1	1	0	1	0	0	2	0	0	0	0	1	0	0	1	0	0	0	0	1	0	1	1	1	0	0	1	0	1	1	0	1	0	0	0	0	0	1	1	2	0	0	1	1	0	0	1	1	0	0	0	0	0	1	0	1	0	0	0	1	0	1	1	1	1	0	1	0	0	1	0	0	0	1	0	0	0	0	0	0	1	0	
1	0	0	0	1	0	0	1	0	1	0	0	0	2	1	1	0	0	0	0	0	1	1	0	2	1	0	1	0	0	1	0	1	0	0	1	0	0	1	1	0	1	1	0	0	0	0	0	0	0	1	1	1	0	1	1	0	0	1	1	0	0	0	0	0	1	0	1	0	1	1	1	0	0	1	2	1	0	1	0	1	0	1	0	2	1	1	1	0	0	1	0	1	0	1	1	1	1	0	1	
0	0	0	1	2	0	1	1	0	0	0	0	0	0	1	0	0	1	0	0	0	1	0	0	2	0	0	0	0	1	0	0	1	0	0	1	1	0	1	1	1	1	0	2	0	0	1	1	0	1	1	0	0	1	1	1	1	1	0	1	0	0	0	2	1	1	1	0	0	1	1	1	1	0	1	1	0	0	0	0	0	1	0	0	1	1	2	1	0	1	0	0	1	1	0	1	0	0	1	1	
1	0	1	1	0	0	1	1	0	1	1	0	1	0	2	0	0	0	1	1	1	1	0	0	1	1	0	1	0	0	1	0	1	0	0	0	0	0	0	1	1	1	0	0	0	1	0	1	0	0	1	0	1	1	0	0	0	0	1	0	1	0	0	1	2	1	0	0	0	1	1	0	1	1	1	0	0	1	1	1	0	0	1	1	1	1	1	0	1	1	1	0	0	1	0	0	1	1	0	1	
0	0	0	1	1	0	0	0	0	1	1	0	0	1	1	0	1	1	1	1	1	1	0	1	1	0	0	1	0	0	0	1	0	1	1	0	0	0	0	1	0	0	0	1	0	0	0	1	0	1	1	1	0	0	1	0	1	0	0	0	0	1	2	1	0	0	0	1	0	1	1	1	1	0	1	1	0	1	0	1	1	0	1	0	1	1	1	1	1	0	1	1	0	1	1	1	1	0	0	0	
0	2	1	0	1	0	1	1	0	1	0	1	1	1	1	0	0	2	1	1	0	0	2	0	1	1	1	1	0	0	0	0	1	0	1	1	0	0	0	1	1	0	0	1	1	1	1	1	0	0	0	0	0	0	1	0	1	2	1	0	0	1	0	0	0	0	2	0	0	1	1	0	0	1	0	1	1	1	0	0	1	1	0	0	1	0	1	1	1	1	1	0	0	2	1	0	1	1	0	1	
1	1	1	0	1	0	0	0	0	1	1	1	2	1	0	1	1	1	0	2	0	0	1	1	0	0	0	2	0	1	2	1	1	2	1	1	0	1	0	0	1	1	0	0	1	0	1	0	1	0	0	1	1	0	1	1	0	0	0	1	1	1	1	0	0	2	1	1	0	1	0	0	1	1	1	1	0	0	2	1	0	1	1	1	1	0	0	1	0	1	0	0	0	2	0	1	0	1	1	0	
0	1	0	2	2	2	1	1	1	0	0	0	1	0	0	1	0	1	0	2	1	0	0	0	1	1	1	0	0	2	1	0	1	1	1	0	0	0	0	1	0	0	0	0	0	0	1	1	0	1	0	2	1	1	0	1	1	1	0	0	1	0	1	1	0	1	0	0	1	1	1	0	1	0	1	0	0	1	0	1	1	0	0	1	0	0	0	0	0	0	2	1	0	2	1	2	1	0	1	0	
0	1	1	2	0	0	0	0	1	1	0	0	1	0	1	0	1	0	1	1	1	1	1	0	1	2	1	0	1	0	0	1	1	1	0	2	0	1	0	1	1	1	1	0	0	1	1	1	1	0	1	1	1	0	0	2	0	0	1	1	1	0	1	1	1	0	1	0	0	1	0	0	1	0	0	1	0	0	1	0	1	0	0	1	2	2	0	1	0	0	1	1	0	0	1	1	1	1	1	1	
0	1	1	0	0	1	1	0	1	0	0	1	0	0	1	1	2	1	1	0	1	1	0	1	0	0	1	0	0	0	1	1	1	0	0	0	1	0	1	1	0	2	0	1	0	1	1	1	2	1	0	1	0	1	1	0	1	1	0	2	0	0	1	1	0	1	0	1	0	1	1	0	1	0	1	0	1	1	1	0	0	1	1	1	0	1	1	1	1	0	1	0	1	1	1	0	0	0	0	0	
0	1	1	1	1	0	1	1	1	0	0	1	0	0	0	1	1	1	1	0	0	1	1	0	0	0	1	1	1	0	1	1	2	1	1	0	2	0	0	0	0	1	0	1	1	0	0	1	2	1	1	1	1	0	1	0	1	1	0	0	1	1	0	0	0	0	0	2	1	1	1	1	1	0	1	1	2	1	1	2	0	1	0	0	1	0	0	1	1	1	0	1	0	1	1	1	0	1	1	2	
0	1	1	0	1	0	0	2	1	1	0	0	0	0	0	1	1	0	1	0	1	2	1	0	0	0	1	1	1	0	0	1	0	1	0	1	0	0	0	0	1	1	0	1	0	1	0	0	0	0	1	0	0	0	1	0	0	1	0	1	1	0	1	1	1	1	1	1	0	1	1	1	0	2	0	0	0	0	0	0	1	1	1	0	1	0	0	1	1	1	0	0	1	0	1	0	1	0	1	0	
1	1	1	1	0	1	1	1	1	0	1	0	1	1	0	0	0	0	0	1	0	1	1	1	0	1	1	1	0	0	0	0	0	0	1	1	1	0	1	1	0	2	0	1	0	0	1	0	0	0	0	1	1	0	1	1	0	1	0	0	1	0	1	0	0	1	0	0	0	0	1	1	1	1	1	0	1	1	0	1	0	1	1	0	1	0	0	0	0	1	1	0	1	1	1	0	0	1	0	0	
0	0	1	1	0	1	1	1	0	0	0	0	1	0	1	1	0	0	1	0	0	0	0	0	1	2	0	0	1	1	0	0	0	1	0	0	0	1	0	0	0	1	0	1	1	1	0	0	0	1	0	0	1	0	1	0	1	0	0	1	1	0	0	2	1	0	1	1	1	0	1	0	1	0	0	0	1	0	1	1	1	1	0	1	0	1	1	0	1	0	1	0	0	1	0	1	0	1	1	0	
1	1	0	1	1	1	0	0	1	0	1	0	0	0	0	0	1	1	1	1	1	0	0	0	1	0	1	1	0	0	1	1	0	0	1	0	1	0	1	0	1	1	1	1	0	0	0	1	2	1	1	1	1	1	1	0	0	0	1	0	0	0	0	0	0	1	1	1	1	1	1	1	0	1	1	0	0	1	0	1	0	0	0	0	1	0	1	1	1	0	1	1	1	1	0	0	0	0	0	0	
0	1	2	1	1	0	1	0	1	0	1	0	1	1	1	1	0	1	0	1	1	0	0	0	0	1	1	0	0	1	1	0	0	1	1	1	1	0	1	0	0	1	0	0	0	2	1	1	1	1	0	1	2	1	1	1	1	0	1	0	0	0	1	0	1	0	1	1	1	1	0	0	1	1	1	0	0	0	0	0	0	0	0	2	0	1	0	0	0	2	0	1	0	1	1	0	0	1	0	2	
0	1	1	0	0	0	0	2	0	0	0	0	0	1	0	1	0	0	2	1	0	1	1	1	1	1	2	0	0	1	0	0	0	0	1	1	1	0	1	0	1	1	0	0	0	1	0	0	1	1	0	1	0	0	0	0	0	0	1	0	1	0	1	0	1	1	1	2	0	1	0	0	1	1	0	0	1	1	0	1	0	1	0	1	0	0	0	0	1	1	0	1	1	0	1	0	0	0	1	0	
0	1	1	0	1	0	0	0	0	1	1	0	1	0	1	0	1	0	0	1	0	1	1	0	0	0	0	0	1	1	1	1	1	1	0	1	1	0	0	0	1	1	1	0	0	0	1	0	0	1	0	0	2	0	1	1	1	0	1	1	1	1	0	1	1	0	1	0	0	2	0	0	0	1	1	0	2	1	1	0	0	0	0	1	1	0	0	0	1	1	1	0	1	0	1	0	0	1	1	2	
0	1	1	1	0	0	1	0	0	0	1	1	1	1	1	0	1	0	1	0	2	0	1	1	1	2	1	0	2	1	0	1	1	1	1	1	1	0	0	0	0	0	1	0	0	0	1	0	1	1	0	0	0	2	0	0	1	1	0	0	1	0	0	1	0	0	0	1	1	2	0	1	1	1	1	1	0	1	0	0	2	1	1	1	0	1	1	1	0	1	0	1	1	1	0	2	0	0	1	0	
1	0	1	0	1	1	0	0	0	0	1	2	1	2	0	0	1	1	0	0	1	1	1	0	1	0	0	1	1	1	0	0	0	1	0	0	1	0	1	0	0	0	1	1	0	0	1	0	1	0	0	0	1	0	0	1	2	0	1	0	0	0	0	1	2	1	1	0	0	1	0	0	0	0	0	1	2	0	1	0	0	0	0	1	0	1	0	1	1	0	0	1	1	1	0	0	0	1	2	0	
1	0	0	0	0	1	0	0	0	0	1	0	0	1	0	1	1	1	1	0	0	1	0	1	1	0	1	1	1	1	0	0	0	0	2	1	1	0	1	0	1	1	2	1	0	1	0	0	1	2	0	0	1	0	0	1	0	0	1	0	1	1	1	0	1	1	1	1	0	0	1	0	1	1	0	2	0	1	1	1	1	1	0	1	0	1	2	0	0	0	0	1	1	1	1	0	1	0	0	1	
1	0	0	1	1	0	0	1	1	1	0	0	0	1	0	0	0	1	1	1	0	0	1	0	0	1	1	2	0	2	1	0	0	0	2	0	0	0	0	1	0	2	1	1	1	1	0	0	1	1	1	0	1	1	0	0	0	0	1	1	1	0	0	0	0	1	0	0	1	1	1	1	1	0	0	1	0	0	1	1	0	1	1	0	1	1	1	1	0	0	0	1	0	1	0	1	0	0	0	1	
1	1	0	0	1	0	1	1	1	0	0	0	0	0	0	1	0	1	0	0	0	0	1	1	2	0	0	0	0	1	1	0	2	0	1	0	0	0	0	0	2	0	1	0	1	1	0	1	1	1	0	0	0	0	0	0	0	0	2	1	0	1	1	1	0	0	0	1	0	1	1	1	1	1	0	1	1	0	0	1	1	1	0	0	1	2	1	0	1	1	0	0	0	1	1	0	1	1	2	1	
0	1	0	1	1	0	0	1	1	1	0	0	1	0	0	0	0	1	1	2	1	0	0	0	1	1	0	1	0	1	0	1	0	0	0	1	0	0	0	1	0	0	0	2	1	1	0	0	0	0	0	1	0	0	1	1	1	0	1	0	0	1	2	1	0	0	1	0	2	0	0	0	0	0	1	1	1	1	1	1	0	0	0	1	0	0	1	0	1	2	1	0	1	0	0	0	1	0	1	1	
1	1	0	1	1	0	1	1	1	1	0	1	0	1	1	0	0	2	0	0	1	0	1	1	1	1	0	0	1	1	1	1	1	0	0	1	0	0	0	1	0	0	0	0	0	0	0	2	0	1	0	0	2	1	2	0	0	1	0	1	0	0	0	1	1	0	1	0	0	1	0	1	0	1	0	0	0	1	0	1	0	2	0	0	1	1	1	1	0	2	1	0	0	1	1	1	0	0	1	0	
1	1	1	1	1	1	0	0	1	1	1	1	2	1	0	2	0	0	1	0	1	1	1	0	0	0	1	1	2	1	0	2	0	1	2	0	0	0	0	0	1	0	0	2	1	1	0	1	2	0	0	1	1	0	0	0	1	1	0	0	1	1	1	1	1	0	1	0	1	1	1	1	1	1	1	1	0	0	1	0	1	1	1	2	1	0	0	0	0	0	1	1	0	0	0	1	1	2	1	0	
1	2	0	1	0	0	0	0	1	0	1	2	0	1	0	1	0	0	0	0	0	0	1	0	1	1	0	0	0	1	0	0	1	1	1	0	2	0	0	1	0	0	2	1	0	0	1	1	0	1	0	1	1	0	1	0	0	1	2	1	1	0	1	1	0	0	0	0	0	0	0	0	1	1	0	0	0	1	0	0	0	0	1	0	0	0	0	0	1	0	0	0	1	1	0	1	0	0	0	1	
1	0	1	0	1	1	0	0	1	0	1	1	1	0	1	0	0	1	0	0	0	1	1	1	1	2	0	0	0	0	0	1	1	1	0	0	1	0	1	1	1	0	1	1	1	2	1	1	0	0	0	0	0	2	1	1	0	1	0	1	1	1	0	1	1	0	0	0	1	0	1	1	0	2	1	2	0	0	0	0	1	0	0	1	0	1	0	0	0	1	0	0	1	0	2	1	0	1	1	0	
1	1	0	0	0	1	0	1	1	1	1	1	0	0	0	0	1	0	1	0	0	0	0	2	1	1	1	0	0	1	0	1	0	1	1	1	0	0	2	0	1	0	0	1	1	1	1	1	1	0	1	0	1	1	2	0	0	0	0	0	0	0	1	0	1	0	0	1	1	0	0	0	1	0	1	1	1	0	0	0	0	0	1	0	1	1	1	0	0	1	1	1	1	1	1	0	1	0	1	1	
2	1	2	1	0	0	0	0	2	1	0	1	1	0	1	1	2	1	1	0	0	1	1	1	0	1	0	0	0	0	0	0	1	0	1	1	1	1	0	0	1	1	0	2	1	0	0	0	0	0	0	1	0	0	2	0	0	1	0	0	1	0	1	0	1	1	1	0	0	1	0	1	0	1	1	0	2	0	1	0	1	0	1	0	1	0	0	0	0	0	0	0	1	1	1	1	1	0	0	0	
1	0	0	0	1	1	1	0	1	1	0	1	0	1	1	1	1	1	1	1	1	1	0	0	1	0	0	0	0	1	0	1	0	0	0	0	2	0	0	1	0	0	1	0	0	0	1	0	1	1	0	1	0	0	0	0	0	1	1	2	0	1	0	1	0	0	1	0	1	2	0	0	1	0	1	0	0	1	1	1	1	0	0	1	0	1	0	0	0	1	0	0	1	1	0	0	1	1	0	0	
0	1	1	0	1	1	1	1	1	0	0	0	1	0	0	0	0	0	1	0	0	0	0	1	1	1	0	0	1	1	1	1	1	1	0	1	1	0	0	1	1	0	0	0	1	0	0	1	0	1	0	2	1	0	0	0	0	0	1	0	1	1	0	1	0	1	0	1	1	0	0	0	1	1	0	0	0	0	0	1	1	0	1	0	1	1	0	1	0	1	1	1	1	0	1	1	0	0	1	0	
1	1	1	1	0	1	1	1	0	1	1	0	1	0	0	1	0	0	1	1	1	0	2	1	0	1	1	1	1	2	1	1	0	1	1	0	2	1	0	0	0	0	1	0	0	0	0	1	1	0	0	1	1	0	0	1	1	0	1	1	0	0	0	1	0	0	0	0	0	1	1	1	1	0	1	1	1	2	0	1	0	0	0	1	0	0	0	0	1	1	0	1	1	0	1	0	0	0	0	0	
0	1	0	0	1	0	1	1	0	1	1	1	1	1	0	1	1	1	0	1	0	0	0	2	1	1	1	0	0	1	0	0	1	0	0	2	1	0	1	1	0	1	1	1	0	0	1	1	1	1	1	0	0	1	0	0	0	0	0	1	0	0	0	1	0	0	1	0	1	1	0	1	1	1	1	1	0	1	1	0	1	0	0	0	1	0	2	0	1	0	2	1	0	0	1	0	0	2	1	0	
0	2	0	0	1	2	1	1	0	1	1	0	0	1	2	1	1	0	0	0	1	0	0	1	1	0	1	0	0	0	1	0	0	1	1	1	2	0	0	1	1	0	0	0	1	1	0	0	1	1	0	1	2	0	0	2	1	2	0	0	1	0	1	1	0	1	0	1	0	0	1	1	1	0	1	0	0	1	0	1	1	1	0	1	1	0	2	1	0	1	0	0	1	1	0	1	0	0	0	0	
1	0	0	0	1	0	1	0	1	0	0	1	0	1	1	1	0	1	1	0	1	1	0	0	0	0	0	1	0	0	0	0	1	2	0	0	1	0	1	1	1	0	0	1	1	1	0	0	1	0	1	0	0	1	2	2	0	0	1	1	0	0	0	0	0	0	1	0	0	1	0	0	0	1	1	0	0	0	0	0	0	1	1	1	1	0	0	0	0	0	1	0	0	1	1	2	1	1	1	0	
1	0	0	1	0	1	0	1	0	1	1	0	1	1	2	0	0	1	1	1	2	1	1	0	0	0	1	0	1	1	1	0	0	1	0	0	1	1	0	0	1	0	0	2	1	1	0	1	1	1	0	0	0	1	1	0	0	0	0	0	1	1	1	1	1	0	1	1	0	0	0	2	0	2	1	0	0	0	0	1	0	0	0	1	1	1	1	1	2	0	1	0	0	1	0	0	0	1	2	0	
2	0	1	0	0	2	1	1	1	1	0	0	1	0	0	0	1	0	0	1	0	1	0	0	2	0	1	1	1	1	0	0	0	0	0	0	1	0	0	0	1	0	0	0	0	0	1	1	1	0	0	1	0	0	1	1	0	1	0	2	0	1	1	2	1	1	0	0	1	1	1	0	1	0	1	0	1	1	0	1	1	0	0	1	0	0	0	1	1	0	0	1	1	0	1	1	0	0	1	0	
1	1	1	1	0	0	0	0	0	1	1	1	0	1	1	1	1	1	0	1	1	1	1	0	0	1	1	1	0	1	1	1	0	1	1	0	1	1	0	1	1	1	0	0	0	1	0	0	1	0	1	1	0	0	1	0	1	0	0	1	0	1	0	0	0	0	2	1	0	1	1	0	0	1	0	1	1	0	0	0	0	2	1	0	0	0	0	0	0	1	1	0	0	0	0	0	1	1	1	1	
1	2	0	1	0	0	1	0	1	1	1	0	0	0	1	1	1	0	1	0	0	0	0	2	1	1	0	1	0	1	1	1	0	0	1	0	0	1	0	1	1	1	0	1	0	1	1	1	0	1	1	1	0	0	1	0	2	0	1	1	1	1	1	0	1	0	0	0	1	1	0	1	1	0	0	0	0	1	1	1	0	0	0	0	0	0	1	0	1	0	0	0	1	1	1	1	1	0	0	0	
1	0	0	0	0	1	1	0	0	0	0	0	0	0	1	0	0	1	0	0	0	1	0	0	0	0	1	0	0	0	1	1	0	0	1	0	0	1	0	0	1	0	1	0	0	0	0	0	1	1	0	1	0	0	1	0	0	0	0	2	1	0	1	0	1	1	1	0	0	1	1	1	1	0	0	0	0	1	0	1	1	1	0	1	0	0	1	2	0	1	0	1	1	0	1	1	0	0	0	1	
1	0	0	0	0	0	1	1	1	0	0	1	1	1	0	1	0	0	1	0	0	1	1	0	0	1	1	1	0	1	1	1	0	0	1	2	0	0	1	1	1	0	1	1	1	1	0	1	0	0	0	0	0	1	1	1	0	1	1	0	1	0	2	0	0	0	1	0	1	0	0	1	0	1	0	1	1	1	0	1	0	1	0	0	1	1	2	0	1	1	2	1	0	1	1	1	1	0	0	0	
1	1	0	1	1	1	1	1	0	1	0	1	0	0	1	1	0	1	1	0	1	1	0	0	0	1	0	0	1	0	1	0	1	0	1	1	1	1	1	0	0	0	1	0	0	0	0	1	0	1	1	0	1	0	1	2	1	1	0	2	1	0	1	1	1	0	0	0	0	1	1	0	1	0	0	0	2	1	2	1	0	1	1	0	1	0	0	1	0	1	0	1	0	0	1	0	1	0	1	1	
1	0	1	1	1	0	0	1	0	0	0	1	1	1	0	0	0	1	0	0	1	1	1	1	0	0	0	0	1	1	1	0	0	1	1	0	0	0	0	1	0	0	0	0	1	0	0	1	0	0	1	0	0	0	0	0	0	0	0	1	0	0	1	1	1	0	1	0	1	1	0	1	1	0	1	1	0	1	0	1	0	1	0	1	1	0	1	0	0	0	0	0	0	1	0	0	0	1	0	1	
0	1	0	0	1	0	0	1	1	0	2	0	1	1	1	1	1	0	0	0	0	0	1	0	1	1	1	0	1	0	0	0	0	0	0	1	0	1	0	1	0	1	0	2	0	0	1	0	1	0	0	2	0	0	0	0	0	0	1	1	0	2	0	0	1	1	0	0	0	1	0	1	0	0	1	0	0	0	1	1	0	0	0	0	0	0	2	1	1	1	1	0	1	1	1	1	1	0	1	1	
0	0	1	1	1	1	0	0	0	0	1	1	0	1	1	0	0	2	0	2	1	1	1	0	0	0	2	0	0	0	1	1	0	0	1	1	1	1	0	0	0	1	1	1	0	1	1	1	0	1	1	1	0	0	1	1	0	0	0	1	1	0	1	0	0	1	0	0	1	1	1	0	1	1	0	2	1	0	0	1	0	1	1	1	1	1	1	0	0	1	1	1	0	0	0	0	0	1	1	1	
0	0	1	0	0	0	0	1	0	0	1	1	1	0	2	1	1	0	1	0	0	0	0	0	0	0	2	0	1	0	0	0	1	1	1	1	0	0	1	0	0	0	0	1	0	1	0	1	0	1	2	1	1	0	0	1	0	0	0	1	0	0	1	0	1	0	1	2	0	0	1	1	1	1	1	0	0	0	0	0	1	1	1	1	2	1	0	1	1	1	1	1	0	1	0	0	1	1	1	1	
0	1	1	0	1	2	0	1	0	1	1	1	1	1	1	0	0	1	1	1	0	0	0	1	1	0	1	1	1	1	0	0	0	0	0	1	1	1	0	1	0	2	0	0	0	1	1	0	0	0	0	0	1	1	0	0	0	2	0	1	1	1	0	0	0	1	0	0	0	1	0	1	0	1	0	1	0	1	1	0	0	1	1	0	0	1	1	1	1	0	0	0	0	0	1	1	0	1	0	1	
2	1	0	0	1	1	0	1	1	0	0	1	0	1	2	1	1	0	0	1	0	0	0	0	2	1	0	0	1	1	1	1	1	1	0	0	1	0	0	0	0	0	1	0	0	1	0	0	0	1	1	1	0	0	1	0	0	0	0	0	1	1	0	0	1	1	1	0	1	0	1	0	1	1	0	1	2	1	0	0	0	1	0	1	0	1	0	1	1	0	1	0	1	1	1	1	1	1	1	0	
0	0	0	0	0	1	1	1	0	0	0	0	1	2	0	1	1	0	0	0	1	0	0	1	0	1	0	1	0	2	0	1	0	1	0	0	0	0	1	1	1	1	0	0	0	1	0	2	0	1	0	1	1	1	0	1	1	0	0	0	1	0	0	2	0	0	1	0	0	1	0	0	1	1	2	0	1	1	1	1	0	0	1	1	1	0	1	0	0	0	1	1	0	1	2	0	0	0	0	2	
0	0	0	0	0	1	0	0	0	1	1	1	0	1	1	1	1	0	1	0	0	0	1	0	0	1	0	0	0	1	0	0	1	2	1	0	1	1	0	0	2	1	0	2	1	1	0	0	0	1	0	1	1	0	1	1	1	0	1	1	0	1	1	0	1	0	0	0	1	0	0	1	1	1	1	1	1	1	0	0	0	1	1	2	1	0	0	0	0	0	0	0	1	1	0	0	1	1	0	0	
0	0	1	1	0	0	1	0	0	0	2	1	2	0	1	0	0	0	1	1	1	1	1	1	1	1	0	1	0	0	0	0	0	1	0	1	0	1	2	1	0	0	1	1	1	1	0	1	1	0	0	0	0	0	1	1	0	0	0	1	2	1	0	0	1	0	0	1	1	0	0	1	1	0	0	1	0	1	0	0	0	0	1	1	0	1	1	1	0	0	1	0	0	1	2	0	0	0	1	0	
1	0	1	1	0	0	0	0	0	2	1	1	1	0	1	1	1	0	0	0	0	0	1	1	0	1	0	1	2	1	0	0	2	1	0	0	1	1	0	0	0	0	0	2	0	1	2	0	2	0	1	0	1	1	0	0	0	1	2	0	0	0	0	1	1	1	0	1	0	0	1	1	0	0	1	0	1	1	0	0	0	1	0	0	0	1	1	0	1	1	0	1	2	1	1	1	0	1	1	0	
0	0	1	2	1	1	0	1	1	1	1	0	1	0	0	2	0	1	1	0	1	1	0	1	1	1	0	1	0	1	1	0	0	1	0	0	1	1	1	1	1	0	0	0	1	0	1	0	1	0	0	0	0	0	1	0	1	0	1	0	1	1	1	1	1	0	1	2	0	1	1	0	0	0	0	0	1	0	1	0	1	1	1	0	1	0	1	0	1	1	1	2	0	0	0	0	0	1	1	0	
0	0	0	0	1	1	0	0	0	2	0	2	1	0	0	0	1	1	0	1	1	1	0	2	1	1	1	0	1	0	1	0	1	0	1	1	2	0	1	0	2	0	1	1	1	1	0	0	0	1	1	1	0	0	1	1	1	0	1	0	0	0	0	0	0	0	1	0	0	1	1	2	0	1	0	1	0	0	1	0	1	1	0	1	0	2	1	0	2	0	0	1	0	0	0	1	1	1	1	1	
2	1	0	1	1	1	1	1	0	0	2	1	0	0	1	1	1	1	1	1	1	0	1	1	0	0	0	0	0	1	2	0	0	1	1	1	1	0	1	1	1	0	0	1	0	0	0	1	0	0	0	0	0	1	1	1	0	0	0	0	1	1	2	0	0	1	2	1	0	1	1	0	0	1	1	1	1	0	2	0	1	0	1	0	0	0	0	0	0	1	0	0	1	0	1	1	0	1	0	1	
0	1	1	1	0	0	1	0	0	1	0	1	1	1	1	1	0	1	0	1	1	0	0	0	0	0	1	0	0	0	1	1	0	2	0	1	0	1	0	0	1	0	1	0	1	0	1	1	0	0	0	0	1	1	1	0	1	1	0	1	0	1	1	0	0	0	2	0	1	0	0	1	1	1	0	1	0	1	0	1	1	1	1	0	1	1	1	0	0	0	1	0	0	1	0	0	0	0	1	0	
0	1	0	0	2	2	1	0	0	2	1	0	0	0	1	2	1	0	1	1	0	1	1	0	1	0	0	1	1	1	1	1	1	1	1	1	0	2	1	0	0	0	1	1	0	0	1	1	0	0	2	0	0	0	1	0	0	0	0	0	1	0	1	2	1	2	1	1	0	1	1	1	0	0	1	0	0	1	1	0	1	0	0	1	1	0	1	0	1	0	1	0	0	0	1	1	1	1	0	0	
1	1	0	0	0	1	0	0	0	0	1	0	1	2	1	2	0	1	1	0	0	0	0	0	0	1	0	1	2	0	1	2	1	1	0	0	0	0	1	0	0	1	0	1	1	1	0	1	0	1	0	0	0	1	1	0	1	1	0	2	1	1	0	0	1	1	1	1	1	0	2	1	0	1	1	0	0	0	0	1	0	1	0	0	0	0	1	0	0	0	0	1	1	0	1	1	0	0	1	0	
1	1	0	0	0	1	0	0	0	1	1	1	0	0	0	0	1	0	0	1	0	0	1	0	1	0	1	1	0	0	0	1	1	0	1	0	0	1	1	0	0	1	1	1	0	1	0	0	0	1	0	0	1	0	0	1	1	0	0	1	0	2	0	1	1	1	0	0	1	0	1	0	0	0	1	1	0	0	0	0	0	0	0	0	0	1	1	1	0	1	2	1	1	0	1	1	1	1	0	1	
0	1	0	1	1	0	0	1	1	0	0	0	1	0	1	0	1	1	1	0	1	1	1	1	0	1	1	1	1	1	0	1	0	1	1	1	0	1	0	0	0	1	0	0	1	0	0	0	0	1	1	0	1	1	0	0	1	1	1	0	1	1	1	1	0	0	1	0	1	0	0	1	0	1	1	1	0	1	0	0	0	0	0	0	0	0	1	0	1	0	1	1	0	0	1	0	2	1	0	0	
0	1	1	0	1	0	1	1	2	1	0	1	0	1	0	1	1	0	0	0	0	1	0	1	1	1	1	1	1	0	0	1	1	2	0	1	1	2	0	1	0	0	1	0	0	0	0	1	0	0	1	0	0	0	2	1	0	1	1	0	2	0	1	1	1	0	1	0	0	1	1	1	1	0	1	0	1	0	1	0	1	0	0	0	1	0	0	0	1	0	0	1	2	0	1	0	0	0	1	2	
1	0	1	0	0	0	0	1	1	1	0	0	1	1	1	0	1	0	0	0	1	1	1	1	0	0	1	1	1	0	0	0	0	0	0	0	0	1	1	1	0	1	0	0	1	2	0	1	0	1	1	1	1	1	1	1	2	1	0	1	1	0	1	0	0	1	0	0	0	1	0	0	0	1	1	1	1	0	0	2	2	0	1	1	0	1	1	0	0	1	0	0	1	0	0	1	1	1	1	0	
0	1	0	0	0	1	1	1	0	0	0	0	1	0	1	0	0	1	1	0	0	1	1	0	2	1	0	1	0	1	1	0	1	0	0	0	1	0	0	0	1	0	0	0	0	0	0	1	0	1	0	1	0	2	1	1	2	0	0	1	1	0	1	0	1	0	1	1	0	1	2	0	2	0	0	1	0	1	0	1	0	1	0	0	0	1	0	1	1	1	1	0	0	0	1	0	1	1	1	0	
1	1	0	0	0	0	0	2	1	1	0	1	0	0	0	2	0	1	1	1	0	0	0	1	0	1	0	0	1	1	0	1	0	0	2	0	1	0	0	1	1	0	0	0	0	0	1	0	1	1	1	1	1	0	0	0	0	1	1	0	0	0	1	2	0	1	0	1	1	0	0	1	0	1	1	0	1	0	1	1	0	0	1	0	1	1	0	0	0	0	1	0	0	0	1	1	0	0	1	0	
1	0	0	0	0	1	1	0	0	0	1	1	1	1	0	0	1	2	1	0	1	1	1	0	0	0	1	0	0	0	1	2	0	0	0	2	0	1	0	0	1	0	0	1	1	1	1	1	1	1	0	0	0	2	1	1	2	1	0	1	0	0	1	0	1	0	0	1	0	1	0	0	1	0	0	1	0	2	1	0	1	1	0	0	0	0	0	0	1	0	1	0	1	0	1	1	0	2	0	1	
0	0	0	1	1	0	0	0	0	2	1	1	0	1	0	0	1	2	0	0	0	0	0	0	0	0	1	1	0	1	1	0	0	1	1	1	1	1	1	1	0	1	0	0	0	1	0	0	0	0	1	0	2	1	0	2	0	1	0	1	0	1	0	0	0	1	2	0	1	0	1	0	0	1	0	1	1	0	0	0	1	0	1	0	1	0	0	0	1	0	0	0	0	0	0	1	1	0	0	0	
1	0	0	1	0	1	0	1	0	0	0	0	1	1	0	1	2	1	0	1	1	1	0	0	1	1	1	0	0	1	0	1	0	1	1	0	1	1	0	1	1	0	1	0	0	1	0	0	1	0	1	1	0	1	0	1	2	1	0	1	0	0	0	1	0	0	0	1	1	1	1	0	1	2	1	0	1	1	2	0	0	1	1	0	0	0	1	0	0	0	1	0	0	1	1	1	2	1	1	1	
0	0	0	0	0	0	1	0	1	0	0	0	1	2	1	1	1	1	0	1	0	0	1	0	0	1	1	1	1	1	1	0	1	0	0	1	1	0	1	1	0	1	2	1	0	0	0	1	0	1	0	1	1	0	1	1	1	2	1	1	2	0	0	0	0	0	1	0	0	1	0	1	0	0	1	1	0	0	1	1	0	1	1	1	1	1	0	0	0	1	0	1	1	1	0	0	1	1	1	0	
0	0	0	0	1	0	0	1	1	0	0	0	1	0	0	0	1	0	1	1	1	0	0	0	0	0	1	1	1	1	1	0	0	1	0	1	0	1	1	1	1	1	0	1	0	2	0	1	1	0	0	2	1	1	1	0	1	1	1	0	1	0	0	1	1	1	1	0	1	0	0	0	1	2	1	1	0	0	0	0	0	0	0	1	0	1	1	1	0	1	1	1	1	1	1	2	0	1	1	1	
1	1	0	1	0	0	0	0	0	1	2	1	0	1	1	0	0	0	2	0	0	1	1	1	0	1	0	0	0	0	0	0	1	1	0	1	1	1	1	1	0	1	1	1	0	0	0	0	1	0	1	1	0	0	0	1	0	0	1	1	0	2	0	1	0	1	0	1	0	0	1	1	1	1	1	1	0	0	1	0	1	1	0	0	1	0	1	0	2	1	0	0	0	1	1	0	0	1	0	1	
0	0	0	1	1	1	1	1	1	0	1	0	0	1	0	1	1	0	1	0	1	1	0	1	0	1	0	0	1	1	1	0	0	1	1	1	0	0	0	0	0	0	0	1	1	0	2	0	0	0	1	1	1	1	1	0	1	0	0	1	1	0	1	0	0	1	1	1	0	1	1	0	0	0	1	0	1	0	1	1	1	0	1	1	1	0	1	1	0	0	1	1	0	2	2	1	1	0	1	1	
1	1	0	0	1	1	1	0	0	1	0	1	0	1	0	1	0	0	0	0	0	0	0	1	0	0	1	1	0	0	0	0	1	0	0	0	0	0	0	1	0	1	0	0	0	0	1	1	1	1	0	0	0	1	0	1	1	0	1	0	1	0	1	0	1	1	1	0	1	0	1	1	0	0	0	0	2	0	0	1	0	0	0	2	0	1	1	0	0	1	1	1	0	2	1	0	0	1	1	1	
1	0	1	1	1	1	1	1	1	1	1	0	1	1	0	0	0	0	0	0	0	1	0	1	1	0	0	0	0	0	1	1	0	0	0	1	1	1	1	1	0	0	0	1	0	1	2	0	1	1	0	0	0	1	0	0	1	1	0	0	1	0	0	1	1	0	2	0	2	0	1	0	1	1	0	0	0	1	1	0	1	1	0	1	0	0	1	1	0	0	0	0	0	1	1	0	1	1	2	0	
1	0	1	0	0	1	0	1	2	0	0	1	0	0	1	0	1	0	1	1	1	2	1	1	0	0	1	1	1	0	0	1	1	0	1	0	1	1	0	1	1	1	0	0	1	1	1	0	0	0	0	2	1	1	0	1	0	1	0	0	1	1	1	0	1	1	0	1	1	0	2	0	1	0	0	1	1	0	1	1	0	0	0	0	1	1	0	0	1	1	1	0	1	1	0	1	1	1	1	0	
1	1	1	0	1	1	1	1	2	1	1	1	1	1	0	0	1	1	0	1	0	0	0	0	1	0	0	2	0	0	1	1	1	0	1	0	0	1	0	1	0	1	1	1	1	0	0	0	0	0	0	0	0	1	1	0	1	2	2	0	0	1	1	1	1	0	1	0	0	0	0	1	1	1	0	1	0	0	1	0	1	1	0	1	1	1	1	1	1	0	0	0	1	1	0	1	0	1	0	0	
0	1	0	0	1	0	1	1	1	1	0	1	0	1	0	0	1	0	1	1	0	2	0	1	0	1	0	1	1	0	1	1	0	1	1	0	1	1	0	1	1	0	0	0	1	1	0	0	0	2	0	1	0	0	1	0	1	1	0	0	0	0	1	0	1	0	0	0	0	1	1	1	0	1	0	0	0	0	1	1	1	0	2	1	1	0	0	1	1	1	1	0	0	1	1	1	1	1	1	1	
1	0	1	0	1	1	1	0	1	1	0	1	0	1	0	0	0	0	1	1	0	0	0	1	0	1	2	0	0	0	0	1	1	2	2	1	1	1	2	0	0	0	1	0	1	0	0	0	0	1	1	1	0	0	0	1	1	1	1	0	0	0	1	0	1	0	1	1	1	0	1	0	1	1	0	0	0	0	1	0	0	0	1	1	0	1	0	0	1	0	1	1	1	0	0	0	0	0	0	0	
0	0	1	1	1	1	1	0	0	2	0	2	0	1	1	0	0	1	0	0	0	1	1	1	1	1	0	0	1	0	2	0	0	1	1	1	0	1	1	1	0	1	0	1	2	1	0	1	0	2	0	0	0	0	0	1	0	1	0	1	0	0	0	0	0	0	1	0	0	1	0	0	0	0	0	1	0	0	1	0	0	1	0	0	1	0	0	1	1	0	0	1	0	0	2	0	2	0	1	0	
0	0	0	1	1	0	1	0	0	0	1	1	0	0	1	1	1	0	0	1	1	1	0	0	0	1	1	0	1	1	1	0	0	1	0	2	1	0	1	0	1	0	0	0	0	1	1	0	0	1	0	1	0	1	1	0	0	1	1	0	1	0	0	1	0	1	1	2	0	1	2	0	0	1	0	2	0	1	0	0	0	1	1	0	1	0	0	0	0	0	1	1	0	0	0	0	1	0	2	1	
1	1	0	2	0	0	0	1	0	0	1	0	0	1	1	0	0	1	1	0	1	0	1	1	1	0	1	1	1	0	1	0	1	1	1	0	1	1	1	0	1	0	0	1	1	1	1	1	0	1	0	0	0	0	1	1	0	0	1	2	1	1	1	0	1	0	0	0	1	0	0	0	1	1	1	1	0	0	0	1	1	1	0	0	0	1	1	1	1	1	0	1	0	0	1	1	1	0	1	1	
0	1	0	0	1	2	1	0	0	1	0	1	1	0	2	1	0	0	0	0	1	1	1	1	0	0	0	0	0	0	0	0	1	1	1	0	1	1	1	0	1	0	0	1	0	1	1	1	0	1	0	1	0	1	0	2	0	0	2	0	0	1	0	0	0	1	0	0	0	0	2	0	0	0	0	1	0	1	1	1	1	0	1	1	1	1	1	0	1	0	0	0	0	0	1	1	0	0	0	1	
1	1	0	0	0	0	1	0	1	1	0	1	1	1	1	1	0	1	0	0	1	1	1	0	0	0	1	0	0	1	1	0	0	0	1	0	0	0	0	1	0	0	2	1	2	1	2	1	0	1	1	0	1	0	0	1	0	1	0	0	0	0	0	1	0	1	1	1	0	0	1	1	1	1	1	2	1	0	1	0	1	1	0	1	1	1	1	2	0	1	0	1	0	0	0	0	1	1	2	0	
1	0	1	0	1	2	0	0	1	1	1	0	0	1	0	0	0	1	1	0	0	0	0	0	1	1	1	0	0	0	1	0	1	2	1	0	2	1	0	1	1	1	1	0	0	1	0	1	0	1	1	0	0	0	1	2	0	0	0	0	0	0	1	1	0	1	1	0	0	1	0	1	2	0	1	1	0	1	0	1	2	0	2	1	1	1	1	1	0	0	0	0	0	0	1	2	1	1	1	1	
0	1	0	0	1	1	0	1	1	0	0	0	1	0	1	1	0	0	0	0	1	0	1	0	1	1	0	0	1	0	0	0	1	1	1	1	1	0	1	1	1	1	1	1	1	0	0	1	0	1	0	0	0	1	0	0	0	0	0	1	0	0	1	1	0	0	1	0	0	0	1	0	1	1	0	0	0	2	1	1	0	0	0	1	1	1	2	1	0	1	1	0	0	1	0	0	1	1	1	1	
0	0	1	0	0	2	1	1	0	1	0	0	0	0	1	1	0	0	0	1	0	1	1	1	0	1	1	1	0	0	1	1	1	1	0	2	0	0	0	0	0	0	0	1	1	0	1	1	0	0	0	0	0	1	0	0	0	0	0	1	0	1	0	1	1	1	0	1	0	1	0	1	1	1	0	1	0	2	1	0	1	2	2	1	0	0	1	0	1	0	0	0	0	2	0	1	0	0	0	0	
1	1	1	0	0	1	0	0	0	0	1	1	1	1	0	0	1	1	0	1	0	0	0	1	0	1	1	0	0	1	1	1	0	1	1	1	0	0	0	0	1	0	1	1	1	1	0	0	0	1	1	1	1	1	1	1	0	1	1	1	0	1	1	0	1	0	0	1	0	1	1	1	0	0	0	0	0	0	1	0	1	1	1	0	1	0	2	1	1	0	0	0	0	1	0	1	1	0	1	1	
0	1	1	2	0	0	1	0	1	0	1	1	0	0	0	0	0	0	0	2	2	1	0	1	1	1	0	1	0	1	0	0	0	2	1	0	0	0	1	0	1	0	1	0	1	1	0	1	1	1	0	0	1	0	0	1	1	0	1	1	0	0	1	2	0	1	0	0	0	1	1	0	0	1	1	1	0	0	1	1	0	0	1	0	0	1	0	0	0	0	0	0	0	0	0	1	0	1	1	0	
2	1	0	1	1	0	1	0	0	0	0	0	1	1	0	0	0	0	0	1	1	1	0	0	2	2	0	1	0	0	0	0	1	1	0	1	0	0	0	0	0	0	1	1	0	1	0	0	1	0	1	1	1	1	1	0	0	1	1	1	1	2	1	0	1	0	0	1	0	1	0	1	0	1	0	0	0	1	1	0	1	2	0	1	1	0	1	0	0	0	0	1	0	1	0	0	1	0	1	0	
0	0	0	1	1	0	0	0	1	0	0	1	0	1	1	1	0	1	1	0	0	1	0	0	0	1	0	1	0	1	1	0	0	0	0	0	1	2	1	1	0	0	1	0	0	0	1	1	0	0	1	1	0	1	0	0	0	0	0	1	1	0	1	1	1	2	1	0	1	1	1	1	0	1	1	1	0	1	0	1	1	2	0	2	1	0	0	1	0	1	0	1	1	0	1	0	1	1	0	0	
0	1	1	1	2	0	0	1	1	0	0	1	0	0	0	1	1	1	0	1	1	0	1	1	1	0	1	0	0	0	0	1	0	1	1	0	2	0	0	0	0	0	1	0	1	0	1	1	1	1	0	0	1	0	1	1	1	0	0	1	1	1	0	2	0	1	1	0	0	1	1	0	0	1	1	1	0	1	1	0	0	0	1	0	1	1	0	0	1	1	1	0	0	0	0	2	1	1	0	1	
1	0	0	1	0	0	0	1	1	1	1	0	0	1	0	1	0	0	0	0	1	1	1	1	0	1	0	1	1	1	2	0	0	0	0	0	1	0	0	0	0	1	0	1	0	1	0	0	1	1	0	0	1	0	0	0	2	0	0	1	2	0	0	0	0	1	1	0	1	1	1	1	0	2	0	1	0	0	1	1	0	1	0	0	1	0	0	1	1	0	0	0	0	0	1	0	1	1	1	0	
1	0	0	1	1	1	1	1	1	0	0	0	0	0	1	0	1	1	0	0	1	1	0	1	1	1	0	1	0	0	1	1	1	1	1	0	1	1	1	1	1	1	1	0	1	0	1	1	0	0	0	0	0	0	0	0	0	0	0	1	0	2	0	1	0	0	0	0	1	1	1	1	2	0	0	1	0	1	0	0	1	1	1	1	0	2	0	1	0	0	0	1	0	0	0	0	1	1	0	1	
0	1	1	0	0	1	1	2	0	1	1	0	2	1	1	1	1	0	1	2	0	1	0	0	0	1	2	1	2	0	1	0	0	1	0	1	0	0	0	0	0	0	0	0	0	0	1	1	1	1	0	0	1	0	0	1	0	1	0	1	0	1	2	0	1	0	0	0	0	0	1	0	0	0	1	0	0	0	0	1	1	1	0	1	1	0	0	2	1	0	0	0	1	1	1	0	1	0	0	1	
0	0	0	0	1	1	1	2	1	0	0	1	0	0	1	0	1	0	1	1	0	1	0	1	1	1	0	1	1	2	2	1	0	1	0	2	1	0	1	1	1	1	1	0	0	1	1	0	1	0	0	1	2	1	0	0	1	1	0	1	1	0	0	1	0	0	0	1	1	1	1	0	1	0	1	1	0	1	0	0	1	0	0	1	0	1	0	0	1	1	1	0	0	0	1	0	0	1	1	0	
0	0	1	1	1	1	1	1	0	2	0	1	1	0	1	0	0	0	1	1	1	0	0	1	1	1	2	0	1	0	0	0	1	0	1	0	0	1	1	1	1	0	0	0	0	0	0	1	0	1	1	1	1	0	1	1	0	0	0	1	1	0	0	0	1	0	0	0	1	0	0	1	0	1	1	2	1	0	1	1	0	0	1	1	1	1	0	0	1	0	1	0	0	1	1	0	1	1	0	2	
1	1	2	1	1	0	0	0	1	1	1	0	0	0	1	2	0	1	0	0	1	0	1	1	1	1	1	1	0	1	1	0	0	0	1	1	1	1	0	1	1	1	0	0	1	0	1	0	1	1	1	1	0	1	1	1	1	0	0	2	0	0	0	1	0	1	1	0	0	0	1	1	1	2	1	0	0	0	0	1	0	0	0	1	1	1	1	1	0	0	0	1	1	0	2	0	1	1	0	0	
0	0	0	0	0	1	0	0	2	0	0	2	1	1	1	0	0	0	1	1	1	0	1	1	1	1	1	1	1	0	1	0	0	1	1	0	1	0	0	1	0	0	0	1	1	0	1	0	1	0	0	1	0	1	0	1	0	1	2	1	0	1	0	0	1	0	0	0	0	1	1	0	1	0	0	1	0	1	0	1	0	1	2	1	0	0	1	1	2	1	1	0	0	0	0	0	1	1	0	0	
0	0	0	1	0	0	0	0	0	0	0	1	0	1	1	0	1	1	1	1	0	1	1	0	0	1	0	1	0	0	0	0	1	0	0	0	1	1	1	1	0	0	0	1	0	0	1	1	1	1	0	0	0	0	1	0	1	0	0	0	1	2	1	0	1	0	1	0	1	1	1	0	1	0	1	0	1	0	1	0	1	0	1	0	0	1	0	1	0	0	1	0	1	0	1	2	1	1	0	0	
1	1	0	0	1	0	0	0	0	1	1	0	0	1	0	0	1	1	0	1	1	1	0	0	0	1	1	0	0	1	1	1	1	0	1	0	0	1	0	0	1	0	0	0	1	0	1	0	0	1	1	0	1	0	0	1	0	0	0	1	0	0	0	1	0	0	1	0	0	1	1	1	1	1	1	1	0	1	1	1	0	0	1	0	0	1	0	0	0	1	1	1	1	1	0	0	1	0	0	0	
1	1	0	0	1	0	0	1	2	2	0	2	1	1	2	0	1	1	0	0	0	1	0	0	1	0	1	1	0	0	0	0	0	1	1	0	0	0	0	1	1	1	0	0	1	1	0	1	0	1	1	0	1	1	0	1	1	2	1	0	1	0	1	1	1	0	0	1	0	0	0	1	1	1	0	0	1	1	1	0	1	0	0	0	1	0	1	0	1	1	0	0	1	1	0	1	1	0	1	1	
1	1	0	0	2	1	0	0	1	0	1	0	1	0	0	1	1	0	1	0	2	0	1	0	0	0	1	1	1	1	0	1	1	1	0	1	1	0	1	0	1	1	1	0	0	0	0	1	0	0	2	0	0	0	2	0	1	0	1	1	1	1	0	1	0	0	0	1	0	0	0	2	1	0	0	0	0	0	0	1	1	0	0	0	0	0	0	0	1	1	1	1	0	1	1	0	0	0	1	1	
0	0	2	0	1	2	1	1	0	0	0	1	1	1	0	0	1	0	0	1	0	1	1	1	1	0	0	1	0	1	1	0	0	0	2	0	1	0	0	0	0	0	0	0	0	1	1	1	0	0	1	1	0	0	1	0	0	0	0	0	1	0	2	1	1	0	1	0	1	0	1	0	0	0	0	1	1	0	1	2	1	0	0	1	1	0	1	0	0	1	0	1	0	1	1	0	0	1	0	2	
0	0	1	1	0	0	0	1	0	1	0	1	0	1	0	1	1	1	0	0	0	0	1	0	0	0	0	2	0	1	2	1	0	0	1	2	0	0	0	1	1	0	1	0	1	0	1	0	2	1	1	1	1	1	1	1	0	1	0	1	0	1	0	1	0	1	1	0	0	1	0	0	0	0	0	1	1	1	0	1	1	0	0	1	0	1	0	0	0	1	0	1	0	0	0	1	0	0	0	0	
1	1	1	0	1	1	1	1	1	0	1	0	0	2	1	1	0	0	0	0	1	0	0	0	1	1	0	0	0	0	0	1	0	1	1	1	0	0	0	0	1	1	1	1	2	1	2	1	0	0	1	1	1	1	0	1	2	0	0	1	0	1	1	1	2	1	1	1	0	0	1	1	1	1	1	1	1	1	0	0	0	1	1	2	0	0	1	0	1	1	1	1	1	0	1	1	1	0	1	1	
0	1	0	0	0	1	1	1	0	0	0	0	1	0	1	1	1	1	1	0	1	0	0	0	1	0	0	1	1	0	0	0	1	1	0	0	1	0	0	0	1	1	0	0	1	1	1	0	0	1	1	1	1	1	0	1	0	2	0	0	0	1	1	1	1	1	1	1	1	0	1	0	0	0	0	1	1	0	1	0	1	1	0	1	1	1	0	0	0	0	0	0	1	0	0	1	1	0	0	0	
0	0	0	1	1	1	1	1	1	1	1	1	0	0	0	1	0	1	1	1	0	1	0	0	0	0	0	1	0	0	0	0	0	0	0	1	1	1	0	1	1	0	0	1	0	1	0	0	1	1	1	1	0	1	1	1	1	1	1	1	0	0	1	0	0	0	1	0	0	0	2	1	1	1	0	1	1	1	0	1	2	0	0	1	1	1	1	1	0	0	1	0	1	1	0	0	0	0	2	1	
0	1	0	0	0	1	0	0	1	1	0	1	0	0	0	0	1	1	1	0	1	1	0	0	0	1	0	0	1	0	1	0	1	0	1	0	0	1	0	2	1	0	1	0	1	0	1	0	0	1	1	0	1	1	1	0	0	0	0	1	1	1	1	1	2	0	1	1	0	1	1	0	1	0	0	1	1	0	1	0	1	0	1	1	1	0	1	0	1	1	1	2	0	1	1	1	0	0	0	1	
1	2	1	0	0	0	1	0	2	0	1	0	0	0	0	1	1	0	1	1	1	0	0	0	2	0	0	1	2	1	0	1	1	0	1	1	1	1	0	1	0	0	1	1	1	1	1	1	0	0	1	0	1	0	0	1	0	0	0	1	0	1	0	0	1	1	1	0	1	0	1	0	0	1	0	0	0	1	1	2	1	0	1	0	2	1	1	1	0	1	0	0	1	0	0	0	0	1	0	1	
0	1	1	0	0	1	0	0	0	1	0	0	1	0	0	0	1	1	0	0	0	1	1	1	1	1	0	1	0	0	0	1	1	1	1	2	1	1	1	1	1	1	0	0	0	1	0	1	0	0	1	1	1	0	0	0	0	1	1	1	1	1	1	1	1	1	0	0	1	2	0	1	0	0	0	1	1	0	0	1	0	0	1	0	0	0	0	1	0	0	0	2	0	0	1	0	1	0	0	1	
0	0	1	0	1	1	1	1	1	0	0	0	0	0	1	0	0	1	0	0	0	0	1	0	0	2	0	1	0	1	0	0	0	0	1	0	1	0	0	0	1	1	0	0	0	1	0	0	0	1	0	1	0	0	0	1	1	0	0	0	0	1	0	0	0	0	0	0	0	0	0	1	0	1	0	0	0	0	0	1	1	0	1	1	0	0	1	0	0	1	0	1	0	1	0	0	0	1	0	0	
0	0	0	0	1	1	0	1	1	0	0	1	1	0	1	0	1	1	0	1	1	0	1	0	1	0	1	1	0	0	0	0	1	1	1	1	2	0	1	1	0	1	0	1	1	2	0	0	1	1	0	1	1	0	2	1	0	2	1	1	0	1	1	1	1	1	1	2	1	1	0	1	0	1	1	1	1	0	0	1	1	0	0	0	0	0	0	1	1	1	1	1	1	1	0	0	1	0	0	0	
1	1	0	1	0	0	1	1	1	1	1	0	1	0	1	2	0	0	1	1	1	1	0	0	0	0	1	1	0	0	0	1	0	0	0	0	1	1	1	0	2	1	0	1	1	0	0	0	1	0	0	1	1	0	0	1	1	1	0	1	1	0	0	0	1	1	1	1	1	0	2	0	1	2	0	0	0	2	0	1	1	0	0	2	1	0	0	1	0	0	0	0	1	1	0	1	1	0	1	0	
0	0	1	1	0	1	1	1	0	1	1	0	0	1	1	0	0	0	2	0	1	0	0	1	0	0	1	0	0	0	0	0	1	1	2	0	1	1	1	0	1	0	0	0	1	0	1	1	1	0	1	0	0	1	0	1	0	0	0	1	1	1	1	0	0	0	0	2	1	0	2	1	1	0	1	1	1	0	0	1	0	1	0	0	1	1	1	1	1	0	0	1	1	1	0	1	0	1	1	1	
0	1	1	0	1	1	0	1	0	0	1	1	1	0	1	1	0	2	0	0	0	1	1	0	1	0	0	1	1	0	1	0	1	2	0	1	1	0	1	0	0	0	1	0	1	0	1	0	0	1	0	1	0	0	0	0	0	0	1	0	2	0	1	1	0	0	1	0	0	1	1	1	0	1	0	1	1	0	0	1	1	1	0	0	1	0	0	1	2	1	1	1	0	0	1	0	1	0	0	0	
0	1	0	0	2	1	0	0	0	0	1	1	1	1	0	1	0	1	1	0	1	0	1	0	1	0	1	1	0	0	0	1	0	1	0	0	1	0	1	0	0	0	1	1	0	2	0	1	1	1	0	1	0	0	0	0	1	0	2	1	0	1	0	0	1	0	0	1	0	1	1	0	0	0	1	1	1	0	1	1	1	1	0	1	0	1	1	1	1	0	0	0	0	0	0	2	1	1	0	0	
0	1	0	0	1	0	1	0	1	1	2	0	0	0	1	0	1	0	1	1	1	1	0	0	1	0	0	0	0	0	1	0	0	0	2	0	1	0	0	1	0	0	0	0	1	0	0	0	1	1	1	1	0	1	0	0	0	1	1	0	1	0	0	0	1	0	0	1	1	0	0	0	0	1	1	0	1	0	0	0	2	1	1	0	1	0	2	1	1	1	0	1	1	0	0	0	0	1	2	0	
0	1	1	1	0	1	0	1	1	2	0	1	0	1	0	2	0	1	2	1	0	1	0	0	1	1	1	1	0	0	2	0	0	0	1	0	0	1	0	2	1	0	0	0	0	0	0	1	0	0	0	0	1	0	0	1	0	2	1	0	1	0	0	0	0	1	1	1	0	1	0	0	2	1	0	0	0	2	1	2	1	0	1	1	0	1	0	0	2	0	0	1	1	0	0	0	0	0	1	0	
0	1	1	0	1	1	0	0	0	0	0	1	0	0	0	0	1	1	0	0	0	1	1	1	2	1	1	0	0	1	1	0	1	1	1	1	0	0	1	0	0	0	0	1	1	0	2	0	1	2	0	0	0	0	1	0	2	0	0	0	0	1	1	1	1	1	0	0	1	1	0	1	0	1	0	0	0	0	2	0	0	1	1	1	2	0	0	1	1	0	1	1	0	1	0	0	1	0	0	1	
1	2	2	0	0	0	1	0	1	0	1	1	0	1	1	1	0	1	0	1	0	1	2	0	0	1	1	0	0	1	0	0	1	1	1	0	0	1	0	1	0	0	0	1	0	2	1	0	0	2	1	0	1	1	0	1	1	1	1	2	0	1	0	0	1	1	1	0	0	1	1	1	0	0	1	0	0	0	1	0	1	0	1	1	0	1	0	0	0	0	0	0	1	2	1	0	0	1	0	1	
0	0	0	0	0	0	1	0	0	0	0	0	1	0	0	0	1	1	1	0	1	1	0	1	1	1	0	0	0	1	1	0	0	0	1	1	1	1	1	0	1	1	0	0	0	1	0	0	0	1	1	1	0	1	1	1	0	0	0	0	0	0	0	1	1	0	0	1	0	0	0	0	1	1	1	0	1	0	1	0	1	0	0	0	1	0	1	0	0	0	0	0	1	0	0	0	0	1	0	0	
0	0	0	0	1	1	0	0	0	1	1	0	0	1	0	1	0	0	1	1	1	0	1	1	0	0	0	1	0	1	1	0	0	1	0	1	0	1	1	0	0	0	0	0	1	0	0	2	1	1	0	0	2	0	0	0	0	1	1	0	1	1	1	1	1	0	0	0	1	1	1	1	1	0	1	2	1	1	2	0	1	1	0	0	1	1	1	0	1	2	0	1	0	0	1	0	0	0	0	1	
1	1	0	2	1	1	1	1	0	0	1	0	1	0	1	0	0	0	1	0	0	0	0	1	0	1	0	0	0	1	1	1	0	1	0	1	0	1	1	1	1	0	1	1	0	0	0	1	1	0	1	0	0	1	0	1	2	1	0	1	1	1	0	0	1	1	0	0	0	1	1	0	0	1	1	1	0	0	0	1	1	0	1	1	0	1	1	1	1	1	1	0	1	0	1	0	1	0	0	1	
0	1	0	1	0	0	0	1	1	1	0	1	1	0	0	1	1	0	1	0	0	0	1	1	2	0	1	1	0	1	1	0	0	1	0	0	1	0	0	1	0	1	1	0	1	1	2	1	1	0	0	0	1	0	0	0	0	0	0	0	0	1	1	1	2	0	0	0	1	0	1	1	0	1	1	0	0	1	0	2	0	1	0	1	0	1	1	1	0	0	1	1	0	0	2	2	0	1	1	1	
0	1	1	0	1	0	1	0	0	0	0	1	1	2	1	1	0	1	0	1	0	0	1	0	1	0	1	1	1	1	0	0	0	0	0	1	1	0	0	0	1	1	1	1	0	1	0	1	0	0	0	1	1	1	1	1	0	1	1	1	0	0	0	1	0	1	1	1	1	1	1	0	1	1	0	0	1	1	1	0	0	2	1	1	1	0	0	1	1	2	1	0	2	0	0	1	0	0	0	0	
0	1	0	0	2	1	0	1	0	0	0	1	0	0	1	0	0	0	0	1	0	0	1	0	0	0	1	0	1	0	0	1	0	0	1	1	0	0	1	0	1	0	0	0	1	0	1	0	0	1	1	0	1	1	1	0	0	0	1	1	0	2	0	0	1	0	0	0	1	0	0	0	1	1	1	2	0	1	1	0	1	0	0	1	0	0	0	0	2	0	0	0	1	2	1	0	1	1	1	0	
0	1	0	0	0	1	1	0	1	1	0	1	1	1	1	1	1	1	0	0	0	0	1	1	0	0	1	1	0	2	0	0	0	1	1	0	0	1	0	0	1	0	0	1	1	0	1	2	1	0	1	0	1	0	2	0	1	0	0	1	0	1	1	2	0	1	1	0	0	0	0	0	0	1	2	0	1	1	1	1	1	0	0	0	0	1	0	0	1	1	1	0	0	1	0	0	1	0	1	1	
1	1	1	0	0	1	1	0	0	1	1	0	0	0	1	0	1	1	1	1	0	0	1	0	0	1	0	2	1	1	1	0	0	1	0	1	0	1	0	0	0	0	1	0	0	0	0	0	0	0	0	1	1	0	1	1	0	0	0	0	0	0	0	1	2	1	0	1	1	0	0	1	1	1	0	0	1	0	1	0	0	0	0	0	1	1	1	0	0	0	1	1	1	0	1	0	0	1	1	0	
0	0	0	0	0	0	1	1	1	1	0	2	1	1	1	1	1	1	0	1	2	0	1	0	0	0	0	0	0	1	2	1	0	1	0	0	1	1	0	0	0	1	0	0	0	1	0	1	0	0	0	0	1	1	1	0	0	1	0	0	0	0	1	1	0	1	0	2	2	1	0	0	0	0	0	0	1	0	0	0	1	0	1	1	0	0	1	1	1	1	0	0	0	1	0	0	1	0	1	1	
1	0	1	2	0	1	1	1	0	0	1	1	1	1	1	0	1	0	0	0	1	0	0	1	1	1	1	0	1	0	2	0	1	0	1	1	0	0	1	0	0	1	0	1	0	1	1	0	1	0	0	1	1	1	0	0	1	0	0	0	1	0	1	0	1	0	1	1	2	1	0	2	0	1	1	1	0	1	0	1	1	0	1	0	2	1	1	0	0	0	0	0	1	0	0	0	0	0	0	1	
1	1	0	1	0	1	0	1	1	0	0	1	1	1	0	0	0	0	0	1	0	1	1	0	1	1	1	1	0	1	1	0	0	0	1	0	1	1	1	1	0	1	1	1	1	1	2	0	0	1	1	1	1	0	0	1	1	2	0	1	0	0	0	1	1	0	0	1	1	0	1	0	1	0	0	0	0	0	1	0	0	1	0	1	0	0	1	0	1	0	0	2	0	0	0	0	0	0	1	0	
2	0	1	0	0	0	0	1	0	0	0	0	1	2	1	0	0	1	1	1	0	1	0	2	0	0	0	1	0	1	1	1	0	1	0	0	0	1	1	1	1	0	0	0	0	0	0	1	0	1	0	0	1	1	0	1	0	1	0	0	1	0	1	1	0	0	1	1	0	1	0	0	0	1	1	0	1	0	1	0	0	1	0	1	1	1	1	1	1	0	0	1	0	0	0	1	1	0	1	0	
0	0	1	1	0	0	1	1	0	1	0	1	1	0	1	0	1	0	0	0	1	1	1	0	1	1	0	1	1	1	0	1	0	1	0	1	0	0	1	0	1	1	0	1	1	0	1	1	1	0	1	1	1	1	1	0	0	1	1	0	1	1	0	0	1	2	0	1	0	0	1	0	2	0	0	1	0	1	0	1	0	1	0	0	1	0	2	1	1	1	0	1	0	0	0	0	1	0	0	1	
0	1	1	0	0	0	0	1	0	0	0	2	0	0	1	0	0	1	1	1	1	0	0	1	1	0	0	1	0	0	0	0	1	0	1	0	2	1	0	1	0	0	0	0	0	0	0	0	1	0	1	1	0	0	0	1	1	1	1	1	0	1	0	0	1	1	1	0	1	0	0	1	1	1	1	0	0	1	1	1	0	0	1	0	1	0	0	0	0	0	1	0	1	0	1	1	1	0	0	0	
1	1	0	1	0	1	1	1	0	1	0	0	0	0	1	1	1	1	0	1	1	0	1	1	0	0	0	1	1	1	1	1	2	1	0	0	0	2	1	0	1	1	0	1	1	0	1	0	1	1	2	1	1	0	1	0	0	1	0	0	0	0	1	1	1	0	1	1	1	0	0	0	0	1	1	0	1	0	1	2	1	0	0	1	1	2	2	0	0	0	1	1	1	0	2	1	1	1	0	0	
0	0	0	1	1	1	0	2	1	1	2	1	1	1	0	0	1	0	1	0	1	0	0	1	1	1	0	1	0	1	1	1	2	1	0	1	0	0	1	0	1	0	0	1	1	0	0	1	0	0	1	1	1	1	0	1	1	1	1	1	0	0	1	1	0	0	0	1	0	1	0	1	0	0	1	0	0	0	0	1	1	1	1	0	2	1	1	0	0	0	0	0	1	1	0	1	0	0	0	1	
1	1	1	0	0	0	0	0	1	0	1	0	0	0	0	1	0	1	1	1	1	0	0	1	1	2	0	1	0	1	0	1	1	0	0	0	0	1	0	0	0	0	1	0	0	0	0	0	0	0	0	1	1	1	0	0	0	1	0	0	0	0	0	1	1	0	2	1	0	1	0	0	0	0	1	0	1	0	1	1	0	1	0	1	0	0	2	0	1	2	1	1	1	0	0	0	0	0	0	1	
2	1	1	0	0	0	1	1	0	0	0	1	1	0	0	1	1	0	0	1	1	0	1	0	2	0	0	0	1	1	1	0	0	0	0	1	0	0	0	0	0	1	2	1	0	1	1	0	1	1	0	0	0	0	0	0	0	1	1	1	1	0	1	0	1	1	0	0	1	1	1	1	1	0	1	0	0	1	0	0	1	0	0	2	0	0	0	0	1	0	1	0	0	0	0	0	0	0	1	1	
0	1	1	0	1	0	0	1	0	0	1	0	1	0	1	2	0	1	1	1	0	2	1	2	0	1	0	1	0	0	1	0	1	0	1	1	1	1	1	0	0	0	1	0	1	1	0	1	0	0	0	0	1	1	1	0	1	1	1	0	1	0	1	0	0	0	1	1	1	1	0	0	1	1	0	0	0	0	1	1	1	0	0	0	1	1	1	0	2	0	0	1	1	1	0	1	0	0	1	1	
1	0	0	0	1	0	1	0	1	1	0	1	1	0	1	1	0	1	0	0	0	0	0	1	0	1	1	0	1	1	0	1	0	0	1	1	0	1	0	1	1	0	1	0	0	1	1	0	1	0	1	1	2	1	1	1	1	0	0	1	0	0	1	1	0	1	1	0	1	0	2	0	0	0	0	1	0	0	2	0	0	0	0	1	1	1	0	2	1	1	1	0	0	0	1	0	1	1	0	0	
0	1	1	1	1	0	0	1	1	0	0	1	1	0	0	0	1	1	0	0	1	1	1	1	0	1	1	1	0	1	1	1	1	1	0	1	1	0	0	1	1	0	0	1	1	0	0	1	1	1	2	1	1	1	1	0	1	0	1	2	0	0	0	1	1	2	0	0	1	0	0	0	0	1	1	0	1	0	1	0	0	1	0	0	1	0	0	1	1	0	1	0	0	0	1	0	1	1	1	0	
1	0	1	0	1	1	0	0	1	1	1	0	1	0	1	1	0	2	1	0	0	0	1	1	0	1	0	1	0	1	2	2	0	0	1	1	0	0	0	0	0	1	1	1	1	0	0	0	1	0	0	0	1	0	1	0	0	2	1	0	1	1	1	1	0	0	0	0	0	0	0	0	1	0	0	0	1	1	0	0	1	0	0	0	0	1	1	1	1	0	1	0	0	0	0	1	1	1	1	0	
1	1	1	1	1	0	0	0	1	1	0	0	0	0	1	1	0	0	1	1	0	0	1	0	1	0	1	1	1	1	2	0	0	0	0	1	0	0	0	0	1	0	1	0	0	1	0	1	0	1	1	1	0	1	0	1	0	0	0	1	1	1	1	1	0	0	2	1	1	1	0	0	0	1	0	0	1	0	0	1	0	0	1	1	1	1	0	1	1	1	1	0	0	1	0	0	0	0	1	0	
1	1	0	1	0	1	0	1	1	0	1	0	1	1	1	1	1	1	0	1	1	0	1	0	1	0	0	0	1	0	1	1	1	0	1	2	1	0	1	0	1	0	0	0	1	0	2	0	0	1	1	0	0	1	0	1	2	1	1	2	1	1	1	1	0	0	0	1	1	0	1	0	0	2	1	0	0	0	1	0	1	0	1	1	0	1	1	0	0	1	1	0	0	1	0	1	1	0	0	2	
0	1	1	0	1	0	0	1	1	0	1	1	0	1	1	2	1	1	1	0	1	0	1	0	0	1	0	1	0	1	1	1	1	1	0	0	0	1	0	0	1	0	0	0	1	0	1	1	0	0	1	0	0	1	1	0	1	0	0	1	0	0	0	1	0	1	0	0	0	0	1	0	1	1	0	1	0	0	0	0	1	1	0	0	1	1	0	1	1	0	0	0	1	0	0	1	0	0	1	0	
1	1	0	1	1	0	0	1	0	1	0	0	1	0	1	1	0	0	1	0	1	1	1	0	0	0	1	1	2	0	1	0	1	0	0	0	0	0	2	1	0	1	0	1	0	0	0	0	0	2	2	0	1	0	1	1	1	1	1	1	0	1	0	0	0	1	0	1	0	0	1	0	0	1	0	0	0	0	1	0	0	0	1	0	0	0	1	0	1	0	0	0	0	0	1	0	1	0	1	0	
0	0	1	1	0	1	0	1	0	0	1	0	1	1	0	1	1	0	0	0	0	0	1	1	1	1	0	0	1	1	0	0	1	0	0	0	1	1	0	0	1	0	0	0	0	1	1	1	0	1	0	1	1	0	0	1	0	1	0	0	0	0	0	1	1	1	0	1	1	0	0	1	0	0	1	0	0	0	1	1	0	0	0	1	0	0	1	0	0	1	0	1	1	1	2	1	1	0	1	1	
1	1	1	1	0	1	0	0	0	0	0	1	0	1	0	0	0	0	1	0	0	0	0	0	1	1	2	1	2	0	0	1	1	0	0	1	1	2	1	1	0	0	1	1	1	0	0	1	0	0	1	1	2	0	1	2	0	1	0	0	0	1	0	1	1	0	0	0	2	0	0	1	0	0	1	0	1	0	1	0	1	0	1	1	0	1	1	1	0	0	1	0	0	0	1	1	0	1	1	1	
0	0	0	0	0	1	0	0	1	1	1	1	0	0	1	0	0	1	0	0	0	0	1	1	0	1	1	1	1	1	1	0	1	1	1	1	0	1	1	0	1	0	0	1	1	1	0	1	0	1	1	1	0	2	1	1	2	1	1	0	1	1	0	0	0	1	0	0	1	0	0	0	0	1	1	0	1	0	0	1	1	0	1	0	1	1	1	0	1	0	1	1	0	0	0	0	0	0	0	0	
2	0	1	1	1	1	1	0	1	0	0	0	1	0	0	1	0	0	1	1	0	0	0	0	0	1	1	1	1	1	1	0	0	0	1	0	1	0	0	0	1	0	0	0	0	1	0	0	0	0	0	1	1	1	1	1	0	1	1	1	0	0	1	0	0	0	1	1	1	0	0	0	0	0	0	0	0	0	0	1	1	1	0	2	1	0	1	0	0	0	0	1	0	1	0	2	0	0	1	1	
0	0	1	0	1	1	0	1	1	1	1	1	1	0	1	1	0	1	0	0	0	1	0	1	0	1	0	0	1	0	1	0	1	1	0	0	1	1	1	1	1	0	0	1	1	0	0	2	1	0	0	0	1	1	0	1	0	1	0	1	1	0	1	0	0	1	1	0	0	0	0	1	0	1	1	0	0	0	1	0	0	0	1	1	1	0	0	1	0	0	0	0	2	1	0	1	0	0	1	0	
1	2	1	0	1	1	0	1	0	1	0	1	0	0	0	0	0	1	0	1	1	0	0	1	0	1	1	1	1	0	0	1	0	1	0	0	1	0	1	1	0	0	0	0	1	1	1	1	0	1	0	1	0	1	1	0	1	0	0	0	1	0	0	0	1	0	1	0	0	1	0	1	1	0	0	1	0	1	0	0	1	1	1	1	0	0	1	1	0	1	0	0	1	0	1	0	1	0	1	0	
1	0	1	0	0	0	0	1	0	1	0	1	2	1	0	0	1	0	0	1	0	0	1	1	0	1	1	1	1	0	1	1	2	0	0	0	0	1	1	1	0	0	0	0	0	1	1	1	0	1	1	0	1	1	1	1	0	1	0	1	0	1	1	0	0	2	0	0	0	0	0	0	0	2	0	1	1	1	0	1	1	1	0	2	0	1	0	0	0	0	0	1	1	0	0	0	0	0	0	1	
1	1	1	1	0	0	0	1	1	0	0	0	0	0	0	1	0	0	0	2	0	0	0	0	0	2	0	1	0	1	0	0	0	0	1	0	1	0	1	1	0	0	2	1	1	1	1	1	1	0	1	0	0	0	0	1	0	1	1	1	0	0	0	0	1	1	1	0	0	0	0	1	0	0	0	1	1	0	2	1	1	0	1	1	1	2	0	0	0	0	0	1	0	1	1	0	1	0	2	1	
1	1	0	1	1	0	1	0	1	0	1	2	1	0	0	0	1	1	1	1	1	1	0	0	0	1	0	1	1	1	0	0	0	0	0	1	1	1	1	2	1	1	1	1	1	0	1	1	0	2	1	1	0	1	0	0	1	1	1	0	0	0	0	1	2	1	0	1	1	0	0	1	0	1	0	1	0	0	0	0	0	0	1	1	1	0	0	0	1	0	1	1	1	0	1	0	1	1	0	1	
1	1	0	1	1	1	1	0	0	0	1	1	1	0	1	0	0	0	1	0	0	1	0	0	0	0	2	1	0	1	1	1	1	1	0	2	1	0	0	0	1	1	1	0	0	1	0	1	1	1	1	1	2	0	1	0	0	0	1	1	1	0	0	0	0	1	0	0	0	0	0	0	1	1	0	1	0	0	1	0	0	0	0	1	0	0	1	1	0	1	1	0	1	0	2	0	0	0	0	0	
1	0	1	0	0	0	2	0	1	0	0	1	0	1	0	0	1	0	0	1	2	0	2	1	0	0	0	1	1	0	1	1	0	0	1	0	1	1	1	0	0	2	0	0	1	0	1	1	0	1	0	1	2	1	0	1	0	1	1	0	1	0	1	0	0	0	1	0	1	1	0	1	0	0	1	0	1	0	0	0	1	0	0	1	1	0	0	1	0	1	1	0	1	0	1	0	1	1	1	1	
1	1	0	1	2	1	0	1	1	1	0	0	1	1	1	0	1	0	1	0	0	1	0	0	0	1	0	1	1	1	0	1	1	0	0	1	2	1	1	0	2	0	2	0	0	0	1	1	0	1	1	0	0	1	1	0	0	0	0	0	1	0	1	0	2	2	1	1	1	1	1	0	0	0	1	1	0	1	1	0	1	0	1	1	0	0	0	0	1	0	2	1	1	1	0	1	0	1	1	2	
1	0	1	0	1	0	0	0	1	1	0	0	1	0	1	0	1	0	1	1	0	1	2	0	1	1	1	1	1	2	1	0	1	0	0	2	0	1	0	1	0	2	1	0	0	1	1	0	0	0	0	0	0	0	0	2	0	1	0	1	0	1	0	1	0	1	1	0	1	0	1	1	1	1	1	0	2	0	1	1	1	0	1	1	2	2	0	1	0	1	1	1	1	0	0	1	1	1	1	0	
0	1	1	1	1	0	1	0	0	0	0	0	1	1	0	0	1	0	1	1	1	0	0	0	1	1	1	1	0	0	0	0	0	1	0	1	1	0	1	1	0	1	1	1	1	1	0	1	0	0	0	1	0	0	1	1	1	0	2	1	1	1	1	1	0	1	0	1	0	1	0	0	1	1	0	0	0	1	0	0	1	1	0	1	0	1	0	1	1	1	0	1	1	0	0	1	1	1	1	1	
1	0	0	1	1	1	1	0	1	0	0	1	0	1	1	0	0	1	1	0	1	0	0	0	0	0	0	0	1	0	1	0	0	1	1	1	0	0	1	1	1	0	0	1	0	1	0	0	0	1	1	1	1	0	0	0	0	1	1	0	0	0	1	1	0	1	1	0	1	1	1	0	1	1	0	1	0	0	0	0	2	1	0	1	0	1	0	0	0	1	0	2	0	1	0	1	0	1	0	2	
0	0	1	1	1	0	0	0	0	1	0	1	1	0	1	0	0	0	1	0	0	0	0	0	0	1	0	1	0	0	1	1	1	0	0	0	1	0	0	1	0	1	0	1	1	0	0	1	0	1	0	1	1	1	0	0	1	0	0	0	1	0	0	0	1	0	1	1	0	2	1	0	0	0	0	1	1	0	1	1	1	0	0	0	1	0	1	1	0	0	0	0	1	1	1	0	1	1	0	0	
1	0	1	0	0	0	0	0	1	0	1	0	1	0	0	1	1	2	1	0	1	0	1	0	1	0	0	0	1	1	1	0	2	0	1	1	0	0	0	0	0	0	1	1	1	1	1	1	0	1	0	1	0	0	0	0	1	1	0	0	0	1	0	0	0	1	0	1	1	0	0	2	0	0	1	0	1	0	1	1	0	1	0	0	1	1	1	1	1	1	1	0	0	0	2	2	0	1	1	0	
0	1	1	1	1	0	0	1	0	1	1	0	1	1	0	0	0	1	1	0	0	2	0	0	0	1	0	0	1	1	1	0	0	2	1	1	1	0	0	1	0	1	2	0	1	1	0	0	0	1	0	1	1	1	1	1	0	0	1	1	1	0	0	0	0	0	1	0	1	0	1	1	0	1	0	0	1	2	0	0	2	1	0	0	1	1	0	0	0	1	1	0	1	0	1	1	1	0	0	0	
1	1	1	1	0	0	1	0	1	0	0	0	1	1	0	0	1	1	2	1	1	0	0	0	1	1	1	0	1	1	0	0	0	1	0	1	1	0	1	1	0	1	1	1	1	0	1	1	0	0	0	1	0	1	1	1	1	0	1	1	0	0	0	0	0	1	0	0	0	1	1	0	0	1	1	1	1	0	1	0	1	0	0	1	1	1	1	1	1	0	1	1	1	1	0	0	1	1	1	0	
1	0	0	0	0	0	0	1	0	0	1	1	1	1	0	0	0	0	1	0	0	0	2	0	0	0	0	2	1	0	1	0	0	1	0	1	0	0	0	1	1	1	1	1	0	1	1	1	1	0	1	0	0	1	0	0	1	1	1	1	1	0	0	2	1	0	0	0	1	0	1	1	2	1	1	0	1	1	0	0	1	0	1	0	0	0	0	0	0	0	1	0	1	0	0	0	2	1	0	0	
0	0	1	0	0	2	0	0	1	1	1	1	1	1	0	1	0	0	1	1	0	0	1	1	0	1	0	0	0	1	1	0	0	1	1	1	0	0	1	0	0	1	1	0	1	0	1	0	1	0	0	0	1	2	1	1	1	1	1	0	0	0	0	2	1	0	1	2	0	1	0	0	2	1	0	0	0	0	0	2	1	1	0	0	0	0	0	0	1	0	0	1	0	0	1	0	0	1	0	1	
1	0	1	0	1	1	0	1	0	1	1	1	0	1	0	2	0	0	1	1	0	1	0	1	0	1	0	1	0	1	1	1	1	1	0	0	1	0	0	0	0	1	0	0	0	1	1	1	1	0	0	0	0	1	0	1	1	0	0	0	1	0	1	1	1	0	1	1	0	0	0	0	1	0	1	1	1	0	1	0	1	0	1	0	1	0	1	1	1	1	1	1	1	1	1	1	1	2	1	0	
1	0	1	0	1	0	0	0	1	1	1	0	2	0	0	0	0	1	1	0	0	0	2	0	1	1	1	1	1	0	0	1	1	0	0	0	1	0	0	1	2	1	0	0	0	1	0	1	1	0	0	1	1	1	2	0	0	0	0	0	0	0	0	0	0	0	0	1	1	0	1	1	1	1	1	2	1	1	1	1	1	0	0	0	0	1	1	1	1	1	1	0	1	1	0	0	0	1	2	1	
0	1	0	0	0	2	1	0	0	0	1	1	0	1	0	0	1	1	1	1	1	1	1	2	0	0	0	2	1	2	1	0	0	1	1	1	1	1	0	0	0	1	1	0	1	1	1	1	1	1	1	1	1	1	0	0	1	1	0	0	0	0	1	0	0	1	0	1	0	2	1	1	0	1	0	1	0	0	1	1	0	0	1	1	0	0	0	1	1	1	0	1	0	2	1	1	1	1	0	0	
0	2	0	1	1	0	0	0	0	0	1	1	0	0	0	0	0	0	0	0	0	0	1	0	1	0	1	1	0	0	0	0	0	0	1	1	0	0	1	0	2	1	1	0	1	1	1	1	0	0	1	1	0	1	0	1	0	1	1	0	0	0	0	0	1	0	1	0	0	1	0	0	0	0	0	1	0	0	0	1	1	0	0	1	1	0	1	1	0	0	1	0	0	0	0	0	0	0	2	0	
1	1	0	0	1	0	1	1	0	0	0	1	0	0	1	0	0	0	2	1	1	1	1	1	0	2	1	0	1	0	0	0	0	1	1	1	1	1	0	1	1	0	1	1	1	1	0	0	0	1	1	0	0	0	1	1	1	1	0	0	1	1	0	0	1	0	0	2	0	1	1	1	0	0	1	0	1	0	1	1	0	0	0	1	1	1	0	0	1	0	1	0	1	0	1	0	0	1	1	1	
0	0	1	0	1	2	1	0	1	1	0	1	1	0	0	2	0	0	1	1	0	0	1	1	1	1	1	0	1	0	2	0	1	0	0	1	0	1	1	1	1	1	2	0	0	0	1	1	1	1	0	0	0	0	0	0	0	1	0	1	1	1	1	1	1	0	1	1	2	0	1	0	0	0	1	1	1	1	1	1	1	1	0	0	0	1	1	1	2	1	2	1	0	1	0	0	1	0	2	0	
1	2	0	0	0	0	0	1	1	0	2	1	1	1	1	1	0	0	1	0	1	1	1	2	0	0	1	0	1	0	0	1	1	1	0	0	0	1	1	0	1	0	0	0	1	0	1	0	0	1	0	1	1	1	0	0	0	1	0	0	0	0	0	1	0	0	1	1	2	0	1	0	0	0	0	0	1	0	0	1	0	1	0	1	1	1	1	1	0	0	0	0	1	2	1	0	1	0	0	2	
1	1	0	0	1	0	1	1	0	1	1	1	1	0	1	0	0	0	0	1	0	0	0	1	1	1	0	1	1	0	0	1	1	1	2	0	0	0	1	0	0	0	1	1	1	0	1	0	2	1	0	1	0	0	1	0	1	1	1	1	1	0	1	2	0	0	1	1	1	1	0	0	0	0	0	1	1	0	0	1	1	1	0	0	0	1	1	0	1	0	1	2	1	0	0	1	0	1	1	0	
0	1	1	0	1	0	1	0	0	0	0	1	1	0	1	0	1	0	1	0	1	0	2	1	1	1	1	0	0	0	0	1	0	0	0	0	0	2	0	1	0	1	0	2	0	1	1	0	0	2	0	0	1	0	1	0	0	0	0	0	1	0	1	1	0	0	0	0	1	1	0	0	2	1	1	0	0	1	1	0	0	1	1	0	1	1	1	1	1	1	0	0	0	1	1	0	1	0	1	1	
1	0	1	1	0	0	2	1	0	1	1	1	0	0	0	0	0	1	0	1	1	1	1	1	1	0	1	1	0	0	1	0	0	0	0	1	0	0	0	0	0	1	1	1	1	1	1	0	1	1	1	0	1	0	0	0	0	1	1	1	1	0	0	1	0	0	0	1	1	0	0	0	0	1	1	0	1	0	0	1	1	1	0	2	0	0	0	0	1	0	1	0	1	0	0	0	0	2	0	0	
0	0	1	1	1	1	0	0	1	0	1	0	1	1	1	1	1	0	0	1	0	0	1	0	0	1	1	2	1	0	1	1	0	1	0	0	1	1	0	1	2	0	0	0	0	1	1	0	2	1	1	0	0	2	2	1	0	1	0	0	0	0	1	1	0	1	1	0	2	0	0	0	0	0	1	0	0	0	1	1	0	1	1	1	0	0	0	0	0	1	1	1	0	0	1	0	1	1	1	0	
1	1	1	0	0	2	0	0	0	1	1	1	0	1	1	1	0	0	0	0	1	0	0	1	1	0	1	1	1	2	1	1	0	1	2	1	1	0	0	0	1	1	1	0	0	0	0	1	0	0	0	1	1	1	1	0	1	1	0	0	1	2	0	1	1	0	1	0	1	0	0	0	0	1	0	0	1	0	0	1	0	0	1	1	0	1	0	1	0	0	1	1	1	0	1	1	1	0	1	1	
1	0	1	1	1	1	1	1	0	1	1	1	1	1	1	0	1	0	1	1	0	0	0	0	1	1	1	1	0	0	1	0	0	0	0	0	1	1	1	0	0	1	1	1	0	1	1	1	1	1	0	0	0	0	1	0	0	0	0	0	1	1	1	1	1	0	0	1	0	1	0	0	1	1	1	0	0	1	1	1	0	1	0	1	1	1	2	1	0	0	1	0	0	1	0	0	1	1	1	1	
0	0	0	1	0	0	2	0	1	1	1	0	0	1	1	1	0	0	0	0	0	0	1	0	0	1	1	1	1	1	0	0	2	0	0	1	0	1	0	1	0	1	0	1	1	0	0	1	1	0	2	2	1	1	1	1	0	1	1	2	1	0	2	0	0	0	0	0	0	0	2	1	1	1	1	0	0	0	1	1	1	1	1	0	0	0	2	0	0	0	1	0	1	0	0	0	2	0	0	1	
0	0	1	0	1	0	1	1	1	0	0	1	0	1	1	2	0	0	1	1	1	0	1	1	0	0	1	0	0	0	1	0	0	1	1	1	1	0	1	1	0	1	1	1	1	0	0	1	0	1	0	1	0	1	0	0	1	0	1	0	1	1	1	0	1	1	0	1	1	0	1	1	0	1	1	1	1	1	0	0	1	0	1	1	0	2	0	1	0	0	0	1	1	1	0	0	0	0	0	0	
0	1	0	0	0	1	0	2	1	1	1	0	0	1	1	0	0	1	0	0	0	1	0	0	1	1	1	1	1	2	1	0	0	1	1	0	0	1	0	1	0	0	1	1	0	0	0	0	0	0	0	0	1	1	0	1	0	0	0	0	0	0	1	1	0	0	0	1	1	1	1	0	0	1	1	2	0	0	1	0	0	1	0	1	0	0	0	0	0	0	0	0	1	0	0	1	0	0	0	0	
0	1	1	1	1	1	1	1	1	1	1	1	2	1	1	1	1	1	1	1	0	0	1	0	0	0	2	2	0	0	1	0	0	0	0	1	1	0	0	0	0	0	1	0	0	1	2	1	1	1	0	1	2	1	1	1	0	1	0	0	0	1	2	0	1	1	0	1	1	2	1	2	0	0	1	1	1	1	0	1	1	0	1	2	0	1	0	0	0	0	1	0	0	1	0	0	0	1	2	0	
1	1	0	0	1	0	1	1	0	2	0	1	0	0	1	1	1	0	1	0	0	0	0	2	0	0	0	1	1	1	0	1	0	1	1	1	1	1	1	1	1	0	1	1	1	0	1	0	0	1	1	0	1	2	0	2	1	0	1	0	0	0	0	0	0	0	0	1	0	0	1	1	0	1	0	1	1	1	1	0	1	0	1	0	1	1	1	0	0	0	1	1	0	1	0	0	2	1	1	0	
1	1	1	1	0	1	1	0	2	1	1	0	0	1	1	1	0	1	1	1	0	1	0	0	1	0	1	1	0	1	1	0	2	1	1	1	0	0	1	0	0	1	1	1	0	2	0	0	1	1	1	2	1	0	0	1	0	0	0	1	0	0	1	0	1	0	1	1	0	1	1	1	1	0	1	0	0	0	0	1	2	1	0	0	0	2	0	0	1	0	1	1	0	0	1	1	0	1	0	0	
1	0	0	0	0	0	1	1	1	0	0	1	2	0	0	1	0	0	0	1	0	0	1	0	1	1	0	1	1	0	1	1	1	1	1	0	1	1	0	1	1	1	1	1	0	0	1	0	1	0	1	1	1	2	1	0	1	1	1	1	1	1	0	0	1	1	0	1	1	0	0	1	0	1	1	2	2	1	0	1	1	0	1	1	0	0	0	2	1	0	1	1	2	0	1	2	0	1	0	0	
2	2	0	0	0	0	0	1	0	1	0	1	0	0	0	0	0	0	0	0	1	1	2	1	1	1	0	1	0	0	0	1	2	0	1	1	1	0	1	1	0	1	2	0	0	1	0	1	1	1	1	1	0	0	1	0	1	1	0	0	0	0	0	0	1	0	1	1	1	2	1	1	1	0	1	0	1	1	0	1	0	1	2	1	1	0	0	1	1	2	0	0	0	0	0	1	1	1	1	0	
1	2	0	0	0	0	1	0	0	0	1	1	0	1	2	0	1	1	1	0	0	0	2	0	1	0	1	0	0	1	0	0	1	0	1	1	1	0	0	1	0	0	1	0	1	1	2	0	1	1	0	1	0	0	1	1	1	1	1	1	1	0	0	0	0	1	1	1	1	1	1	1	1	0	1	0	1	0	0	1	1	1	0	0	0	1	0	0	1	0	1	0	0	0	1	1	2	0	0	0	
2	0	0	1	0	1	0	1	0	0	0	0	1	0	0	0	0	1	1	1	0	1	1	0	1	0	1	0	1	0	2	1	0	0	1	0	1	1	0	0	0	1	1	1	0	0	0	1	1	0	1	1	1	0	0	1	1	0	1	0	1	1	1	0	0	0	0	1	1	1	0	0	1	0	1	0	0	1	1	0	1	1	2	1	0	0	1	1	1	0	0	0	0	1	1	0	0	0	1	0	
0	0	0	0	1	1	0	1	0	1	1	0	2	1	1	0	0	1	0	0	1	2	0	0	0	0	1	0	1	1	0	0	1	1	0	0	0	1	1	0	0	2	1	1	1	0	2	0	1	0	1	0	0	0	1	2	1	0	0	1	1	1	0	0	0	0	0	0	1	1	0	1	0	1	1	0	0	0	0	1	1	1	1	0	1	1	0	0	1	1	0	1	0	1	0	0	0	0	1	0	
1	1	0	1	0	1	0	0	0	1	0	1	1	1	0	0	0	2	1	1	0	0	0	1	0	0	0	0	0	2	0	0	1	0	0	1	0	1	0	0	2	1	2	0	0	1	2	1	0	0	0	1	0	0	0	1	1	0	1	1	0	1	0	1	0	0	0	1	0	0	1	0	0	1	1	1	1	2	1	0	1	0	0	0	1	0	0	1	1	0	0	0	0	0	0	0	1	1	1	1	
0	1	1	0	1	0	2	2	0	0	1	0	2	0	0	0	2	1	1	0	1	1	0	2	1	0	1	0	1	1	0	0	0	0	0	1	0	0	0	0	1	1	0	1	1	0	0	1	0	0	1	0	1	2	1	1	1	0	0	1	1	0	1	0	1	0	1	0	0	1	2	1	0	1	0	0	0	0	1	0	1	0	0	0	0	0	0	0	0	0	1	0	0	1	0	1	1	1	1	0	
0	0	0	0	1	0	0	1	0	0	1	0	1	1	1	0	1	1	1	1	1	0	1	1	0	0	0	1	0	2	0	1	2	2	0	1	2	2	0	0	0	0	0	1	1	0	0	0	1	0	2	1	1	0	1	1	1	1	1	1	1	0	0	0	0	0	0	0	0	2	1	1	0	1	1	0	1	1	2	0	0	2	0	1	0	0	0	0	1	0	0	1	1	0	0	0	1	1	1	1	
2	1	0	0	0	0	1	2	2	1	0	0	0	1	1	1	0	0	0	1	0	1	1	1	0	0	0	2	1	1	0	0	0	1	0	2	0	1	1	1	1	0	0	1	0	1	1	0	0	1	0	0	0	1	0	0	0	0	0	0	1	0	1	1	0	1	1	0	0	0	0	0	0	0	1	1	0	2	1	0	0	0	0	0	0	0	0	1	0	0	0	0	1	0	1	0	0	1	1	0	
1	0	0	0	0	0	0	0	2	1	0	1	0	0	1	1	2	1	1	0	1	1	0	0	1	0	1	1	0	0	0	0	1	0	0	0	0	0	0	1	1	1	0	0	1	0	1	0	1	0	0	0	0	1	0	0	1	0	0	1	0	1	0	1	1	0	1	0	1	0	1	1	1	0	0	1	0	0	0	0	0	0	1	0	0	0	0	0	1	0	0	0	0	0	1	0	1	0	0	0	
2	1	0	0	0	0	2	1	0	0	0	1	1	1	1	0	0	0	1	0	1	0	1	0	1	1	0	1	1	1	0	0	0	1	1	0	1	0	0	1	1	0	0	1	0	1	0	0	0	1	0	1	1	1	0	0	1	0	0	0	0	0	0	1	0	1	1	0	1	1	0	0	0	1	0	1	1	0	0	1	0	0	0	0	0	2	1	0	1	0	1	0	2	0	0	2	0	0	1	1	
0	0	0	0	1	0	1	1	0	1	1	1	0	1	0	0	1	0	1	0	1	1	0	1	1	0	1	1	0	1	1	0	0	0	0	0	1	0	1	1	0	0	0	1	0	1	1	1	0	1	1	2	0	0	0	2	2	0	0	0	1	0	1	1	0	1	1	1	1	1	0	0	1	0	0	0	1	0	0	1	0	1	0	0	1	1	0	0	1	2	0	0	0	1	1	0	1	1	1	1	
0	0	0	0	1	2	1	0	1	1	1	1	0	0	1	1	0	1	0	1	0	0	0	1	1	0	1	1	1	0	1	0	1	1	1	0	0	0	1	0	0	0	1	1	0	0	1	0	1	1	2	1	0	1	1	1	1	1	0	1	1	0	0	0	0	1	1	0	1	0	0	2	0	0	1	0	1	1	1	0	1	2	2	2	1	1	0	1	1	1	0	0	0	0	0	0	0	1	0	0	
1	0	0	2	1	0	0	1	1	0	0	1	0	0	0	2	1	0	2	1	1	1	0	0	2	1	0	0	1	0	1	1	0	0	0	1	0	1	1	0	1	1	0	0	2	0	0	0	1	1	0	2	1	1	0	1	0	1	0	0	0	0	0	1	1	0	0	1	1	0	0	1	0	0	1	0	1	0	1	0	1	1	0	0	0	0	0	1	0	0	0	1	0	1	0	2	1	1	1	0	
0	0	1	1	0	0	1	1	1	0	1	1	1	0	0	0	0	0	1	0	1	1	0	0	1	0	1	0	1	0	0	0	1	1	0	1	1	0	0	1	1	1	0	0	1	1	0	1	1	1	1	1	1	0	1	0	1	1	1	0	0	0	0	0	1	1	0	0	0	0	1	0	1	1	1	1	0	1	1	0	0	0	0	0	0	0	1	0	1	1	0	1	1	1	1	1	1	0	1	1	
1	0	0	0	1	0	0	1	0	0	1	1	0	0	0	2	0	0	0	0	1	0	0	0	2	0	0	1	0	1	0	2	0	0	0	2	1	0	0	1	0	1	1	0	1	1	1	1	0	1	1	1	0	0	1	0	0	0	2	0	0	1	0	0	0	0	1	1	0	0	2	0	0	0	0	0	0	1	1	0	0	0	0	0	0	0	1	0	0	1	1	1	0	0	0	0	2	1	0	1	
0	1	0	1	0	0	0	0	0	1	1	1	0	1	0	1	1	0	0	0	0	0	0	1	0	0	1	0	1	0	0	1	0	0	1	1	0	0	1	1	0	0	0	0	0	1	1	1	1	0	0	1	0	1	0	0	0	1	0	1	1	0	0	0	0	0	0	0	1	1	1	2	0	1	1	1	1	1	0	1	1	1	1	1	1	0	1	1	1	0	0	1	1	0	1	1	0	1	0	0	
0	1	1	1	0	0	2	1	1	0	0	1	0	1	0	0	0	1	0	2	0	0	0	0	1	0	0	0	0	0	0	0	0	0	1	0	1	0	1	2	0	1	0	1	0	0	1	1	0	1	0	0	0	1	0	0	2	1	1	0	1	0	0	1	1	1	0	0	1	0	0	1	1	0	0	1	1	0	1	1	1	0	2	0	1	1	2	1	1	0	0	0	1	1	0	0	2	0	0	0	
0	1	1	1	1	1	1	0	1	1	1	1	1	0	0	1	0	0	1	0	0	2	0	0	0	0	1	0	1	0	1	1	1	1	0	1	1	0	1	0	0	0	2	0	0	1	0	1	1	0	1	0	1	0	1	0	1	1	1	0	1	1	0	0	0	1	1	0	1	1	2	0	1	0	1	2	1	1	0	0	0	1	0	0	0	0	1	0	0	0	1	1	0	1	0	1	1	0	1	0	
1	1	1	1	1	1	1	1	1	0	1	1	2	0	1	1	0	1	0	1	1	0	0	1	1	0	1	2	0	0	1	1	1	0	0	0	0	1	0	0	1	0	0	0	1	0	1	1	0	1	1	0	1	0	1	1	1	0	1	0	0	0	1	0	1	1	1	1	1	0	0	0	0	0	1	0	0	0	1	0	1	2	1	2	0	0	0	0	0	1	0	1	2	0	2	0	0	0	1	0	
0	1	0	0	0	1	1	0	0	0	1	0	1	0	1	1	0	0	0	1	0	1	0	0	1	1	0	1	0	1	0	1	1	1	2	1	2	1	1	0	0	0	1	1	0	0	0	1	0	0	1	2	0	0	0	1	0	1	0	0	0	0	1	0	0	1	1	2	0	0	1	2	0	0	1	0	0	1	1	0	0	1	1	0	0	0	1	0	0	0	1	1	0	0	0	0	1	1	0	0	
0	0	0	0	1	0	0	1	2	1	0	1	0	1	2	0	0	0	0	0	0	1	1	0	1	1	1	1	0	0	1	0	1	0	0	0	0	0	1	0	1	1	0	0	0	0	1	0	0	1	1	0	1	1	0	1	1	0	0	1	0	1	1	0	1	1	0	1	0	0	0	1	0	1	0	1	0	0	1	0	0	1	0	0	0	1	1	1	0	0	0	1	0	1	0	1	0	0	1	1	
0	0	0	1	1	1	1	0	1	1	0	1	1	1	1	2	0	1	1	0	1	1	1	2	0	1	0	0	0	0	1	0	1	1	0	1	1	0	0	0	1	1	0	1	0	1	2	0	1	0	2	1	1	1	0	1	1	0	1	0	1	0	0	0	0	1	0	0	1	1	0	0	0	1	1	1	1	1	1	1	1	1	1	0	1	1	0	0	1	1	0	0	1	0	0	0	1	1	0	0	
1	1	2	1	2	0	0	1	0	0	1	0	1	1	0	0	1	1	1	0	1	1	0	0	0	0	1	1	1	1	1	1	0	1	0	0	1	2	0	0	0	1	0	1	1	0	0	1	1	0	2	0	0	1	1	0	1	0	1	0	0	0	0	0	1	1	0	0	0	1	0	0	0	0	0	1	0	0	1	1	1	0	2	0	0	0	1	1	1	1	1	1	1	1	0	0	1	0	1	0	
2	1	1	0	1	1	1	1	1	0	0	0	1	0	1	1	1	1	1	1	0	1	1	1	1	1	1	1	0	0	1	1	1	0	0	1	1	0	0	1	0	0	0	0	2	1	1	2	0	0	0	1	0	1	0	1	1	0	1	0	2	1	2	0	0	0	1	1	2	1	0	0	0	1	0	0	0	1	0	2	0	1	0	1	0	0	0	1	1	0	0	0	1	1	1	1	0	1	2	0	
0	2	0	0	0	1	0	0	1	0	1	1	0	1	0	1	0	0	1	1	2	0	1	0	1	1	0	1	0	0	0	1	1	0	0	0	1	0	0	0	1	1	0	1	0	0	0	0	1	1	0	0	1	1	0	0	0	0	0	1	0	0	0	1	1	2	1	0	0	0	1	0	0	1	1	0	0	0	0	2	0	0	0	0	2	0	0	0	1	0	1	1	1	0	1	1	0	0	1	0	
0	1	1	1	0	0	2	1	1	0	0	1	1	0	1	0	1	2	1	1	0	0	0	0	1	0	1	1	0	1	1	1	1	0	0	1	0	0	1	1	1	0	0	1	0	1	0	0	1	1	0	1	0	1	0	2	0	1	1	0	1	1	1	1	0	0	2	0	1	1	0	0	0	1	0	0	0	0	1	0	1	1	1	1	0	0	1	0	2	1	1	1	0	0	1	0	0	1	0	1	
1	1	1	0	0	0	1	1	0	1	0	0	0	0	1	0	0	1	1	0	0	0	1	0	0	1	1	1	0	0	1	0	1	1	1	1	0	0	1	1	0	1	1	1	1	1	1	1	0	0	1	0	1	0	0	0	0	0	0	2	1	1	0	1	1	1	0	0	0	0	2	1	0	1	0	1	0	0	1	1	0	0	1	1	0	1	1	1	0	0	0	0	1	0	1	0	1	0	1	1	
1	1	1	1	1	0	0	1	0	1	1	1	0	1	0	1	1	0	0	1	1	1	0	0	1	0	1	1	0	0	1	1	1	1	0	1	0	1	0	0	1	1	0	0	0	0	1	1	0	0	1	0	1	0	1	0	2	0	1	0	1	1	0	1	1	0	0	0	1	0	0	0	1	1	1	1	0	0	0	1	0	0	0	1	0	0	0	1	1	0	0	0	1	0	0	0	0	2	1	0	
0	0	0	0	1	1	1	1	0	1	1	1	0	1	1	0	0	0	0	2	0	1	0	1	1	2	1	1	0	0	1	0	0	0	0	0	1	0	1	0	0	1	1	0	1	0	2	0	1	2	1	2	0	0	0	0	1	1	0	0	1	1	1	2	0	0	0	1	0	0	0	1	1	1	0	1	1	1	0	0	0	0	0	0	1	1	2	0	1	1	0	1	1	0	1	1	0	0	0	0	
1	1	1	0	0	0	1	0	1	1	1	1	1	0	1	1	1	1	0	1	1	0	0	1	1	0	1	1	1	1	0	0	0	0	0	0	0	0	0	0	0	0	0	1	1	0	0	1	1	0	0	1	1	0	0	1	1	1	1	1	1	0	1	0	1	2	2	0	0	0	0	0	0	0	1	1	1	1	1	0	0	0	2	0	1	1	0	1	1	0	0	1	1	1	0	0	1	1	1	0	
2	0	0	1	1	1	1	0	1	1	1	1	1	1	1	1	1	0	1	0	0	1	1	1	1	0	0	0	0	0	0	0	0	1	1	0	1	1	0	0	1	0	0	0	0	1	1	1	2	0	1	1	0	1	0	0	0	0	1	0	0	0	0	0	0	1	0	0	1	1	1	0	1	1	0	0	1	0	1	1	1	1	0	0	1	1	2	1	0	2	0	0	1	1	2	2	1	1	0	0	
0	0	0	0	0	2	0	0	0	1	1	1	0	1	1	1	1	0	1	1	0	0	0	0	0	1	1	0	1	0	0	0	1	0	0	0	0	0	0	1	0	1	0	0	2	0	0	0	0	1	1	0	0	0	0	0	1	0	0	0	1	1	1	0	1	0	1	0	1	1	0	0	0	1	1	0	1	0	0	1	1	1	0	1	1	1	1	0	1	1	0	0	1	0	0	0	1	0	0	1	
0	1	1	1	0	1	0	1	0	0	0	0	1	0	1	0	0	1	0	1	1	0	1	1	1	0	1	0	1	0	0	1	0	0	0	0	1	0	0	1	0	1	1	1	0	1	1	1	1	0	0	0	1	0	1	1	0	1	1	1	1	0	0	0	0	2	0	1	0	0	1	1	1	0	1	0	1	1	2	0	0	0	1	1	1	1	1	0	1	0	1	2	1	0	1	1	1	1	0	1	
0	0	0	1	1	1	1	0	0	1	1	1	0	2	0	2	1	0	1	0	1	1	0	1	0	0	0	0	0	0	0	0	1	0	1	0	0	1	0	1	1	0	1	0	0	0	0	0	0	0	2	0	1	0	1	0	1	1	0	1	0	1	0	0	1	0	1	0	0	0	1	0	1	0	1	1	1	0	1	1	0	1	0	0	0	1	0	1	1	1	1	1	1	1	1	1	1	1	1	1	
1	0	1	1	0	2	1	2	1	0	1	0	1	1	2	1	1	0	0	1	1	0	0	0	1	0	0	1	0	1	1	0	0	0	1	0	0	0	0	1	0	1	0	1	1	1	0	0	0	0	0	0	0	0	1	1	1	1	0	0	1	0	1	1	1	0	1	0	1	1	1	1	1	0	2	0	0	1	0	2	1	0	0	0	1	0	0	0	1	1	0	2	1	0	1	1	0	0	0	1	
1	0	1	1	1	2	0	1	1	1	1	0	2	1	0	1	0	0	0	1	1	1	1	0	1	0	1	0	1	1	0	0	2	0	1	2	1	1	1	0	2	1	0	1	0	0	0	0	0	0	0	2	1	1	1	1	0	0	1	0	0	0	1	2	0	1	0	0	0	0	1	1	1	1	0	0	1	0	0	0	1	1	1	0	1	0	0	1	0	1	0	1	2	0	1	1	1	0	1	0	
1	0	0	0	1	1	0	1	0	1	0	1	0	1	1	0	1	1	1	1	1	2	1	1	1	0	1	0	1	0	0	0	1	1	0	1	1	0	0	0	0	0	1	1	0	1	1	1	0	0	2	0	0	0	1	1	0	1	1	1	0	0	1	1	0	0	1	1	1	0	0	1	0	0	1	1	1	1	0	1	1	1	1	0	2	1	0	0	0	1	1	0	0	0	0	0	0	1	0	1	
1	1	1	0	0	0	0	1	1	1	0	1	0	0	0	0	0	0	1	1	0	1	1	1	1	1	0	1	0	0	1	0	0	0	0	0	1	1	1	0	0	1	1	0	0	1	1	2	0	1	1	1	1	1	2	0	0	1	1	0	0	0	0	0	1	1	1	0	0	0	1	0	0	1	0	0	2	0	0	0	1	0	0	2	1	0	1	0	1	0	0	0	1	1	0	0	0	0	1	0	
0	0	0	1	0	0	1	0	0	0	1	0	1	1	1	0	0	0	1	0	0	1	1	0	1	1	0	0	0	0	1	0	1	0	0	1	0	0	1	0	0	1	2	0	1	1	1	1	1	1	0	0	1	0	0	0	1	1	0	2	0	1	0	1	0	2	1	1	1	1	0	1	0	1	0	1	1	0	1	1	0	0	0	1	2	2	0	1	0	0	0	1	1	0	0	1	0	1	1	0	
1	1	1	1	1	0	0	1	0	0	2	0	0	1	0	1	1	0	0	1	0	0	0	1	1	1	0	1	1	0	0	1	0	1	0	1	1	0	2	1	0	0	1	0	0	0	0	1	0	0	0	1	0	1	1	0	1	0	0	1	0	1	1	1	0	0	1	2	1	1	0	1	0	1	1	1	1	1	1	1	1	0	1	0	1	1	0	1	1	1	0	1	1	0	1	1	0	0	0	1	
1	0	1	1	0	1	0	0	0	1	0	1	1	1	0	0	1	0	0	1	1	1	1	2	0	1	0	2	1	0	1	0	0	0	1	1	1	0	1	1	2	1	1	0	0	1	1	0	1	1	0	0	0	1	0	0	1	1	0	1	0	0	0	0	1	1	0	1	1	1	1	1	1	0	1	1	0	0	1	1	0	0	0	0	2	1	1	1	0	1	0	2	0	0	0	0	1	1	0	1	
0	0	1	1	0	0	0	0	1	0	1	0	1	2	0	0	1	0	0	0	1	1	1	0	0	2	1	1	0	0	1	0	1	0	1	0	0	0	1	0	1	0	0	0	1	1	0	0	0	0	0	0	0	1	0	0	1	0	0	0	0	0	0	0	0	1	0	1	1	1	1	1	0	1	0	0	0	1	1	1	0	1	0	1	2	0	1	1	0	1	0	1	1	0	1	0	0	1	0	1	
1	0	1	1	0	1	0	0	2	0	1	0	1	1	0	0	1	0	0	0	1	0	0	1	2	1	0	1	0	1	0	1	0	0	1	1	1	1	1	0	1	0	1	0	0	0	1	0	1	0	1	0	0	0	1	0	1	1	0	0	2	0	0	1	1	1	0	0	1	1	1	1	0	0	1	0	0	0	0	1	0	0	0	0	0	0	1	0	1	0	0	1	0	0	0	0	1	1	0	0	
0	0	0	0	0	1	2	0	1	1	1	1	0	0	1	0	0	1	1	0	1	0	0	0	1	0	1	1	0	1	0	0	0	0	0	1	1	0	0	1	0	0	1	0	1	1	1	1	2	0	0	0	0	0	1	0	0	1	1	0	1	0	1	1	1	1	0	0	0	1	0	0	0	1	2	0	1	1	1	0	0	0	0	0	1	0	1	0	0	0	0	0	1	1	0	2	0	0	0	1	
1	0	0	1	1	1	0	1	1	1	0	0	1	0	0	1	1	0	1	1	0	0	1	0	1	1	1	0	1	0	1	1	1	2	0	1	0	1	1	2	0	1	0	0	1	0	0	1	1	0	1	0	0	0	0	2	1	0	0	1	0	0	0	0	0	0	1	1	1	1	0	1	1	1	0	0	1	1	0	0	2	1	0	2	0	0	1	1	1	1	0	0	1	1	1	0	1	0	0	0	
1	0	1	1	1	2	1	1	0	0	0	1	0	1	1	0	0	1	0	1	0	0	1	2	0	1	0	1	0	0	0	0	0	1	1	1	0	2	1	1	1	0	1	0	0	0	0	0	1	1	0	0	0	0	0	1	1	0	0	0	1	1	0	2	1	1	1	1	1	0	1	1	2	0	0	0	2	0	1	0	1	1	0	1	1	1	1	1	0	0	1	0	0	1	0	0	0	1	1	0	
1	1	1	0	0	1	1	0	0	1	2	1	0	0	0	1	1	0	0	0	0	0	0	0	0	0	0	0	1	0	1	0	1	0	0	1	1	2	1	1	1	0	0	1	1	0	0	2	1	0	1	0	0	0	0	0	1	1	1	1	1	1	2	0	1	1	1	0	1	0	0	0	1	1	0	2	0	0	2	1	0	0	0	0	2	0	1	0	0	0	1	1	1	1	0	1	1	0	1	1	
1	1	0	0	1	1	1	1	0	1	0	2	0	1	1	2	0	0	0	1	1	0	1	1	2	1	1	1	0	1	0	0	0	0	0	0	0	0	0	0	1	0	2	0	1	1	1	1	0	1	0	0	1	0	1	0	1	2	0	1	0	1	1	1	0	0	1	1	1	0	0	0	1	1	0	1	0	1	1	0	1	0	0	2	0	2	0	2	0	1	0	1	1	0	0	1	0	1	1	1	
0	0	0	1	0	0	0	0	1	1	1	1	1	1	0	1	0	2	0	0	1	0	0	0	2	1	2	1	0	0	1	1	0	0	1	0	0	0	1	1	0	0	1	1	0	0	0	0	1	0	0	0	1	0	0	0	0	1	0	1	0	1	1	0	0	0	2	1	1	1	0	1	0	1	0	1	1	0	0	0	0	1	1	0	0	1	0	0	0	1	1	0	0	0	1	0	0	1	1	1	
1	1	1	1	1	1	1	1	1	0	1	1	0	2	0	0	0	1	0	0	1	0	0	1	1	1	1	0	1	0	1	0	0	0	2	0	1	0	1	1	1	0	1	1	0	1	0	0	0	1	1	1	1	1	1	1	1	0	0	1	1	0	1	2	2	1	1	1	0	1	0	0	1	0	0	0	1	0	1	0	1	1	0	0	0	1	0	0	0	0	0	1	0	1	1	0	1	1	1	0	
1	0	0	0	0	1	0	1	1	1	1	0	1	1	1	0	1	0	0	0	0	2	0	1	1	0	0	0	0	1	1	2	0	1	0	0	0	0	1	1	0	0	0	1	1	0	0	0	0	0	1	1	0	1	1	0	0	1	0	0	0	1	0	0	0	1	0	1	1	0	1	1	1	1	0	0	1	1	0	0	1	0	1	2	0	2	1	0	0	0	0	0	0	1	0	1	1	0	1	1	
0	0	0	1	1	1	1	0	0	0	0	0	0	1	0	0	0	0	0	0	0	1	0	0	2	0	1	0	1	0	0	0	0	0	0	0	1	1	0	2	0	0	0	2	0	1	0	0	1	0	1	1	0	0	0	0	1	0	1	2	0	1	1	1	1	1	1	1	1	1	0	1	0	1	1	1	0	0	1	0	0	2	2	1	1	1	1	1	0	1	0	0	1	0	0	0	0	0	0	1	
0	1	1	0	0	1	1	0	0	1	1	0	1	0	1	1	0	0	1	0	0	1	1	1	0	0	0	0	1	1	0	1	0	0	0	0	1	0	2	1	0	2	0	0	1	0	1	0	0	0	0	0	1	0	0	0	0	0	0	1	0	1	1	1	0	0	0	2	1	1	1	0	0	1	0	1	0	1	0	0	0	1	1	1	1	0	0	2	1	1	0	1	1	0	1	1	0	1	1	1	
1	1	0	0	0	2	0	1	1	0	0	1	1	0	1	2	1	1	0	1	1	0	0	1	0	0	1	1	0	0	0	0	0	0	1	0	1	2	0	0	0	0	0	0	0	1	0	0	1	1	1	1	1	1	1	0	0	1	0	0	0	1	1	0	1	1	0	2	0	1	1	0	0	1	1	0	0	0	1	1	0	0	1	0	1	0	2	1	0	1	0	2	1	2	1	0	0	0	0	0	
0	1	2	0	1	1	0	0	1	1	0	1	1	1	1	0	1	1	0	0	1	0	0	0	0	0	0	0	0	2	0	1	0	1	1	1	0	1	1	0	1	1	0	0	0	0	1	0	1	0	1	1	0	0	1	1	1	0	1	1	0	1	1	1	1	1	0	0	1	0	2	0	0	0	0	0	1	0	0	0	0	0	1	1	0	0	1	2	0	1	0	1	1	0	0	0	0	1	1	1	
0	0	1	0	0	1	0	1	1	0	1	0	0	0	0	1	0	1	1	0	0	1	1	1	0	0	0	1	1	0	1	1	0	0	1	0	1	1	1	0	1	1	1	1	0	1	0	0	0	1	0	2	1	0	0	0	1	0	1	0	2	0	1	1	0	0	0	0	0	0	0	0	2	0	1	0	0	1	0	2	1	1	0	1	0	0	1	0	0	1	1	1	0	0	0	1	1	1	0	1	
0	0	0	0	1	0	1	2	2	0	0	1	1	0	1	1	0	1	1	1	1	1	0	0	1	0	0	0	0	1	2	0	1	1	1	1	1	1	0	0	0	0	1	1	0	0	1	0	1	0	1	0	1	0	0	2	1	1	0	0	0	1	1	0	1	0	1	0	1	0	1	1	1	0	0	1	1	1	1	0	0	0	0	1	0	1	1	0	0	1	1	0	1	1	0	0	0	0	0	2	
0	0	0	0	1	1	0	0	1	0	1	1	0	1	1	1	0	0	0	0	2	0	0	1	1	0	0	0	1	1	1	1	1	0	1	0	1	0	1	1	0	1	2	1	1	0	0	2	0	1	0	0	0	1	1	2	2	0	0	1	0	0	0	1	0	1	0	0	1	1	1	1	0	0	0	1	0	1	0	1	1	1	1	0	0	1	1	0	1	0	2	1	0	0	1	1	1	1	1	0	
1	0	0	1	0	0	0	1	1	0	1	0	1	0	1	0	1	0	1	1	0	0	0	1	1	0	0	0	1	1	1	0	0	1	0	1	1	1	1	0	1	1	1	1	0	1	0	0	1	0	1	1	1	1	1	0	1	0	0	1	0	1	1	1	0	0	0	0	1	1	0	1	0	0	1	1	1	1	1	0	0	0	0	0	1	0	0	0	2	1	0	0	0	1	2	1	1	0	0	1	
1	1	0	1	1	1	1	1	1	1	1	0	1	0	0	1	1	1	1	0	1	1	1	0	0	1	1	1	0	0	0	0	1	1	1	0	2	0	1	0	1	1	1	0	1	2	1	0	1	1	1	0	2	0	1	1	1	0	0	1	1	2	1	0	0	0	1	2	1	0	0	1	0	1	0	1	1	0	2	0	2	1	0	1	1	2	1	2	0	1	0	1	0	1	0	0	1	0	1	0	
0	1	1	1	0	1	1	0	1	1	1	1	0	0	0	0	1	1	0	1	0	0	0	0	0	0	0	1	0	1	0	1	0	1	0	0	0	0	1	1	0	0	0	0	0	1	2	1	0	0	1	1	0	0	1	1	0	1	0	0	0	0	0	1	1	1	1	0	1	0	0	0	1	0	0	0	1	0	0	0	2	0	0	1	1	1	1	1	1	1	0	1	1	0	0	0	2	1	0	1	
1	0	1	0	0	1	1	1	1	0	0	1	0	0	0	1	0	1	1	1	1	0	0	1	0	1	0	0	2	0	0	1	0	1	2	1	1	0	1	0	1	0	0	0	1	0	0	0	1	0	1	2	1	0	1	0	2	1	0	0	1	0	0	0	0	0	0	1	1	1	2	1	0	1	0	1	0	1	0	1	0	0	1	1	0	0	0	0	1	0	1	2	0	1	1	1	0	1	1	0	
0	1	0	0	1	0	2	0	0	1	0	1	1	1	1	0	0	1	1	1	2	1	1	0	0	0	0	0	0	1	1	0	1	1	1	0	1	2	1	0	1	0	1	0	0	0	1	0	2	0	1	1	0	0	1	0	1	0	1	0	0	0	0	0	0	0	1	0	1	1	1	1	0	1	1	0	0	0	1	1	0	0	0	0	1	0	0	1	1	0	0	1	1	1	1	0	2	0	0	0	
0	1	2	0	0	0	1	1	1	2	0	0	2	1	1	1	0	0	1	1	0	2	2	1	1	0	1	1	0	0	0	1	1	0	1	0	0	0	1	0	0	0	1	0	1	0	1	1	0	1	1	1	1	1	1	0	0	0	1	0	1	0	1	1	1	0	1	0	1	0	2	1	0	1	1	0	0	1	0	1	0	0	0	0	1	1	1	1	0	1	0	0	0	1	0	0	1	1	1	0	
1	2	0	1	0	0	1	1	0	0	1	1	1	1	0	0	0	0	0	1	0	1	0	0	1	1	1	0	1	1	0	1	0	1	1	0	0	0	0	1	1	0	0	1	1	0	0	0	0	0	0	0	1	1	1	0	1	1	1	0	1	0	1	1	1	1	0	0	0	0	0	1	0	0	0	1	0	0	0	0	1	0	0	0	2	0	0	0	0	0	1	1	0	1	1	1	0	1	0	0	
0	0	1	0	1	1	0	0	1	1	1	0	0	1	0	1	1	2	0	0	1	0	0	1	1	1	1	0	1	1	1	0	0	0	0	0	0	1	1	1	1	1	1	1	1	0	1	0	1	1	0	0	0	1	1	1	0	1	0	0	0	1	0	0	1	1	0	2	1	1	1	1	0	1	0	0	1	0	0	0	0	1	2	1	1	1	0	0	1	0	1	1	1	1	0	0	0	0	1	0	
0	1	1	1	1	0	0	1	0	1	0	1	1	0	1	1	0	1	0	0	1	0	1	0	0	1	0	1	0	1	0	1	0	1	0	1	1	0	0	0	1	0	1	1	1	0	1	1	1	1	0	0	0	1	1	2	0	1	1	1	0	1	1	0	1	0	0	0	1	1	0	1	1	1	0	1	0	0	0	0	1	1	0	0	2	0	0	0	0	0	1	0	0	0	1	0	0	0	0	1	
0	1	1	0	0	2	1	1	2	0	2	0	0	1	0	1	1	0	0	1	1	1	1	2	0	0	1	1	2	0	1	0	0	0	0	0	2	1	1	0	1	1	1	0	1	1	0	0	0	0	2	0	1	0	0	0	1	1	0	0	0	0	0	0	0	1	0	1	1	0	0	1	0	1	0	1	1	0	1	2	0	1	2	0	0	0	0	0	1	0	0	1	0	1	0	0	0	0	0	0	
0	0	1	1	0	0	0	1	1	0	1	1	1	0	1	1	0	1	1	0	0	0	1	0	0	1	0	1	0	0	0	0	0	0	0	1	2	0	2	0	0	0	0	0	1	1	0	0	0	0	0	1	1	1	1	1	1	1	1	0	0	1	0	1	0	1	0	1	1	1	0	0	1	1	1	1	0	0	1	0	0	0	0	0	0	1	1	0	0	0	0	0	0	1	0	1	1	1	2	1	
0	0	0	1	0	1	1	1	0	0	0	1	0	1	0	2	1	0	0	0	0	0	1	0	0	0	2	0	2	1	1	0	1	1	1	1	1	0	0	1	0	0	1	0	0	0	1	1	0	1	1	0	1	1	1	0	1	0	0	0	0	0	0	0	1	1	2	0	0	0	0	1	0	0	0	0	0	1	1	1	0	1	1	0	0	2	0	1	1	1	1	1	0	0	0	0	2	0	1	1	
0	0	1	0	0	1	0	0	1	0	1	0	0	0	0	1	1	0	1	0	2	0	0	0	1	1	0	0	0	1	1	1	1	0	1	0	0	0	0	0	0	0	0	0	1	0	0	0	1	1	0	1	0	1	0	0	0	1	1	0	0	1	0	0	1	1	0	0	1	0	1	1	0	0	0	1	1	1	0	0	0	0	0	1	0	0	1	0	0	0	0	1	0	0	1	0	0	0	0	0	
0	0	1	1	0	0	0	1	1	0	1	2	0	1	1	0	1	0	0	0	0	1	0	0	0	0	2	1	1	0	1	2	1	1	1	1	0	1	0	0	1	0	1	1	0	0	1	0	1	1	0	0	1	2	1	2	1	1	1	0	1	0	2	0	0	1	1	1	0	0	0	2	0	1	0	1	0	1	1	0	1	0	1	0	0	0	0	0	0	0	1	0	0	1	1	0	1	1	0	0	
1	1	0	1	1	0	0	1	0	0	1	1	2	2	0	0	1	2	0	0	0	1	2	1	2	0	1	0	0	1	1	1	1	0	1	0	1	1	1	0	1	1	0	0	1	1	0	1	0	0	0	0	1	1	0	0	1	1	0	1	0	0	0	0	0	0	0	0	0	1	1	0	1	1	1	1	0	0	0	0	1	0	0	1	0	0	1	0	0	0	0	0	0	1	1	0	0	0	0	0	
1	0	1	1	0	1	0	0	0	1	1	1	1	1	0	0	2	0	0	0	1	2	0	1	0	1	1	0	1	0	0	0	1	0	1	2	1	0	0	0	1	0	1	0	0	1	0	1	1	1	0	1	0	0	0	0	1	1	1	0	1	1	0	1	0	0	0	1	0	0	0	1	0	0	0	1	0	0	0	1	1	0	1	1	1	0	0	1	1	0	0	1	1	1	0	0	1	1	1	1	
1	2	0	1	0	1	0	0	0	1	0	2	0	1	2	1	1	1	1	1	1	0	1	1	1	1	0	0	0	1	0	1	0	0	1	0	0	1	0	1	2	0	0	1	1	0	0	0	0	1	1	1	0	1	0	0	0	1	1	0	0	0	1	0	1	0	1	1	1	1	2	1	0	1	0	1	1	0	1	1	0	1	1	0	1	1	0	0	0	1	1	1	1	0	0	1	2	0	1	0	
1	0	1	0	1	1	0	0	0	1	0	1	0	1	1	0	1	1	0	0	1	1	0	1	0	0	1	2	0	0	0	1	0	0	1	0	0	1	1	1	0	0	0	1	1	0	0	0	0	1	1	1	1	1	0	0	0	0	1	0	1	1	1	0	0	1	0	1	1	1	2	1	0	1	0	2	0	1	1	1	1	1	0	0	1	1	1	0	1	1	1	0	0	1	1	1	0	1	0	1	
0	1	1	0	0	0	1	2	0	1	0	0	0	0	2	2	0	2	0	0	0	0	2	0	1	1	1	0	1	1	0	0	0	1	0	1	0	0	0	1	1	1	0	0	0	1	1	0	0	0	1	0	0	0	1	0	1	1	0	0	0	0	0	0	0	0	1	0	1	0	1	1	2	0	1	2	1	1	2	1	0	1	0	0	1	1	0	0	1	1	0	1	0	0	0	0	1	0	0	1	
0	0	0	0	1	0	0	0	0	0	0	0	0	2	1	0	0	1	0	1	0	0	0	0	0	1	0	1	1	0	0	0	0	1	1	1	0	2	1	1	0	0	1	0	1	0	0	1	0	1	0	0	0	0	0	1	1	0	1	1	0	1	0	1	1	1	1	0	1	0	1	0	1	0	0	1	1	1	1	2	0	0	0	1	2	0	0	0	0	0	0	0	0	0	0	0	0	1	0	0	
0	1	1	0	0	1	1	1	1	0	0	1	0	1	0	0	0	0	1	1	1	0	1	1	0	0	1	1	0	0	1	0	0	1	1	0	0	0	1	1	0	0	0	1	0	1	0	0	1	1	0	1	0	1	1	2	1	0	1	1	1	0	1	1	0	0	1	1	0	1	1	0	0	0	1	1	1	0	0	0	1	0	1	1	0	1	1	0	1	0	1	0	1	0	1	1	1	1	1	0	
1	1	1	0	1	2	0	0	1	2	1	0	1	2	0	2	1	1	0	0	0	1	1	0	1	0	1	0	1	0	0	1	0	1	1	0	0	1	1	1	2	0	1	1	1	0	1	0	0	0	0	1	1	0	0	1	0	1	0	1	1	0	0	0	0	1	1	0	1	1	1	0	1	1	0	1	1	1	2	0	1	1	1	0	0	2	0	0	1	0	1	0	0	1	0	0	1	1	0	1	
1	1	1	0	0	0	1	1	0	1	1	1	1	0	0	1	0	1	0	0	0	1	0	1	0	0	0	0	0	0	1	0	1	0	0	0	1	0	0	1	0	1	1	2	0	0	0	1	0	0	0	0	0	1	0	0	0	1	0	0	1	0	0	1	1	0	0	0	1	0	0	2	1	1	1	0	0	1	0	1	0	0	0	0	1	0	0	1	1	1	1	1	1	0	1	0	1	0	1	0	
0	0	1	0	1	0	1	1	1	1	1	0	0	1	1	0	1	0	1	2	0	0	1	0	0	1	0	1	1	1	0	0	0	1	0	0	1	1	0	0	0	0	0	0	0	1	1	1	1	0	0	1	0	0	1	1	0	1	0	0	1	0	0	0	1	0	1	1	1	1	0	0	0	0	0	0	1	0	1	1	0	0	1	1	0	0	0	1	0	0	1	0	0	1	0	1	0	1	2	1	
0	0	1	0	1	0	0	1	0	0	1	1	1	1	1	0	1	1	1	1	1	1	1	0	1	0	0	1	0	1	1	1	0	1	0	0	1	1	0	1	0	1	0	1	1	1	0	0	1	0	1	0	1	0	0	1	1	1	1	0	1	1	1	0	1	0	1	1	1	2	1	0	1	0	1	2	0	1	1	0	1	0	1	0	0	0	0	1	0	0	1	1	0	1	1	2	0	0	0	0	
1	1	0	0	1	0	0	0	0	0	2	1	1	1	2	1	1	1	1	0	0	1	0	0	1	1	1	1	1	1	0	0	1	1	0	1	1	0	1	1	1	1	0	1	1	0	1	1	0	1	1	1	0	1	0	1	1	0	0	0	0	0	1	1	1	0	0	0	1	1	0	1	0	1	2	0	0	0	1	0	2	0	0	2	0	1	1	1	0	1	0	0	1	1	0	0	0	1	1	1	
2	1	0	0	0	1	0	1	0	1	1	0	1	0	1	1	0	0	0	0	1	2	1	1	1	1	0	1	0	0	0	1	0	0	0	1	1	1	0	1	0	0	1	1	0	1	1	1	0	1	0	0	1	1	2	0	0	1	1	1	0	0	0	1	1	2	1	1	1	0	0	0	1	0	0	0	0	1	0	0	1	0	0	1	0	2	0	0	1	1	1	0	0	0	2	0	1	0	1	1	
0	2	0	1	0	1	1	0	1	1	1	1	0	0	1	1	1	0	0	1	0	0	0	1	2	1	0	1	0	0	1	1	0	0	1	1	2	0	1	1	1	0	0	0	1	0	1	1	0	0	0	0	0	0	0	0	1	0	2	0	1	0	1	1	0	0	1	0	1	0	1	1	0	0	1	1	0	0	0	1	0	1	1	1	1	0	0	0	2	0	1	0	0	1	1	1	1	0	1	0	
1	1	0	1	0	2	1	0	0	1	0	1	1	1	1	0	0	1	0	0	2	0	0	0	0	1	0	0	0	0	0	0	1	0	1	0	0	0	1	0	1	1	0	0	1	0	0	1	0	0	0	0	0	0	0	1	1	0	1	0	1	0	1	1	0	1	1	1	0	0	1	1	0	1	0	1	1	1	0	0	1	1	1	1	1	0	1	0	0	2	0	1	1	0	0	0	1	1	0	0	
0	1	0	0	1	1	1	1	1	0	0	0	0	1	0	2	1	1	1	0	0	0	1	0	1	0	0	0	0	1	1	0	1	1	1	0	1	1	1	0	2	1	0	1	1	0	0	1	0	1	1	0	1	0	0	1	0	1	0	1	0	1	1	0	2	0	0	1	1	0	1	1	0	0	2	1	0	0	0	1	1	0	1	1	0	0	0	0	1	0	1	1	1	0	0	1	0	0	1	0	
1	0	0	0	0	1	0	0	0	1	1	0	1	1	2	1	1	0	0	0	0	1	1	1	1	1	0	1	0	0	1	1	1	1	1	1	1	1	1	1	1	0	2	0	1	0	0	2	1	0	1	1	0	1	1	1	1	1	0	0	1	0	1	1	1	2	0	1	1	1	1	1	0	1	1	0	0	0	1	0	0	1	0	1	0	0	0	1	0	1	1	0	0	1	1	0	0	1	0	1	
0	2	0	1	1	1	1	0	0	0	0	1	0	0	0	0	0	1	2	2	1	0	1	1	0	0	0	0	0	1	0	1	0	0	0	0	0	0	1	0	1	0	0	0	1	0	1	1	0	0	1	1	1	0	1	1	1	0	1	0	1	1	1	0	0	1	1	0	2	0	0	0	1	0	0	0	0	1	0	2	1	1	1	2	0	1	0	0	0	1	1	1	0	0	1	1	1	1	1	0	
1	1	0	1	0	0	0	2	1	1	1	1	1	0	0	1	1	0	1	1	1	1	0	0	1	0	0	1	1	0	1	0	1	0	1	0	1	0	0	1	1	0	1	0	1	1	1	0	0	0	0	0	1	1	0	1	1	0	0	1	1	1	0	1	2	0	0	1	0	1	1	0	0	1	2	0	1	1	1	0	0	1	0	1	0	0	1	1	0	0	2	1	0	0	0	1	1	1	0	0	
2	1	0	1	2	0	2	0	1	0	0	0	1	1	1	0	0	2	0	0	0	1	1	0	0	0	1	0	0	0	1	1	0	0	1	0	0	0	1	1	0	0	1	1	2	0	1	0	1	1	1	0	0	0	0	0	1	1	1	1	1	0	0	0	0	1	0	1	2	1	1	0	0	0	0	1	1	1	1	1	1	1	0	0	0	0	0	1	0	1	1	1	0	0	0	0	0	2	0	1	
0	0	1	0	1	1	0	0	0	0	0	1	0	0	0	0	1	0	0	1	0	1	0	0	1	0	1	0	0	0	2	0	0	1	1	1	1	0	1	1	1	0	1	1	0	0	1	1	1	1	0	0	1	1	1	0	1	0	0	0	1	0	0	0	1	1	0	0	0	0	0	1	1	1	0	1	2	1	0	0	0	1	0	0	1	1	0	1	0	0	1	1	1	0	2	1	1	0	0	1	
1	0	0	1	0	0	1	0	0	1	1	1	0	2	0	1	0	0	0	1	0	0	1	1	0	1	0	0	1	0	1	0	0	1	1	0	0	1	0	1	0	0	1	0	0	1	1	1	0	2	0	0	0	1	1	1	0	1	1	1	1	1	1	0	1	0	0	0	0	0	0	0	2	0	0	1	1	1	1	1	1	1	1	0	0	1	0	1	0	0	1	1	1	1	1	0	0	0	0	0	
2	0	0	0	0	0	1	0	0	0	0	1	0	0	0	0	2	0	1	1	1	0	0	1	0	0	1	0	0	1	1	1	1	0	0	1	1	0	0	0	0	1	0	0	0	1	0	1	1	1	0	0	0	0	0	1	2	1	0	1	1	0	0	1	1	1	1	0	0	2	0	2	0	1	0	1	0	0	0	0	1	1	0	0	1	2	1	1	1	0	0	0	0	0	1	0	1	0	1	0	
0	2	0	1	0	1	0	0	1	2	1	0	1	1	0	0	0	1	1	0	1	0	0	1	0	0	1	1	0	1	1	0	1	0	0	0	0	0	0	0	1	0	1	0	0	1	0	1	0	1	1	1	0	0	0	0	0	0	2	0	0	1	1	0	0	0	1	0	1	1	1	0	1	0	0	1	0	1	0	1	1	2	1	0	1	0	1	0	1	0	1	1	1	0	0	1	0	1	1	1	
1	1	1	1	1	1	0	1	0	1	0	0	1	2	0	0	0	1	1	1	0	1	0	0	1	0	1	1	0	0	1	0	0	1	1	0	1	0	1	1	0	1	0	1	0	0	1	2	0	0	0	0	0	1	1	2	1	0	0	0	1	1	0	1	2	0	0	0	0	1	0	0	0	1	1	1	0	2	0	0	0	1	1	1	1	1	0	1	0	0	2	0	0	1	0	2	1	1	1	0	
1	1	0	1	1	1	1	1	0	2	1	2	0	1	0	1	1	0	1	0	0	1	1	0	0	1	1	1	0	0	0	0	0	1	1	1	1	0	1	1	0	1	2	0	1	1	1	2	1	0	0	0	0	1	0	1	0	0	0	0	1	0	2	0	1	1	0	1	0	0	1	2	0	0	0	1	0	1	1	0	0	1	1	0	1	0	0	1	0	1	0	0	2	0	0	0	0	1	1	1	
0	1	1	0	0	0	0	0	0	2	1	1	0	0	1	0	0	0	1	0	0	1	0	1	0	0	0	1	0	0	1	1	0	0	2	0	2	0	1	0	0	0	0	1	1	0	0	1	0	1	2	0	1	0	1	0	1	0	1	1	1	0	1	0	1	1	0	1	0	0	0	0	0	1	1	1	0	1	0	0	1	0	0	0	0	1	1	1	1	0	0	2	1	1	1	0	1	0	0	0	
1	0	0	0	1	1	1	0	0	0	0	0	1	0	1	0	0	0	1	1	0	0	0	1	0	1	0	1	1	0	0	1	1	0	0	1	1	1	0	1	1	1	1	0	1	1	1	0	0	0	1	0	0	1	1	1	1	1	1	0	0	1	1	0	1	1	0	1	0	1	1	2	0	1	0	1	1	0	1	1	1	1	1	1	2	1	0	0	1	0	0	0	0	1	0	0	1	2	0	1	
0	0	0	0	0	0	1	0	1	0	0	0	0	0	1	1	0	0	1	0	0	1	0	1	0	0	1	0	0	0	2	0	1	0	1	0	0	0	2	1	1	0	0	0	1	0	0	0	0	0	1	1	1	0	1	1	1	1	1	0	0	0	0	1	0	1	0	1	0	1	0	0	0	0	0	0	2	0	0	1	0	0	1	0	0	1	1	0	1	1	0	0	2	0	1	1	0	2	1	0	
0	0	1	0	0	1	0	0	0	0	1	0	1	0	0	0	1	0	1	1	1	0	1	1	1	1	1	0	1	0	1	0	0	0	1	0	0	0	1	0	0	0	1	2	1	0	0	0	1	1	1	1	0	2	2	1	0	0	0	0	1	1	0	0	0	0	1	0	1	1	1	1	0	0	1	0	1	1	1	0	1	0	0	0	1	0	1	1	0	1	0	0	0	1	0	0	1	2	1	1	
1	2	0	1	1	1	0	0	1	1	0	1	1	0	1	1	0	1	1	0	2	1	2	1	1	1	1	1	1	1	0	0	0	0	0	1	0	0	1	0	1	1	0	0	0	0	1	0	0	0	1	0	0	0	1	0	0	0	1	2	2	0	1	1	1	1	0	1	0	0	1	0	1	1	1	1	0	0	1	1	1	1	1	1	1	1	0	0	0	1	2	1	0	0	0	1	0	0	1	0	
2	1	1	1	1	2	0	1	0	1	1	2	2	1	1	1	0	0	1	0	0	1	1	0	1	0	1	0	2	0	1	0	1	1	1	1	0	0	1	0	1	2	0	0	0	0	1	0	1	1	1	1	0	1	1	0	1	1	0	1	0	0	0	0	0	1	2	1	0	0	1	0	1	1	1	0	0	0	1	1	1	1	1	0	2	0	0	0	0	1	1	1	1	1	0	1	0	0	0	1	
0	0	0	1	0	0	1	2	1	0	0	0	1	1	0	1	1	2	0	0	0	0	0	0	1	0	1	1	0	1	0	0	0	1	0	1	0	0	0	0	1	1	0	0	1	0	1	1	1	0	1	0	0	0	0	1	0	0	1	1	1	0	1	1	0	1	0	1	0	0	0	0	0	0	0	1	1	0	1	1	0	0	1	0	0	0	0	1	1	0	2	0	0	1	1	1	0	0	1	1	
0	0	0	0	1	0	1	1	1	1	1	1	0	1	1	1	1	1	0	1	1	1	0	0	0	0	0	0	1	0	1	1	1	1	0	0	1	0	1	0	1	1	0	0	0	1	1	1	0	1	1	0	0	0	0	1	2	0	0	1	1	0	1	1	1	1	1	1	1	1	0	1	0	1	2	1	2	0	1	2	2	0	1	0	1	0	1	0	0	1	1	0	0	0	1	0	1	0	0	1	
1	1	1	1	0	0	1	1	1	1	0	1	2	1	1	0	1	0	1	1	1	1	1	0	0	0	1	1	0	0	1	1	1	0	1	1	1	2	1	0	0	0	1	0	1	1	0	1	0	0	1	0	1	1	1	1	0	0	1	1	1	1	0	2	1	1	1	0	0	1	1	1	1	1	0	0	1	1	1	1	1	0	1	0	1	1	0	0	0	0	0	1	0	1	1	1	1	0	1	1	
1	1	0	1	2	0	1	1	0	0	0	0	0	0	1	0	0	0	1	0	1	1	1	0	0	0	0	0	0	0	0	0	0	1	2	0	1	1	0	0	0	1	0	1	1	1	1	1	0	1	1	1	1	0	0	0	1	0	1	0	1	0	0	1	0	2	0	2	1	1	1	0	1	0	1	0	0	0	1	0	0	0	2	0	0	0	0	0	0	1	0	0	2	2	0	1	0	0	1	0	
1	0	0	0	0	0	1	2	1	0	1	2	0	1	0	1	0	0	1	1	1	1	1	1	0	0	0	0	1	0	1	1	0	0	0	0	2	1	0	0	0	2	1	1	0	1	1	0	1	1	1	0	1	0	0	1	1	0	0	0	0	0	0	0	1	0	0	2	1	1	0	1	0	0	0	1	1	1	1	1	1	1	1	0	1	1	0	1	1	1	1	1	0	1	0	0	0	0	1	0	
1	0	1	1	1	0	0	1	1	1	0	1	1	0	0	0	1	0	1	2	1	0	0	2	0	0	0	1	0	1	0	1	0	1	1	1	0	0	0	1	2	2	0	1	1	0	0	1	0	0	0	1	0	0	1	1	0	1	0	1	0	1	0	1	1	1	0	1	0	0	0	0	1	0	1	0	0	0	0	1	0	0	0	0	1	0	1	1	1	0	0	2	1	0	0	1	0	1	1	0	
0	0	1	0	1	0	1	1	0	1	1	0	2	0	0	0	1	1	0	1	0	0	0	1	0	0	1	0	0	0	0	0	0	0	0	1	0	0	0	0	1	0	2	1	1	1	1	2	1	1	1	0	0	0	0	1	0	0	0	0	1	0	1	0	0	1	1	0	1	1	0	1	0	1	1	0	0	1	0	1	1	1	0	0	1	0	0	0	1	1	0	0	1	1	1	0	0	1	0	1	
1	2	0	0	1	0	0	1	0	1	2	1	0	1	2	0	0	1	2	0	0	0	1	0	0	0	1	1	1	0	0	2	0	1	1	0	0	0	0	1	0	0	1	2	0	0	0	0	0	1	1	0	0	0	0	1	0	0	1	1	2	1	0	0	1	0	1	1	1	1	0	0	1	0	0	1	0	1	0	0	0	1	1	1	0	0	1	1	0	2	1	0	1	1	1	1	0	1	1	1	
1	0	0	1	0	0	1	0	0	1	1	0	0	0	0	1	0	1	0	0	0	1	1	1	0	1	0	0	0	1	1	1	1	1	1	1	1	1	0	1	0	0	1	0	1	1	2	0	0	0	0	1	1	0	1	1	0	1	0	0	0	0	0	1	1	1	0	0	0	0	0	0	1	0	1	1	0	1	1	1	1	0	0	2	1	1	1	0	1	1	0	1	1	1	0	0	1	1	1	0	
1	1	1	1	0	1	0	1	1	0	2	1	0	0	0	0	0	0	0	0	1	1	2	1	0	1	0	1	1	0	1	0	1	0	0	2	1	0	1	0	0	1	0	0	1	1	1	0	0	0	2	0	1	1	0	1	0	2	0	1	0	0	0	2	1	1	0	1	0	0	0	1	0	1	1	1	0	1	1	1	1	1	0	0	0	1	1	0	1	1	0	1	0	0	1	1	0	1	0	1	
0	1	0	0	1	0	1	1	2	0	1	1	0	0	2	0	0	0	1	1	1	1	1	1	1	1	1	0	0	0	1	1	0	0	1	0	1	1	1	0	1	0	0	0	0	1	1	0	1	0	1	1	1	0	0	0	1	1	1	1	1	0	0	0	1	1	0	2	1	1	0	1	0	0	1	0	0	0	0	1	1	2	1	0	0	0	1	2	0	0	1	1	1	0	0	1	1	0	0	1	
0	1	1	1	1	1	0	0	0	1	0	1	0	0	0	1	1	0	1	0	0	1	0	1	1	0	2	1	0	1	0	0	1	0	1	0	0	0	0	2	0	1	0	1	0	0	0	0	1	0	0	2	0	1	1	1	1	1	0	1	0	1	1	1	1	1	0	1	1	1	1	0	1	0	1	0	0	1	0	0	0	1	0	1	0	1	0	0	1	1	1	0	0	0	0	0	0	1	1	1	
1	1	0	2	1	0	0	0	2	1	0	1	0	0	0	0	0	1	1	1	0	0	1	1	0	1	0	0	1	1	0	1	0	0	0	0	1	0	0	1	0	0	0	1	0	1	1	1	0	1	0	2	1	0	1	0	0	1	1	0	1	0	1	1	0	0	0	0	1	1	0	0	1	1	0	0	0	1	0	0	1	2	0	1	1	0	1	1	0	0	1	1	0	1	0	1	1	0	1	1	
0	1	0	0	1	1	1	1	0	0	0	0	0	1	2	0	0	0	1	0	0	0	0	0	1	1	0	0	0	0	0	0	1	1	1	1	1	0	1	2	1	2	1	0	0	1	1	0	0	0	1	1	1	0	0	1	1	1	0	1	1	2	1	0	0	0	0	0	0	0	1	1	0	0	1	1	0	0	1	0	0	1	0	0	1	0	0	1	1	0	1	1	1	1	0	1	0	1	1	1	
1	1	1	1	1	1	1	1	0	0	1	0	1	0	1	0	0	0	0	1	0	1	0	0	0	1	1	1	0	0	1	1	1	0	1	0	0	0	0	0	1	2	0	1	1	1	1	0	1	0	1	0	0	0	1	1	1	1	0	1	1	1	0	1	0	0	1	2	0	0	0	1	1	0	0	0	1	1	0	1	0	1	0	0	0	1	0	1	1	1	0	1	1	0	0	0	1	0	1	0	
1	1	1	0	0	2	0	0	2	1	1	0	0	0	0	1	0	0	0	1	1	1	0	0	0	0	0	1	0	0	1	0	1	0	1	1	0	0	1	2	0	0	0	1	1	0	0	0	0	0	1	1	0	0	0	0	0	0	1	1	1	0	1	1	0	0	0	0	0	0	0	1	1	1	1	1	1	1	1	0	0	1	0	1	1	1	1	2	0	1	0	1	1	0	1	1	1	0	0	1	
1	1	0	1	0	0	1	0	1	1	1	0	0	1	1	1	1	0	1	1	0	1	0	1	0	1	0	1	0	1	1	0	1	0	1	0	1	0	2	1	0	1	1	1	1	1	0	0	1	1	1	0	0	1	0	1	0	0	0	0	1	0	0	1	1	1	1	0	0	1	0	0	1	0	0	0	0	0	1	0	0	1	1	1	0	1	1	1	1	0	1	0	1	1	1	1	1	1	1	1	
1	0	0	1	1	0	0	1	0	2	1	0	0	1	1	0	0	1	0	1	1	0	0	0	1	1	1	1	0	2	0	1	1	2	0	2	2	1	1	1	0	0	2	1	1	0	2	1	1	0	1	1	1	1	0	1	0	0	2	0	0	0	0	0	1	0	1	1	0	1	1	0	0	0	0	1	1	1	0	0	1	1	1	0	1	0	0	1	1	1	1	0	2	0	0	0	1	0	0	0	
0	2	2	1	0	0	0	2	2	0	1	1	0	0	0	2	0	0	1	1	1	1	1	0	0	1	0	0	0	0	1	0	0	1	0	1	0	1	1	0	1	1	2	1	1	1	0	0	0	0	0	0	0	1	0	1	1	0	0	1	0	1	1	1	0	0	0	0	0	1	1	0	0	0	0	0	0	1	0	1	1	1	1	2	0	0	1	1	2	1	0	1	1	0	0	1	0	2	2	1	
1	0	1	0	1	1	1	1	1	1	1	1	0	1	0	0	0	1	0	0	0	1	1	2	1	0	0	1	0	1	0	0	0	0	1	0	1	1	2	0	0	0	1	0	1	0	1	0	0	0	1	0	1	1	0	0	0	0	0	0	0	1	1	0	0	2	1	1	1	1	1	1	0	1	0	0	1	0	0	0	0	0	1	0	1	1	1	0	0	0	0	1	1	1	0	1	0	0	1	1	
0	1	1	0	0	0	0	1	1	1	0	0	0	1	1	0	1	0	0	2	0	1	1	1	0	1	0	1	0	0	0	1	1	1	0	1	0	0	1	0	2	2	1	0	1	1	1	0	0	0	1	0	1	1	1	1	1	1	2	1	0	0	1	1	0	0	1	1	1	0	0	1	0	0	1	1	1	2	1	0	1	0	0	2	0	0	1	0	1	1	1	1	0	0	1	1	1	1	0	1	
0	1	1	0	0	1	0	1	1	0	0	0	0	1	0	0	0	0	0	1	1	0	1	0	0	0	0	1	1	0	1	0	0	2	1	0	1	0	0	1	0	1	0	2	0	0	1	1	0	1	0	0	0	1	1	0	1	0	1	2	0	1	0	0	1	1	0	0	1	0	2	1	0	1	0	0	0	1	1	0	0	0	0	0	0	0	2	2	0	1	1	1	1	1	0	2	1	1	2	0	
0	1	0	0	1	0	2	0	0	2	0	1	1	1	0	1	0	0	0	1	0	0	1	1	0	0	0	1	0	1	1	1	0	0	0	0	0	0	0	1	0	0	1	1	0	0	0	2	1	0	0	1	0	1	1	2	0	0	0	0	1	0	1	1	2	1	0	1	1	2	1	0	1	1	1	0	1	1	1	0	0	1	1	1	0	0	1	2	0	1	0	0	1	1	0	2	1	1	0	1	
1	1	0	0	0	0	1	1	1	0	0	1	0	1	1	0	1	0	0	1	1	0	1	0	0	1	0	1	0	0	1	0	1	1	1	1	1	1	0	1	0	0	0	0	0	0	1	0	1	1	0	0	1	0	1	0	1	0	1	0	0	0	1	0	1	0	0	1	1	1	1	0	0	0	0	0	1	0	0	0	0	0	0	0	1	0	1	1	0	1	1	1	1	0	1	1	0	0	0	1	
0	1	0	0	0	1	2	1	1	1	1	0	0	1	2	0	0	1	0	1	1	0	1	1	1	1	0	0	1	0	0	1	0	0	1	1	1	0	0	0	1	0	2	0	0	1	1	1	1	0	0	1	0	1	1	0	0	1	0	1	0	0	1	0	1	1	1	1	0	0	0	1	0	1	0	1	0	0	2	0	0	0	1	0	1	1	0	0	1	1	0	0	0	2	1	0	1	0	0	0	
1	1	1	0	1	0	0	1	1	0	0	0	1	0	0	0	2	1	1	1	1	0	1	1	0	1	1	1	1	0	1	1	2	0	1	0	1	0	0	0	1	0	0	1	0	1	0	0	0	0	0	1	0	0	1	2	1	2	0	0	1	1	0	0	0	0	0	1	0	1	2	0	1	0	0	0	0	1	0	0	0	1	1	1	0	2	1	0	1	0	1	1	0	1	1	0	1	1	0	1	
0	1	0	0	1	0	1	1	1	1	1	0	0	0	1	1	1	1	0	1	1	1	1	0	1	2	0	0	1	1	0	1	0	0	1	1	0	1	0	2	2	0	0	1	0	2	0	0	0	1	0	1	0	0	1	1	0	0	1	0	1	0	1	0	1	0	0	0	1	0	0	0	2	1	1	1	0	0	1	1	1	0	0	0	0	0	0	1	0	0	1	0	1	1	0	0	1	0	0	1	
1	0	0	1	0	2	1	1	0	1	1	0	1	0	0	0	0	1	0	0	0	0	1	1	0	1	0	1	0	1	0	0	2	1	0	0	2	0	0	0	1	1	1	1	0	0	0	0	0	1	0	1	0	0	1	0	1	1	0	2	1	0	1	1	0	1	1	1	0	1	0	1	0	0	0	0	1	1	0	2	1	2	1	1	0	2	2	1	1	0	1	0	0	1	1	0	0	0	0	0	
0	1	1	1	0	0	0	0	0	1	0	0	1	0	0	0	0	1	2	0	1	0	1	0	0	1	1	0	1	1	1	1	0	0	0	1	1	0	0	0	1	1	0	1	1	0	1	1	1	0	0	1	0	0	1	1	0	1	0	0	0	1	0	0	0	0	1	0	0	1	1	1	0	1	1	0	0	1	0	0	0	1	1	1	0	0	1	1	0	0	0	0	0	0	0	1	0	0	0	1	
1	1	1	0	0	1	1	1	1	1	0	0	1	1	0	2	0	1	1	1	1	1	0	0	1	0	1	0	1	0	0	1	1	0	1	0	1	1	0	1	0	1	1	0	0	0	0	0	0	1	1	1	0	0	1	1	1	0	0	1	0	0	0	0	0	0	1	0	1	0	0	0	1	1	0	1	1	1	1	1	0	1	0	1	0	1	1	1	1	1	1	0	1	1	0	0	2	0	1	0	
0	0	1	1	2	1	1	1	0	1	1	1	1	1	1	1	0	1	1	0	1	0	1	0	0	1	1	1	1	0	1	1	1	0	1	0	1	1	1	0	0	1	0	1	0	1	1	0	0	1	0	0	1	0	1	0	1	1	1	1	0	0	1	0	0	0	0	0	1	1	0	1	0	0	0	1	0	2	1	0	1	0	0	1	0	1	0	1	0	1	0	1	0	0	1	1	1	0	1	0	
1	1	2	1	1	0	2	1	0	0	0	0	1	1	1	0	2	0	2	0	1	1	2	1	0	1	0	0	1	1	1	0	0	0	1	1	2	0	0	1	1	1	1	1	1	0	1	1	0	0	1	1	0	1	1	1	1	0	0	2	1	0	1	0	0	1	0	0	0	1	0	1	2	1	0	0	1	0	0	1	0	1	0	0	0	0	1	0	0	1	1	0	1	0	0	0	1	1	2	1	
1	0	0	0	1	0	0	1	0	0	0	1	0	2	0	0	1	1	1	0	1	1	1	1	0	1	0	1	0	1	1	0	1	1	0	1	1	1	0	1	0	0	0	1	0	0	1	1	1	0	1	0	0	0	0	1	0	0	0	1	1	1	1	0	2	0	2	2	1	0	1	1	0	1	0	1	0	0	0	0	1	0	1	0	0	0	0	1	1	0	0	0	1	0	1	0	1	2	1	0	
0	1	1	0	2	1	2	1	1	1	1	0	0	0	1	1	1	0	1	1	1	0	1	0	0	1	0	0	0	1	1	0	1	1	1	1	0	0	1	1	2	0	0	1	1	0	0	1	0	0	1	0	0	2	1	1	1	0	0	1	0	1	0	0	1	1	0	0	1	0	0	1	1	0	0	1	0	1	0	1	1	0	1	0	0	0	1	0	0	1	0	1	0	0	0	1	0	1	1	0	
1	1	0	1	0	1	1	1	1	1	1	2	0	0	0	1	1	1	0	1	1	0	1	1	1	1	0	1	1	0	0	0	0	1	0	1	1	0	1	1	1	1	1	0	1	1	1	1	0	0	1	0	1	0	1	0	0	0	0	0	0	1	0	1	0	0	0	0	1	0	0	1	0	1	1	0	1	1	1	1	0	1	1	0	1	1	0	1	0	1	1	0	1	1	1	1	0	0	1	0	
0	0	0	0	0	1	0	0	1	1	0	0	0	1	0	1	1	0	1	0	0	0	1	1	1	0	1	1	1	1	0	2	0	0	0	0	1	0	0	1	0	0	0	2	0	0	0	1	0	1	1	1	0	0	0	1	0	1	0	0	0	1	1	1	1	0	0	0	0	1	1	0	0	1	0	0	0	0	0	1	0	0	0	0	1	0	1	1	0	1	0	0	1	1	1	0	1	1	2	0	
1	1	0	0	1	1	0	1	1	0	0	1	0	0	1	1	1	1	0	0	1	1	1	0	1	1	0	0	0	0	1	0	1	1	0	1	1	1	0	1	1	1	1	1	2	0	0	0	0	0	0	1	1	0	1	1	1	0	0	0	1	0	0	1	1	0	0	1	0	0	2	0	0	2	0	0	0	0	0	0	0	0	0	1	1	1	1	0	0	1	1	1	2	0	0	1	1	1	0	1	
0	1	1	0	0	0	1	1	1	1	1	1	0	1	0	1	1	0	1	0	1	1	0	0	1	0	1	1	2	0	0	1	0	0	0	0	2	1	1	1	0	0	1	1	0	0	0	1	0	0	1	1	0	0	1	1	0	1	0	1	1	1	0	1	1	1	0	1	0	1	0	0	0	0	2	1	1	1	0	1	1	1	1	1	0	1	0	0	1	0	2	1	0	1	1	1	0	1	1	0	
1	0	0	1	1	0	0	0	0	1	0	1	0	1	0	1	0	1	1	1	0	0	2	1	0	1	2	2	1	1	0	0	1	1	0	0	1	1	0	1	0	0	0	0	0	1	1	1	1	1	1	2	0	1	0	0	0	0	1	2	0	0	0	0	1	0	1	0	0	1	0	0	1	0	1	1	1	1	1	1	1	1	1	1	0	0	1	0	1	1	0	0	0	0	1	1	0	0	1	0	
0	0	0	1	1	2	1	1	0	0	0	1	1	0	1	1	0	1	1	0	1	0	1	0	0	1	0	1	0	0	0	0	0	0	1	0	0	1	1	1	0	0	0	0	1	0	0	0	1	0	0	1	0	0	0	0	0	0	1	1	1	1	1	0	0	0	1	0	1	1	0	0	0	1	1	1	1	0	0	0	1	0	0	1	1	0	0	1	0	1	0	0	1	2	1	1	1	0	1	0	
0	0	1	0	0	1	1	2	0	0	2	1	1	0	0	0	1	1	0	1	1	0	0	1	0	0	2	0	0	0	1	0	0	0	1	0	1	0	1	1	1	0	1	0	0	1	0	0	0	1	1	0	0	1	0	1	0	1	0	0	1	1	1	0	0	0	1	2	0	1	1	2	0	0	0	0	0	2	1	1	1	0	0	2	1	0	1	1	1	0	1	1	1	0	0	0	0	1	2	0	
2	2	1	0	1	0	0	2	0	0	1	1	1	0	0	1	1	0	1	1	1	1	0	0	0	0	0	1	0	1	1	0	1	0	2	1	0	1	0	1	1	1	1	0	1	0	1	1	1	0	0	0	0	1	1	0	0	0	1	1	0	1	0	0	0	0	1	1	1	1	1	1	1	0	0	0	1	1	0	1	1	1	0	1	0	0	0	0	1	0	0	0	0	0	0	0	1	1	1	0	
0	1	0	0	1	0	2	0	0	1	1	0	1	1	0	1	0	2	1	0	0	0	1	1	1	1	1	1	1	1	1	0	0	0	0	1	0	0	2	1	1	1	0	0	1	1	1	0	0	1	0	0	0	1	2	1	0	0	1	1	1	0	1	0	0	0	1	1	1	1	1	0	0	1	2	0	0	0	0	0	0	0	2	0	1	1	2	1	1	0	0	1	0	1	1	0	0	1	0	1	
0	1	1	0	0	1	1	1	0	1	0	0	1	1	0	0	1	0	0	1	0	0	0	1	0	1	1	1	0	2	1	0	2	1	1	1	0	1	0	0	0	0	0	0	1	0	0	0	0	0	1	1	2	1	1	0	0	0	1	1	1	0	1	0	0	1	1	0	0	0	1	0	1	0	1	1	1	0	0	0	2	1	1	1	0	1	0	1	0	1	0	1	0	0	1	1	0	0	0	1	
1	0	0	1	2	1	1	1	1	1	0	0	1	2	0	0	0	1	0	0	0	0	0	1	1	1	0	0	0	1	0	1	0	1	0	0	1	1	0	0	1	1	2	0	0	0	1	1	0	1	1	1	0	0	0	0	1	1	1	1	2	0	1	0	0	1	1	0	1	0	2	0	0	1	1	0	1	1	1	1	1	2	0	0	1	0	0	1	1	0	0	0	1	0	0	1	0	0	1	1	
0	1	1	1	1	1	1	1	1	1	1	1	0	1	1	0	1	0	0	1	1	0	0	0	0	1	0	1	1	1	1	1	0	1	1	1	1	0	0	2	0	1	1	0	0	0	1	1	1	1	1	0	1	1	2	0	0	0	0	0	1	0	0	0	0	0	0	2	0	0	0	1	1	1	0	1	1	0	0	0	1	1	2	0	1	0	0	1	1	0	1	2	0	0	1	1	1	1	1	1	
0	1	0	1	0	0	0	1	0	1	0	0	0	1	1	0	1	1	0	1	0	0	0	0	0	1	0	0	1	0	0	1	1	0	1	0	0	0	0	0	0	1	0	1	1	1	0	0	0	1	0	1	0	0	0	1	1	1	1	1	0	0	0	1	0	0	0	0	0	1	0	0	1	0	0	0	2	2	1	0	1	1	0	0	1	0	0	0	0	0	2	0	0	1	0	1	2	0	1	1	
1	0	0	1	1	1	0	1	0	0	0	2	1	0	1	0	1	0	0	1	0	0	0	1	0	1	1	1	1	0	1	0	0	1	1	1	0	1	0	1	0	1	0	0	0	0	1	0	0	1	1	0	1	0	1	0	0	0	1	0	0	0	1	0	0	2	0	0	1	1	0	1	0	0	1	0	0	0	1	0	0	0	1	0	1	0	1	2	1	0	0	0	1	1	1	1	0	0	0	0	
1	0	1	0	0	0	1	1	0	1	0	0	0	0	0	1	2	0	0	0	1	1	1	1	0	1	0	1	1	1	1	1	1	0	1	1	0	0	1	0	0	1	0	0	0	0	0	1	0	0	1	1	1	1	1	1	1	1	0	0	1	0	1	1	0	0	0	0	0	0	0	0	1	0	1	1	1	0	1	0	0	1	1	0	0	0	1	0	0	1	1	0	1	1	0	0	1	0	0	0	
0	0	0	1	1	1	0	0	0	0	1	0	1	0	0	0	0	1	0	0	1	0	1	2	1	0	0	0	1	1	2	2	0	1	0	2	0	1	1	1	1	1	0	1	0	2	1	1	1	1	0	1	0	0	1	1	0	0	0	1	1	1	1	1	0	0	0	1	1	1	0	0	1	0	0	0	0	0	0	0	0	0	0	0	1	1	0	1	0	2	0	0	0	1	1	1	0	0	1	2	
1	1	1	1	0	0	0	1	0	2	0	0	0	0	1	1	0	1	1	1	0	1	0	0	0	1	1	1	1	2	1	1	0	1	1	0	1	1	1	1	0	0	0	2	0	0	1	0	1	0	0	0	1	0	1	1	1	1	0	0	0	2	1	1	1	0	0	2	0	0	0	2	0	0	1	1	1	1	0	1	0	0	0	1	0	0	1	0	0	0	1	0	1	1	0	0	1	0	0	0	
0	1	1	0	0	0	0	0	0	1	0	0	0	1	0	0	0	1	0	0	0	0	1	1	0	1	0	0	0	1	1	1	0	1	0	1	0	1	0	0	0	0	0	1	0	0	1	0	1	0	0	0	1	1	1	0	1	0	1	0	2	0	0	0	0	0	0	0	1	0	1	1	0	1	2	0	0	2	0	0	0	1	0	1	0	1	1	2	0	0	0	1	1	1	1	0	0	1	1	0	
0	0	1	1	0	1	1	1	2	0	0	1	0	1	1	0	0	0	1	1	1	1	1	1	0	0	0	0	0	1	0	0	1	0	0	0	0	0	1	1	1	2	1	0	1	1	1	1	0	1	0	1	0	0	1	0	1	0	1	0	0	2	1	1	1	1	0	0	0	1	0	1	1	0	0	1	0	1	0	1	0	1	1	1	0	1	1	0	2	1	0	0	0	0	0	1	0	2	1	0	
1	1	0	0	0	2	0	1	0	1	0	0	0	1	0	0	1	0	0	1	0	1	0	0	0	1	0	1	1	1	0	0	1	1	2	0	0	1	1	0	0	1	1	0	0	0	0	1	0	1	0	1	1	1	0	1	1	1	1	1	0	1	0	1	0	0	2	0	1	0	1	0	0	0	0	0	1	0	1	0	0	1	1	0	0	1	1	0	0	0	1	0	1	1	0	0	0	1	0	1	
1	0	0	1	0	1	0	1	0	0	1	0	0	1	0	0	0	1	1	1	0	0	0	0	0	0	1	1	0	0	0	0	0	1	0	1	0	1	0	0	0	1	1	0	1	0	1	0	0	0	0	1	1	1	0	0	0	0	1	0	1	1	1	1	1	2	1	1	1	0	1	0	0	0	1	1	1	1	2	1	0	0	0	0	1	1	0	0	0	0	0	0	0	1	0	1	1	1	1	0	
0	1	0	0	1	1	1	1	1	0	1	0	1	1	1	1	0	2	0	0	1	0	1	1	1	0	1	0	1	1	1	1	0	1	0	0	1	1	1	0	0	0	1	1	0	2	0	0	1	1	0	0	0	0	0	1	0	1	0	0	0	0	0	1	0	0	0	0	1	0	0	0	0	0	0	1	0	1	1	1	0	1	2	0	1	1	1	1	1	0	1	0	0	0	0	1	1	0	2	0	
1	1	1	1	0	0	1	0	0	1	0	0	0	0	2	0	0	1	1	0	1	0	1	1	1	2	0	0	0	0	1	0	1	1	1	0	0	1	0	1	1	1	1	0	1	0	2	2	1	2	0	0	1	1	1	0	0	1	0	0	1	0	1	0	0	0	0	1	0	1	1	0	1	1	1	1	0	1	1	0	1	1	1	1	0	0	1	0	0	1	0	0	1	1	1	0	0	0	0	0	
1	1	0	0	0	0	0	2	1	0	0	0	1	1	1	0	1	1	0	1	0	1	0	1	1	1	0	0	1	1	0	1	1	0	1	1	0	1	1	0	1	1	1	0	0	0	0	1	1	1	1	0	0	0	0	0	0	1	0	0	1	1	0	1	0	0	0	0	1	1	0	0	0	1	0	0	0	1	1	1	0	1	2	1	2	2	0	0	0	0	1	0	1	0	1	0	0	1	0	0	
1	0	0	1	0	2	1	0	0	0	0	0	1	1	0	2	1	0	0	1	0	1	1	1	1	1	1	0	2	1	0	1	0	1	2	1	0	0	1	0	1	1	0	1	1	0	2	0	0	0	0	1	1	1	0	1	0	0	0	0	0	1	1	0	2	1	0	1	0	0	1	0	0	1	1	0	1	1	1	1	0	1	1	1	1	1	1	1	0	1	1	1	1	1	1	0	0	0	0	0	
1	1	0	0	2	1	1	0	1	0	0	1	1	0	1	1	2	0	0	1	0	0	0	1	1	1	0	1	1	0	0	0	1	1	1	0	0	0	0	0	1	0	0	0	1	0	0	0	0	1	1	1	1	0	0	0	0	0	0	1	0	0	1	1	1	0	0	0	1	1	0	0	1	1	1	0	1	1	0	2	1	1	0	1	1	0	1	1	1	0	1	0	0	1	0	2	0	1	1	1	
1	1	1	0	1	2	1	1	0	2	0	0	1	2	1	0	1	2	0	1	0	0	1	1	1	0	0	0	0	0	0	0	1	0	0	0	1	0	0	1	1	0	1	1	0	1	1	0	0	0	0	0	0	1	1	0	0	1	0	1	1	1	0	0	0	0	0	0	1	0	0	1	0	0	1	0	1	2	0	0	0	0	0	1	0	0	1	0	1	0	0	0	0	1	1	1	1	0	0	0	
1	0	0	0	1	1	1	2	2	1	0	1	0	0	1	1	1	0	0	1	0	1	1	1	1	0	1	1	1	1	0	1	0	0	1	0	1	1	1	0	1	0	1	0	0	1	1	0	1	1	0	1	0	1	0	1	0	1	0	0	0	0	1	1	0	1	0	1	0	1	1	1	0	0	1	1	1	0	1	1	0	0	1	1	1	0	2	0	0	0	2	0	1	1	0	1	0	1	1	1	
0	1	0	1	0	0	0	0	0	0	1	2	1	1	1	0	0	1	0	1	1	0	0	1	1	0	0	0	0	1	1	0	0	0	1	1	1	0	2	1	0	1	0	1	0	1	1	1	1	1	1	0	0	0	1	0	1	1	0	1	1	1	0	1	0	0	0	2	1	0	0	0	0	1	0	0	0	0	0	0	0	1	0	0	0	1	0	1	0	1	0	0	1	1	0	1	1	1	0	1	
1	0	0	1	0	1	0	1	0	0	0	0	0	1	1	1	0	1	1	0	1	0	0	1	0	0	0	1	1	0	0	1	1	0	0	0	2	1	1	0	1	0	0	0	0	1	0	1	1	0	1	1	1	0	0	1	1	0	0	1	1	0	2	0	1	1	0	0	1	0	0	1	0	2	1	0	1	0	1	1	0	1	0	0	1	1	0	1	1	0	1	0	1	0	1	0	0	1	0	1	
0	0	1	0	1	1	0	2	1	2	1	0	0	2	0	1	1	0	0	0	1	0	1	0	1	0	0	1	1	0	0	0	1	0	1	1	1	1	0	1	0	1	0	1	1	0	1	0	0	0	0	1	0	0	0	0	1	1	0	1	0	0	1	1	1	0	0	1	0	1	1	1	0	0	0	0	0	1	0	0	0	1	1	0	0	0	1	0	0	0	0	0	1	0	0	1	0	0	1	0	
1	1	0	1	0	0	1	1	1	2	0	1	1	0	2	0	1	1	1	0	1	1	0	2	0	0	1	0	0	1	1	0	1	1	1	0	2	1	2	0	0	1	0	0	0	1	1	0	1	0	1	0	2	2	0	0	0	0	0	1	1	2	1	0	1	1	0	1	1	1	1	0	0	1	0	1	1	0	2	0	0	0	1	1	2	0	0	0	1	0	0	2	0	0	1	1	0	1	1	0	
1	0	0	0	1	0	0	1	0	0	0	0	0	0	0	0	0	0	0	1	0	1	0	1	0	0	0	1	1	0	0	1	0	0	1	0	1	1	1	1	0	0	2	1	1	1	0	2	0	0	1	0	0	0	1	0	1	1	1	1	0	0	1	0	1	2	0	0	0	1	0	1	1	1	2	0	0	1	1	0	0	1	1	1	1	2	1	0	2	1	2	0	1	2	0	0	0	1	1	1	
0	0	0	0	0	0	0	0	0	1	1	1	0	1	0	1	1	1	1	0	1	0	1	0	0	0	0	1	0	1	2	0	2	1	0	1	1	0	0	0	1	1	1	1	0	1	1	0	1	0	0	1	1	1	1	0	0	1	0	0	0	0	1	1	1	1	1	1	1	0	1	0	0	1	0	1	0	0	1	1	0	1	1	0	1	0	0	1	1	1	0	1	0	0	0	1	1	2	0	1	
0	0	1	1	1	0	0	0	0	0	1	0	1	0	1	1	0	0	1	0	1	1	1	0	1	1	1	0	0	0	0	0	0	0	0	1	0	0	0	2	1	1	0	1	1	0	0	1	0	1	1	0	0	1	0	0	0	1	0	1	0	1	0	0	0	0	2	1	0	0	0	1	0	1	1	2	1	0	0	1	0	1	0	0	1	0	1	0	1	0	1	0	0	0	1	0	1	1	0	0	
1	1	1	2	0	0	0	1	1	0	1	1	1	1	0	1	0	0	0	0	0	1	1	0	1	0	1	0	1	1	0	1	0	1	0	0	1	0	0	0	1	0	1	0	0	1	0	1	1	1	0	0	1	1	2	0	0	0	1	0	0	1	1	1	1	1	1	2	1	0	1	0	0	0	0	1	0	1	0	1	1	0	1	1	0	1	1	0	0	0	0	0	0	1	0	1	1	2	1	2	
0	0	1	1	0	0	0	2	0	1	0	0	1	0	0	1	1	1	1	0	0	0	0	2	0	1	1	1	1	0	1	1	0	1	0	0	1	1	1	0	1	0	2	0	1	1	1	1	2	1	0	1	1	0	0	1	1	0	1	0	0	0	1	0	1	2	0	1	0	0	0	0	1	1	0	0	1	0	0	1	1	0	1	1	0	2	0	1	0	1	1	1	0	0	0	1	1	0	1	0	
1	1	1	0	2	0	1	0	0	1	0	1	1	0	1	0	0	2	0	1	0	1	0	0	2	1	0	1	1	0	1	0	1	1	1	2	1	0	0	1	0	0	1	0	0	1	0	1	0	0	2	0	1	0	0	0	0	1	1	0	0	1	0	0	1	0	0	0	1	0	0	0	0	1	0	1	0	0	0	1	2	1	0	1	0	1	1	1	0	1	2	1	0	0	0	1	1	1	0	1	
0	0	1	0	1	1	1	0	0	0	1	1	1	1	0	0	1	0	0	1	0	1	0	1	1	0	1	1	0	1	1	1	1	0	1	0	1	2	1	1	1	0	1	0	2	0	1	1	0	0	0	1	0	0	2	0	1	1	0	1	1	0	1	1	0	0	1	0	0	0	0	0	1	1	1	0	1	0	0	1	1	0	1	1	0	0	0	0	1	1	1	2	0	0	1	0	0	1	2	1	
2	0	1	1	1	0	1	0	1	0	0	2	0	1	0	1	1	2	1	0	0	0	0	0	1	1	1	0	0	1	1	1	1	1	0	1	1	0	0	0	0	0	1	1	0	1	1	1	0	1	0	1	1	1	1	0	1	0	0	0	1	0	0	1	1	2	0	1	0	0	0	0	1	1	0	1	0	0	0	0	0	1	1	1	2	1	0	0	0	0	1	0	1	0	0	0	1	1	1	0	
1	0	0	0	0	0	1	1	1	1	1	0	0	0	1	0	0	0	1	0	1	0	1	1	0	2	1	1	1	0	1	1	1	1	0	1	1	0	0	0	0	2	0	0	1	1	0	1	0	0	1	1	1	0	0	1	1	0	1	1	1	0	2	1	1	1	1	2	0	1	1	1	1	0	1	1	0	2	0	0	2	0	0	0	1	1	2	1	0	0	1	0	1	1	1	0	0	0	2	0	
0	0	1	0	1	1	0	1	0	1	1	1	2	1	1	1	0	0	1	1	1	1	1	0	2	0	0	0	0	1	2	0	0	1	1	1	0	1	1	0	1	0	1	1	1	0	0	0	1	1	1	1	1	2	2	1	1	0	1	0	1	2	0	0	1	0	1	0	0	0	1	1	1	0	1	0	1	1	1	1	0	1	0	1	1	0	1	1	0	1	1	0	0	0	1	1	1	1	0	0	
2	1	0	2	1	1	0	1	1	1	0	1	1	1	1	0	1	0	0	1	1	1	1	1	1	1	0	0	0	1	1	1	2	0	0	1	0	0	0	1	1	0	0	1	1	0	1	1	1	1	1	0	2	0	0	0	1	0	0	1	0	0	1	0	0	0	1	0	0	0	1	0	0	0	1	0	1	1	1	0	1	0	1	1	0	1	0	0	0	0	0	1	0	2	1	0	1	1	0	0	
2	0	0	1	0	1	1	0	0	0	1	1	1	0	0	0	1	2	0	0	1	0	0	0	0	0	1	0	0	2	2	0	0	1	0	0	0	0	0	1	0	1	1	1	0	1	0	0	1	0	1	1	0	0	0	1	0	1	0	0	0	1	1	0	0	0	1	0	0	1	0	0	0	0	0	1	0	0	1	0	1	0	1	0	2	1	0	1	1	0	0	1	0	0	1	0	0	1	0	0	
1	0	1	0	0	1	2	1	1	0	1	0	0	1	0	0	1	0	0	0	0	1	0	1	1	0	1	1	0	0	1	1	0	1	1	0	0	1	1	0	1	1	1	0	1	0	1	0	0	2	1	1	1	0	0	0	0	0	0	1	0	1	1	0	1	1	0	0	0	1	1	1	1	1	0	0	0	0	2	0	1	0	1	1	2	1	0	1	1	0	1	1	0	1	1	1	1	0	0	0	
1	0	1	1	1	0	1	0	0	0	0	1	1	0	1	1	1	1	0	1	1	1	0	0	0	1	1	1	1	0	0	0	1	1	1	0	1	1	1	2	1	0	0	1	0	0	1	0	0	0	1	1	1	1	1	1	1	0	0	1	1	0	1	0	1	1	1	0	1	2	0	0	1	1	0	1	1	0	2	1	1	0	1	1	1	1	0	0	1	1	0	1	0	1	0	0	0	1	0	1	
1	1	1	1	1	0	1	0	1	1	1	0	0	1	1	0	0	0	0	0	2	1	0	0	0	0	2	1	0	0	0	1	0	2	1	1	1	0	1	1	1	1	0	1	1	1	1	0	0	1	0	0	1	0	0	0	0	1	1	0	0	0	0	0	1	0	1	1	1	1	0	1	1	0	2	0	1	1	1	1	1	0	0	0	0	1	1	1	2	0	0	0	0	0	1	1	0	2	0	1	
0	0	0	1	1	1	1	1	1	0	0	1	0	0	1	0	1	0	1	1	0	2	1	1	1	1	0	0	1	0	0	0	1	1	1	1	0	1	0	1	0	0	1	1	0	1	0	2	0	0	1	2	1	0	1	0	1	1	0	1	0	0	1	0	1	1	1	1	1	0	0	0	0	1	1	1	1	1	1	0	1	0	1	0	0	0	0	1	0	0	0	1	1	1	1	1	1	0	0	0	
1	0	1	1	1	1	0	0	1	1	1	1	0	1	0	1	0	1	1	0	1	1	0	2	1	1	0	2	1	1	0	1	1	0	2	0	0	0	0	1	1	1	0	0	0	1	0	1	1	1	1	0	0	1	2	0	1	0	2	1	1	0	1	1	1	0	0	1	1	0	0	0	1	0	1	0	1	1	0	0	0	0	0	1	0	0	0	2	1	1	0	1	0	0	1	0	0	0	0	1	
0	1	1	0	0	1	1	1	0	0	1	1	0	1	2	0	1	1	0	0	0	1	1	0	0	1	0	1	1	1	1	2	1	1	1	2	0	0	1	0	1	1	0	0	1	0	0	0	1	1	2	0	1	1	1	0	0	0	1	0	1	1	0	1	0	1	0	1	0	1	1	2	1	1	0	0	0	1	0	0	0	1	1	0	0	0	0	1	1	0	0	0	0	0	1	1	0	0	1	1	
1	0	1	1	0	0	0	2	1	0	1	0	0	1	0	0	1	0	1	0	1	0	1	1	0	1	1	0	1	0	1	1	1	2	1	0	0	0	0	0	1	2	0	1	1	1	1	1	0	0	0	1	0	0	0	0	0	0	0	1	1	1	1	0	1	0	1	1	0	0	0	0	1	0	0	1	0	0	0	0	1	1	1	1	1	0	1	0	0	0	0	1	0	0	1	0	1	1	1	0	
0	0	0	0	0	0	0	1	0	1	1	0	1	1	0	1	1	1	1	0	2	0	1	0	0	1	0	1	0	0	1	0	1	1	1	0	0	0	1	0	1	2	1	1	0	0	0	1	1	1	0	1	0	1	0	1	0	0	0	0	1	0	0	1	0	0	1	0	0	1	0	1	0	0	1	1	0	1	1	1	0	1	0	0	0	0	1	0	1	1	0	0	0	1	0	0	1	1	1	0	
1	2	1	1	0	1	1	0	1	1	0	1	1	1	0	1	1	1	0	1	1	1	1	1	1	1	0	1	0	0	1	1	1	1	1	0	1	0	0	1	0	1	0	0	1	0	1	1	1	1	0	1	1	0	1	1	1	1	0	1	0	1	1	0	1	0	1	1	0	0	1	0	1	0	0	1	1	0	1	1	0	0	1	0	2	1	1	0	1	0	0	0	2	1	1	1	0	1	0	0	
0	0	0	1	0	0	1	1	0	1	0	1	0	1	1	0	1	0	2	1	0	1	1	0	0	1	0	1	1	0	1	1	0	0	2	0	2	0	0	1	0	0	1	1	0	2	1	0	1	0	0	1	0	0	0	1	0	1	0	1	1	2	1	1	0	0	1	0	1	2	1	1	1	0	1	0	1	0	0	0	1	1	0	0	0	0	0	0	0	1	0	1	1	0	0	1	1	1	1	1	
0	0	0	0	0	0	0	1	1	0	1	1	0	1	1	0	0	1	0	0	1	0	1	1	1	1	0	1	0	1	1	0	0	1	0	1	0	1	0	1	1	1	0	0	1	1	0	0	0	0	0	1	1	1	0	0	0	1	1	1	2	1	0	1	0	1	1	1	1	0	2	0	0	1	0	1	1	1	1	2	2	0	0	1	0	1	0	1	1	1	0	0	0	0	0	2	0	2	0	0	
0	2	0	1	0	1	1	0	0	1	0	1	0	0	0	0	1	1	0	1	1	0	0	1	1	1	1	1	0	0	0	1	0	1	2	1	1	2	0	0	1	1	0	1	0	0	1	1	0	0	1	0	0	0	1	0	0	1	0	0	0	0	0	0	0	1	1	2	1	1	0	0	1	1	0	1	0	1	1	1	1	0	1	1	1	1	1	1	0	0	0	1	0	1	0	0	0	0	0	0	
0	1	2	1	0	1	1	0	1	0	1	0	0	1	0	1	1	2	0	1	0	1	0	1	1	1	1	1	1	0	0	0	1	1	0	0	0	0	0	0	0	0	0	2	0	1	0	0	0	1	1	0	1	1	1	1	1	0	0	1	0	0	1	0	2	1	0	0	0	1	0	1	0	1	1	1	0	1	1	1	0	0	0	1	0	1	1	0	0	0	0	0	0	0	1	2	1	0	1	0	
0	1	0	1	0	1	1	1	1	1	0	0	0	1	0	2	1	1	0	0	1	0	0	1	0	0	1	1	1	0	0	1	1	1	0	1	1	1	1	0	1	0	2	1	1	0	1	0	0	0	0	1	1	1	0	0	0	0	1	1	1	0	0	0	0	0	0	0	0	0	0	1	1	0	1	1	0	0	1	0	0	0	0	1	0	1	0	0	1	1	0	1	0	0	0	1	1	0	0	0	
1	0	1	1	1	0	1	0	0	1	0	1	2	1	0	2	0	0	1	1	1	0	0	1	0	0	0	0	1	1	1	0	1	1	1	0	0	0	0	0	0	0	1	0	0	0	0	0	0	1	1	1	1	1	0	0	0	0	2	0	0	1	1	1	1	1	1	0	1	0	0	1	2	1	1	1	0	0	0	0	0	0	1	0	1	0	0	0	1	1	1	1	0	0	1	1	2	0	0	0	
1	1	1	0	0	0	1	0	2	1	0	1	1	0	1	2	0	0	1	1	0	1	0	0	1	0	0	0	0	0	0	0	0	1	1	0	0	0	0	1	1	1	0	0	0	0	0	1	0	1	1	0	0	0	0	1	1	0	0	1	0	1	0	0	0	1	1	0	1	2	1	0	0	0	0	1	1	0	1	0	0	1	0	1	0	0	1	1	1	0	1	0	0	0	1	0	1	0	0	1	
0	1	0	0	1	1	0	1	0	1	0	0	0	0	1	0	0	0	0	0	1	1	1	0	0	1	1	0	0	1	0	1	1	0	1	1	0	0	0	0	1	1	2	1	1	1	0	1	1	0	1	0	0	1	0	0	1	1	0	1	0	0	1	1	0	0	0	0	0	1	1	1	0	0	1	1	1	0	2	1	1	0	0	1	0	0	1	0	1	0	0	0	1	1	0	0	1	2	0	0	
1	0	1	0	0	0	0	0	0	0	0	1	0	0	0	0	1	0	1	1	1	1	0	0	0	1	0	1	0	0	0	0	0	2	1	0	1	1	1	0	1	1	0	0	1	1	0	0	0	0	0	1	1	1	2	1	1	0	1	1	1	1	0	0	0	0	1	1	0	1	1	0	0	0	0	1	1	1	2	0	1	0	0	1	0	1	0	2	0	1	1	1	1	0	0	0	1	0	0	1	
1	0	2	0	0	0	1	1	1	0	1	1	1	0	0	0	0	0	1	0	1	0	1	0	0	1	0	0	0	2	0	1	0	0	0	1	1	0	1	1	0	1	0	2	0	1	2	1	0	1	0	0	0	0	1	1	1	1	0	0	0	1	1	1	0	1	0	0	2	0	1	0	1	0	2	1	0	1	1	1	1	1	0	0	1	0	1	0	0	1	2	1	0	1	0	1	1	0	0	1	
2	0	2	1	0	1	1	0	1	1	1	1	0	1	1	0	1	0	0	0	0	0	1	1	0	0	1	0	0	1	0	0	0	1	1	1	0	0	0	2	0	0	0	2	1	0	1	0	0	1	0	0	0	0	1	0	0	0	0	1	1	0	0	0	1	1	1	1	1	1	0	1	0	1	2	0	1	0	0	1	1	1	1	0	1	1	0	1	1	1	1	0	0	1	0	1	1	0	0	0	
1	0	0	1	1	1	1	0	0	1	1	1	0	1	0	0	0	1	1	0	2	2	1	1	1	0	0	1	1	1	1	0	1	0	2	1	2	1	0	1	0	1	1	1	1	0	1	0	0	1	0	0	1	0	0	1	1	2	0	1	1	0	0	0	0	0	0	1	1	2	2	1	1	0	1	1	0	0	1	1	0	1	1	1	0	1	1	1	0	1	1	1	1	1	1	0	0	0	1	1	
1	1	1	0	1	1	1	0	0	0	1	0	2	1	1	0	1	0	0	1	0	1	0	0	1	1	0	2	0	1	0	1	0	0	1	0	0	0	1	1	1	0	0	1	0	1	0	1	1	0	0	0	1	0	0	1	1	1	0	1	1	1	1	1	0	1	0	0	0	0	0	0	1	1	1	1	1	1	1	0	0	1	1	0	1	1	0	1	1	0	0	0	1	1	1	1	1	1	2	0	
1	0	1	1	0	0	1	0	1	0	1	1	0	1	1	0	0	1	1	0	1	1	1	0	1	1	0	1	0	1	1	0	1	1	1	0	1	0	1	0	1	1	1	1	0	0	1	0	0	0	1	0	1	0	1	0	1	0	1	0	0	0	1	1	1	0	0	1	1	1	0	0	1	1	0	0	0	1	1	1	1	1	0	0	0	0	0	1	1	0	0	1	0	1	0	1	1	1	2	0	
1	2	0	2	1	2	0	0	0	1	2	1	1	0	0	0	0	1	1	0	0	1	0	0	0	1	0	0	1	0	0	0	0	0	0	0	0	1	0	0	0	0	1	0	0	0	1	0	0	2	0	0	0	2	1	1	1	0	1	1	0	1	2	0	0	1	1	2	1	1	1	0	0	0	1	0	1	0	0	0	1	1	1	1	1	0	0	1	1	0	1	0	0	1	0	2	1	0	0	1	
1	0	0	0	0	0	1	0	0	1	0	1	0	0	0	1	1	0	1	0	0	0	1	1	0	0	0	0	1	1	1	0	1	0	1	0	1	1	0	1	0	1	1	1	0	1	1	0	0	0	1	1	0	1	0	1	1	0	1	0	1	0	0	1	0	0	1	1	1	0	0	0	0	1	1	1	0	1	0	1	0	1	1	2	0	1	0	0	1	0	0	1	1	2	1	1	1	0	1	2	
1	0	1	0	1	0	0	0	1	1	0	2	0	0	0	0	1	1	1	1	1	1	0	1	1	0	0	0	0	1	1	0	1	0	1	0	1	1	1	1	0	0	1	1	1	1	0	1	0	1	2	2	0	1	1	0	1	0	0	2	2	1	1	0	0	1	1	1	0	1	1	2	0	1	0	0	0	1	1	0	0	0	0	1	0	0	1	0	0	1	0	1	0	1	1	0	1	0	1	1	
1	0	0	1	0	0	1	0	0	0	0	0	1	1	0	1	1	0	0	0	1	1	2	0	1	0	0	1	0	0	1	1	1	1	1	0	1	0	1	1	0	1	1	0	1	1	1	1	1	1	1	0	0	1	1	0	1	1	0	0	0	0	0	0	1	1	0	1	0	1	0	1	1	0	1	1	0	0	0	0	1	1	1	0	0	0	0	0	1	0	0	0	0	2	0	1	1	0	0	0	
0	1	1	1	0	1	0	1	1	0	1	0	0	1	1	1	1	0	0	1	0	1	1	0	0	0	0	0	1	1	1	0	0	0	1	1	1	1	1	1	1	1	0	0	0	1	0	1	0	0	0	1	0	1	0	1	1	1	1	0	1	0	0	1	1	0	0	0	0	0	0	1	0	0	0	1	0	1	1	1	1	0	1	1	0	0	0	2	2	0	1	1	0	1	1	0	1	0	0	0	
0	1	0	1	1	1	1	0	0	1	0	1	1	1	0	1	1	0	0	0	1	1	1	1	0	1	0	0	1	0	1	0	0	0	1	1	1	1	1	0	1	1	1	1	0	1	1	1	1	1	1	1	0	0	1	0	1	1	1	1	2	1	1	0	0	1	1	1	1	0	0	0	0	0	1	0	0	1	0	1	1	1	1	0	1	1	1	0	1	1	1	1	0	0	0	0	0	0	0	0	
1	1	0	1	0	1	0	0	1	1	0	0	0	0	1	1	0	0	1	2	1	1	1	1	0	0	1	1	2	0	1	1	0	1	0	1	1	0	0	0	0	0	0	1	1	0	0	0	1	2	1	1	0	0	0	1	1	1	0	1	1	0	1	0	0	0	2	0	0	1	1	0	1	0	1	1	1	1	1	0	1	1	1	0	1	1	0	1	0	2	0	1	1	1	0	1	1	0	0	0	
0	1	0	0	1	1	0	0	1	0	0	1	0	1	1	0	0	0	1	0	1	1	1	1	1	1	0	1	0	1	0	2	1	1	1	1	1	0	1	0	0	0	1	0	0	1	2	1	1	0	0	1	1	0	1	1	1	0	0	1	1	0	0	0	1	2	1	2	0	1	0	1	0	2	1	0	0	1	0	0	1	1	0	0	0	0	1	1	1	1	1	0	1	0	0	1	1	0	1	1	
0	0	0	1	0	1	1	0	0	1	0	1	1	0	0	0	1	0	0	1	1	1	0	1	1	1	1	0	1	2	1	0	0	0	1	1	1	1	2	1	0	0	1	0	1	1	0	0	0	1	1	0	0	1	0	0	0	1	0	0	0	0	0	1	0	0	0	2	2	1	1	0	0	0	0	0	1	1	1	1	1	1	0	0	0	1	1	0	1	0	0	0	0	0	0	1	1	1	0	0	
0	0	1	1	2	0	0	1	1	0	1	0	1	1	1	0	0	1	0	0	1	0	0	0	1	1	0	1	0	1	0	1	0	1	0	1	0	1	0	1	0	1	0	0	0	0	1	0	0	1	1	1	0	1	1	1	0	0	0	0	1	0	0	0	1	1	1	0	1	1	0	0	0	1	0	1	2	0	2	0	0	0	1	1	0	0	1	0	0	1	0	0	1	0	0	0	1	1	1	0	
1	0	2	0	1	1	0	1	0	0	1	1	1	1	0	0	1	1	0	1	1	1	1	0	0	0	1	1	1	2	1	0	1	2	1	2	0	1	0	0	0	1	0	0	1	1	2	0	0	1	0	0	0	0	0	2	1	0	1	1	1	0	1	1	0	0	0	1	0	0	1	0	1	1	0	0	1	1	0	0	0	2	1	0	0	0	0	1	0	1	1	0	1	0	0	1	1	1	0	0	
0	0	1	1	0	1	0	1	0	0	0	1	0	0	1	0	0	1	1	2	2	0	1	0	1	1	0	1	1	1	1	0	1	0	1	1	1	0	0	1	1	0	0	1	1	0	0	0	1	0	0	0	2	1	0	1	1	0	1	1	0	0	0	0	1	0	2	0	1	1	1	0	0	1	0	0	0	1	1	0	1	0	1	1	0	0	0	0	0	1	1	0	1	0	0	1	1	2	1	2	
0	1	0	0	1	0	0	1	1	0	1	0	1	0	0	0	0	0	1	1	1	2	0	1	1	1	0	1	0	1	1	0	0	0	1	1	0	2	1	0	0	1	1	1	1	1	0	0	1	1	0	0	1	0	1	0	1	0	0	1	0	0	0	0	1	1	1	0	1	1	0	1	1	1	0	0	1	1	1	1	0	0	0	0	0	1	1	1	0	0	0	1	0	0	0	1	1	1	0	0	
0	1	1	0	0	1	0	0	1	0	0	1	1	0	1	0	0	1	1	0	0	0	1	1	2	0	1	0	0	1	0	0	1	1	0	1	0	0	2	0	1	0	1	1	1	1	0	1	0	0	0	0	1	1	1	0	1	0	0	1	1	2	0	1	0	1	0	1	0	0	1	1	0	1	1	0	0	1	0	0	0	0	0	1	0	1	1	1	1	1	0	0	0	1	1	1	1	1	0	0	
1	1	0	0	1	0	0	1	0	0	1	0	2	1	0	1	1	0	1	0	1	2	0	1	0	1	0	1	0	0	1	0	1	0	0	1	1	1	1	1	0	1	2	1	1	0	1	1	0	1	1	0	0	2	0	1	0	1	0	0	0	0	0	1	0	1	2	1	0	1	1	2	1	0	0	1	0	1	1	1	0	0	0	1	1	1	1	2	0	0	0	1	0	0	0	0	1	0	0	0	
0	0	1	1	0	1	0	0	1	1	0	1	0	0	1	1	2	1	1	1	1	0	0	1	0	2	0	1	2	1	1	1	0	0	0	0	2	1	1	1	0	0	1	1	0	0	1	0	0	0	0	0	1	0	0	0	0	1	1	1	1	1	0	0	1	1	1	1	0	1	1	0	1	1	0	0	2	0	0	1	1	0	0	0	0	0	1	1	1	1	1	0	1	0	1	0	0	1	0	1	
1	0	1	0	0	1	1	2	0	1	1	1	0	0	2	0	0	0	1	1	1	0	0	1	0	1	0	0	1	0	0	1	1	0	1	0	1	1	1	0	1	1	1	0	1	0	1	1	1	2	1	1	1	2	0	1	1	1	0	0	0	2	1	1	0	1	1	0	1	2	1	1	0	1	0	1	1	1	0	1	1	1	0	0	1	1	1	1	1	0	1	1	2	0	1	0	0	1	0	0	
0	1	1	1	1	1	0	0	1	2	1	1	0	0	0	1	1	1	0	0	1	1	0	1	1	0	1	0	0	0	1	0	1	0	0	0	2	1	1	1	1	0	1	1	0	0	1	0	1	0	1	1	1	0	1	1	1	1	1	1	0	0	1	1	1	0	0	1	1	1	1	0	1	0	0	1	0	1	1	0	0	1	0	0	1	1	0	0	1	0	1	2	1	0	0	1	1	0	1	1	
0	1	1	0	1	0	1	1	0	1	0	0	0	0	1	0	0	0	1	1	0	0	0	1	2	0	1	1	0	0	1	0	1	0	0	1	0	1	1	1	1	1	0	0	0	1	1	1	1	1	0	0	0	0	0	1	1	0	1	0	0	0	0	2	0	1	1	1	0	1	1	0	1	2	1	0	0	0	1	1	1	1	1	0	1	1	1	0	1	0	1	1	0	0	1	1	1	2	0	1	
1	0	0	0	1	0	0	0	1	1	1	1	1	1	1	0	0	1	0	1	0	1	0	1	0	0	0	0	1	0	1	0	0	1	0	0	0	0	0	0	1	0	1	0	0	1	0	1	0	1	0	0	1	0	0	1	0	1	1	2	2	2	1	0	1	1	1	0	1	0	1	0	0	1	0	0	0	1	0	0	0	0	1	0	0	1	1	0	1	1	1	0	0	1	0	1	0	0	0	0	
1	1	0	0	0	0	0	1	0	0	0	0	1	1	0	1	0	0	1	0	1	0	0	1	0	1	1	0	1	0	1	0	1	1	1	1	0	0	0	0	1	1	0	0	0	1	0	0	0	1	0	1	0	2	1	0	0	0	0	0	1	1	0	0	0	0	1	0	1	1	0	1	1	1	0	0	0	1	1	0	0	1	1	0	0	1	0	0	1	0	0	0	1	1	0	0	1	0	1	0	
0	0	1	1	0	1	0	1	0	2	1	1	0	2	1	1	0	0	0	1	1	0	1	1	0	0	0	1	0	1	1	0	1	0	0	1	0	0	1	0	0	0	0	1	1	1	1	1	1	1	0	1	1	0	1	0	0	0	0	0	2	0	0	0	1	0	2	0	1	1	0	0	0	1	0	1	1	1	0	1	1	1	1	0	0	0	0	1	1	1	1	0	1	1	1	1	1	1	0	0	
1	1	0	1	0	0	0	0	1	0	0	1	2	0	0	1	0	0	0	0	1	0	0	0	0	0	1	0	0	0	0	0	1	1	0	1	1	0	0	0	0	1	0	1	1	2	0	1	0	0	0	0	0	1	0	1	1	1	1	1	0	1	0	2	1	1	0	0	0	1	0	1	0	0	1	0	0	2	1	0	1	1	0	1	0	0	1	0	0	1	1	1	0	0	0	0	0	0	0	1	
1	0	0	0	1	1	1	1	0	2	1	0	1	1	0	1	1	1	0	0	0	2	1	0	1	0	2	1	1	1	0	1	0	0	0	1	0	1	1	1	1	0	0	0	0	0	0	1	1	1	0	0	1	1	1	1	0	0	0	1	0	0	0	0	1	0	1	0	1	0	1	0	0	1	0	0	0	1	1	1	1	1	0	1	1	0	1	0	1	0	0	1	0	1	0	0	1	0	0	1	
0	1	1	1	0	0	0	0	2	0	0	0	1	0	0	0	0	0	2	1	1	0	0	1	1	1	0	0	1	1	0	1	1	1	1	1	1	0	0	0	1	1	0	1	1	2	1	0	0	0	1	1	2	0	0	1	0	1	1	1	0	0	0	1	0	0	0	0	0	1	0	0	0	0	1	0	0	1	0	0	1	1	1	0	0	1	0	0	1	0	1	1	0	0	1	1	1	0	0	0	
1	2	2	1	0	1	2	1	0	1	1	0	1	1	1	0	0	2	1	1	1	2	0	1	2	2	2	0	0	1	0	1	1	0	0	1	1	1	0	1	1	1	0	0	1	0	0	1	1	0	0	0	0	0	0	1	1	1	1	0	1	1	0	1	0	0	0	1	0	2	0	0	1	0	1	0	0	0	2	0	1	0	2	1	0	1	0	0	0	0	1	1	1	0	1	1	1	2	0	1	
2	0	0	1	0	2	1	2	0	0	0	0	0	0	0	0	0	1	1	0	0	1	0	0	0	2	1	1	0	1	0	0	0	0	0	0	1	0	1	1	1	0	1	0	0	1	1	1	0	2	0	1	0	0	1	1	1	1	0	1	0	1	1	0	1	0	0	1	1	1	0	0	1	0	1	0	1	0	1	0	1	0	1	0	1	1	0	1	0	0	1	1	0	1	0	0	1	0	0	1	
1	1	1	1	1	1	1	1	0	0	1	1	1	0	1	0	0	2	0	0	0	1	0	1	0	1	0	1	0	2	1	1	0	1	2	0	1	0	1	0	0	1	1	1	0	1	1	1	0	0	0	1	0	2	1	0	1	0	1	0	1	0	1	0	0	0	0	0	0	0	1	1	1	1	1	1	1	1	0	0	1	0	0	0	0	1	1	0	2	1	0	1	2	1	1	1	1	0	1	0	
0	1	1	1	1	1	1	1	0	0	0	0	0	1	1	0	1	0	0	0	0	1	1	0	1	1	1	0	0	1	1	1	1	2	0	0	0	1	0	0	1	1	0	2	0	1	1	0	0	0	1	0	1	2	0	1	1	1	0	2	1	0	0	1	1	0	0	0	0	0	1	0	0	1	1	0	2	1	0	1	1	1	0	2	1	1	1	1	2	0	0	0	0	1	0	1	0	1	1	1	
0	1	1	0	1	1	1	1	0	0	1	0	1	1	1	0	1	1	1	0	0	0	0	1	0	1	1	0	0	0	2	1	1	1	0	0	1	0	0	1	0	1	1	0	1	1	0	0	0	0	0	1	1	0	0	1	1	0	0	0	0	0	0	1	0	1	1	0	1	1	0	1	1	1	0	0	0	2	1	0	1	0	0	2	1	1	0	0	0	1	0	1	1	0	1	0	0	0	1	1	
0	0	0	0	0	0	1	1	1	1	2	0	1	0	0	0	2	1	0	0	2	1	0	1	1	1	0	1	1	0	0	1	1	1	1	1	1	0	2	1	1	0	0	1	2	0	1	1	1	2	1	1	0	1	0	1	0	0	0	1	0	1	0	0	1	1	1	0	0	1	0	1	0	0	0	0	1	0	0	1	2	0	1	0	0	0	0	0	0	1	1	1	1	0	1	1	1	0	1	1	
1	1	0	2	0	0	0	0	1	1	1	1	1	1	1	0	1	1	0	1	1	1	1	0	1	0	1	0	0	0	0	1	0	2	1	0	0	1	1	1	1	0	0	1	0	0	0	1	1	1	1	1	0	0	0	1	0	0	0	0	0	0	1	0	1	0	0	2	0	0	1	0	0	1	0	1	0	0	1	1	2	1	1	1	0	1	0	0	0	0	1	0	1	0	1	0	1	0	1	0	
0	0	1	1	1	0	0	1	1	1	1	0	0	1	0	2	1	1	0	1	1	0	0	1	1	1	0	0	0	1	1	0	1	1	0	0	1	0	1	1	0	0	0	0	1	1	1	2	0	1	0	1	1	1	0	0	0	2	0	0	1	0	0	0	0	0	0	1	1	1	0	1	1	0	2	1	0	0	0	0	1	1	0	0	1	1	1	0	0	0	1	0	0	2	1	0	0	0	1	1	
0	0	0	0	0	0	1	1	0	1	1	1	0	0	0	0	1	1	1	1	1	0	1	1	1	2	1	2	1	1	1	1	1	1	0	0	1	0	0	0	0	1	0	1	1	0	1	0	0	1	0	1	1	1	1	1	0	0	0	0	0	1	1	0	0	0	0	2	1	0	1	0	0	0	0	0	0	0	0	0	0	1	1	0	0	1	1	0	0	0	0	0	0	0	0	1	1	1	0	2	
0	0	2	2	0	0	0	1	0	0	1	1	0	1	1	1	0	0	0	0	0	1	0	1	1	0	0	0	2	0	0	0	0	1	1	1	1	0	0	1	1	0	1	0	0	1	0	1	0	1	0	2	0	0	0	2	1	0	0	1	1	1	1	0	0	1	2	0	1	0	0	1	1	0	1	1	1	0	1	0	1	0	1	0	0	2	1	1	0	0	0	0	1	1	1	1	1	0	0	1	
0	0	0	0	1	0	0	1	1	1	0	0	0	1	1	0	1	1	1	1	0	0	0	0	1	1	1	0	1	1	0	1	1	2	0	1	1	1	1	0	0	0	0	0	1	1	1	1	1	0	1	1	0	0	0	1	0	0	0	1	0	1	1	1	0	1	1	1	1	0	1	0	0	1	0	0	0	0	0	0	1	0	0	0	0	1	2	0	1	1	1	1	0	0	0	0	1	0	0	0	
0	1	1	1	0	1	0	0	0	1	0	0	1	0	1	0	1	1	2	1	0	0	1	0	0	0	0	2	2	0	1	0	1	1	0	1	1	1	0	1	1	1	0	1	0	0	0	0	2	1	2	0	2	0	0	0	0	1	0	0	0	0	2	0	1	0	1	1	1	0	1	1	0	0	1	0	1	0	0	0	1	1	1	1	0	0	0	0	0	1	0	0	0	1	0	1	1	0	1	0	
1	0	1	0	0	1	1	1	0	0	0	1	0	1	1	1	0	1	0	2	1	1	0	0	0	1	2	1	2	1	1	1	2	0	1	1	0	0	0	0	1	0	1	2	0	2	1	0	1	0	1	1	1	0	1	0	1	1	1	1	1	1	0	0	0	0	2	1	1	1	1	2	1	1	1	0	1	1	0	0	0	0	0	1	0	0	1	0	1	0	1	0	0	0	1	1	0	1	1	1	
0	0	1	1	0	0	0	1	1	1	0	0	0	1	1	0	0	0	0	0	0	2	1	1	0	1	0	0	1	1	1	0	0	1	0	0	1	1	0	1	0	1	1	1	0	0	1	1	1	1	0	0	1	0	1	0	1	1	1	0	1	0	2	0	1	1	0	1	1	0	0	1	1	1	1	0	1	0	0	0	1	1	0	0	0	1	1	1	0	0	0	2	0	1	1	1	0	1	1	0	
1	0	0	0	1	1	0	0	1	1	1	0	0	0	0	0	0	0	0	0	1	0	0	1	1	0	1	1	0	1	0	0	0	1	1	0	0	1	1	1	1	0	0	1	0	0	1	0	0	0	0	1	0	0	0	0	0	1	0	0	2	1	0	0	0	1	0	0	1	0	1	1	0	1	1	0	0	2	0	0	1	0	0	0	1	1	1	1	0	0	1	0	1	0	0	0	1	1	2	1	
0	0	0	1	1	0	1	1	0	0	0	1	1	1	1	0	1	0	0	1	1	0	0	1	0	1	1	2	1	0	1	0	1	0	1	0	1	1	0	0	1	0	1	1	0	0	1	0	0	1	0	0	0	0	0	0	1	1	0	2	1	0	1	1	1	1	0	0	1	0	0	0	1	1	1	1	1	1	1	1	1	1	1	0	0	1	1	1	1	1	1	1	1	1	0	0	0	1	0	0	
1	0	1	1	1	2	1	0	0	1	1	1	0	1	0	1	1	0	0	0	1	0	1	0	0	1	0	0	0	0	1	1	1	0	0	0	0	0	1	1	1	2	0	1	0	0	0	0	1	0	0	0	0	0	1	1	1	0	0	1	1	0	0	0	0	1	1	2	1	1	0	0	1	1	1	0	0	1	2	0	0	1	0	1	2	0	1	0	1	1	1	0	0	1	0	0	1	0	0	1	
1	1	1	0	2	0	1	1	0	0	0	0	0	1	0	0	0	1	0	1	1	1	1	1	1	0	0	0	0	0	1	1	1	1	1	1	1	1	1	0	0	0	1	1	0	1	1	1	0	1	1	0	0	1	1	0	0	1	1	1	0	0	0	0	0	0	0	1	0	1	1	2	0	1	0	1	1	0	0	1	1	1	0	1	0	1	0	1	1	0	1	0	0	1	0	1	1	0	0	1	
0	1	0	0	1	1	1	0	1	0	0	1	1	1	0	0	1	2	2	1	1	0	1	0	0	1	1	1	0	1	0	0	0	2	0	1	0	0	0	0	0	1	0	0	0	1	0	0	0	0	1	1	0	1	0	1	1	0	1	2	1	0	0	0	0	1	1	1	1	0	0	0	0	0	0	1	0	0	1	1	0	0	2	1	1	0	0	0	1	1	0	1	1	0	0	0	0	0	0	0	
1	2	0	1	0	0	0	0	1	1	2	0	1	0	1	0	1	1	0	0	0	0	0	2	0	0	1	1	1	0	1	1	1	0	1	0	2	1	1	0	0	1	1	0	0	0	0	0	0	0	1	0	2	1	0	0	1	1	0	0	0	0	0	1	0	0	1	1	0	2	1	0	1	1	0	1	1	0	0	1	0	0	0	1	1	0	1	1	0	0	0	0	1	0	0	1	1	0	0	1	
1	1	0	0	0	0	1	0	0	0	0	1	1	1	2	1	1	1	1	0	0	0	0	1	1	1	1	1	1	1	0	1	1	1	1	0	0	0	1	0	1	0	0	0	1	2	1	0	2	0	0	0	0	0	1	1	1	0	0	1	0	0	1	1	1	0	0	0	0	1	0	0	1	0	0	0	0	0	0	0	1	1	0	0	0	1	0	0	0	1	0	0	0	0	0	0	1	1	1	1	
1	1	0	0	0	1	1	1	1	0	1	1	0	0	0	1	0	2	1	1	1	0	0	1	0	1	1	0	2	1	1	0	1	0	1	0	0	1	0	1	0	0	0	0	1	0	1	0	0	0	1	1	1	0	1	0	0	1	1	0	2	1	0	0	0	0	1	1	0	1	1	0	0	0	0	0	0	1	0	0	0	1	0	0	0	0	0	2	0	0	0	1	1	0	1	0	0	0	1	1	
0	0	0	1	1	0	0	0	1	0	0	1	1	1	1	1	0	0	0	1	1	0	2	0	0	1	2	0	1	0	1	0	0	0	1	1	2	0	0	0	1	1	0	0	0	0	0	0	0	1	0	0	1	0	0	0	1	1	1	2	1	0	1	0	0	0	1	0	0	0	0	1	0	0	1	1	1	1	0	1	1	0	1	1	1	1	1	1	0	1	1	0	1	0	1	2	2	0	1	1	
0	1	1	0	0	0	0	1	0	1	0	1	0	2	1	0	1	0	1	0	0	1	1	1	0	1	1	1	0	0	0	0	1	0	1	1	1	1	1	1	1	1	1	1	1	1	1	1	1	0	1	0	1	0	0	0	0	1	1	1	0	1	1	1	1	0	1	1	0	0	0	0	0	1	0	0	0	0	0	1	0	1	1	0	1	0	1	0	0	1	0	0	0	0	0	0	0	0	1	1	
0	1	1	1	0	1	1	0	1	1	0	0	0	0	1	0	1	0	1	0	1	0	1	0	0	0	0	1	0	0	1	1	1	1	1	1	1	0	2	1	0	0	0	0	0	1	1	1	1	0	1	2	0	1	0	0	0	0	2	1	0	1	1	1	0	0	2	1	0	1	0	1	1	1	0	1	1	0	0	0	1	1	0	0	1	0	0	2	1	0	2	0	0	0	1	1	0	0	0	1	
1	1	0	1	1	0	2	0	0	0	0	1	1	0	0	0	1	0	2	0	0	0	1	1	0	1	1	0	1	0	0	1	0	1	0	1	1	0	0	0	0	1	0	0	1	1	1	0	1	2	0	0	0	0	1	0	1	1	0	0	0	1	0	0	0	1	1	0	0	2	0	0	0	1	1	1	1	0	1	1	1	0	0	1	1	0	0	0	0	0	1	0	0	0	0	0	1	1	1	1	
1	1	1	1	1	1	1	1	0	1	0	0	0	1	1	1	0	0	0	0	0	0	1	0	1	1	0	1	1	1	0	1	2	1	0	1	1	1	0	1	1	1	1	0	2	0	0	2	0	0	1	0	2	1	1	1	1	0	1	0	0	0	0	0	0	1	1	0	1	1	2	1	0	0	0	0	1	1	0	0	2	1	1	0	1	0	1	0	1	0	0	1	0	1	1	0	0	0	0	1	
0	0	0	0	1	1	0	1	1	2	1	1	0	1	0	0	1	0	1	1	1	0	1	0	1	1	0	1	1	1	1	0	1	1	0	1	0	0	1	1	0	1	0	0	1	1	0	0	1	1	0	0	0	0	1	0	1	0	1	1	0	1	0	1	0	1	0	1	0	1	0	0	1	0	0	1	1	1	0	1	1	0	1	0	0	0	0	0	1	0	1	0	0	0	0	0	1	0	1	0	
1	1	0	1	1	1	1	0	1	0	0	0	1	0	2	0	0	1	0	1	1	0	1	1	2	0	0	1	0	1	0	2	1	1	1	1	0	0	2	0	0	1	0	0	0	0	0	0	2	1	0	1	0	0	0	1	1	0	0	0	1	0	1	0	0	1	1	1	1	1	0	1	0	1	0	0	1	0	1	0	0	1	0	0	0	1	1	0	0	0	1	0	1	1	0	1	0	1	0	0	
1	0	1	0	1	1	0	1	1	2	0	1	2	1	1	1	1	1	0	1	0	1	0	1	2	1	1	0	1	1	0	0	0	1	1	0	1	1	0	0	1	0	0	1	0	0	1	0	1	0	1	0	0	0	0	1	0	0	1	1	0	1	0	1	1	0	1	1	1	0	1	1	1	0	1	0	0	0	0	0	1	1	1	0	1	0	0	1	1	1	0	1	1	0	1	2	0	0	0	0	
1	1	0	1	0	0	1	1	2	0	0	0	0	1	1	1	0	1	1	0	0	0	0	1	1	1	1	0	1	1	1	1	0	0	0	0	0	0	1	0	0	1	0	0	1	0	1	0	2	0	1	1	1	1	1	0	1	0	0	1	0	0	1	1	0	1	0	0	0	1	0	0	1	1	0	1	1	0	1	1	1	1	2	0	0	0	0	1	0	0	1	1	1	2	1	0	0	0	1	0	
1	0	1	0	0	0	0	0	1	1	0	1	1	0	0	1	1	1	1	0	1	0	0	2	0	1	0	1	1	0	0	1	0	0	1	1	0	1	2	1	0	1	1	1	0	0	1	0	1	0	1	0	1	0	0	1	0	1	0	1	1	1	1	0	1	1	1	0	1	0	1	0	2	1	0	1	0	0	0	1	0	0	0	0	2	1	1	0	0	0	0	1	0	1	1	0	1	1	2	1	
1	0	0	0	2	0	0	1	1	1	1	0	0	1	0	0	0	1	1	0	0	1	0	0	1	0	1	1	0	2	0	1	2	0	1	0	1	0	0	0	0	0	0	1	0	1	1	1	0	1	0	0	0	0	1	1	0	1	1	1	0	0	1	1	1	0	1	0	1	0	0	1	0	1	1	1	0	0	0	2	1	0	0	1	1	1	1	1	0	1	1	1	1	0	1	1	0	1	1	0	
0	0	0	0	1	0	1	1	1	1	1	1	0	1	0	1	0	1	1	1	2	1	1	2	2	0	0	1	0	0	0	0	1	1	1	0	0	0	1	0	0	1	1	1	1	1	1	0	0	1	0	1	0	1	0	1	1	0	1	1	1	1	1	0	1	0	1	0	1	0	1	0	1	0	1	0	1	2	1	0	1	0	0	0	1	0	0	1	1	0	0	2	0	1	1	0	1	1	1	0	
0	1	1	1	0	1	1	1	0	1	2	1	1	1	2	1	1	0	1	1	0	1	0	1	0	0	0	1	0	0	0	2	0	0	0	0	0	1	1	1	0	2	1	0	0	1	0	0	0	0	0	1	0	0	1	0	0	0	0	1	0	1	1	1	1	1	0	0	1	0	1	1	0	1	0	2	0	1	0	1	1	1	1	0	0	1	0	1	1	1	0	0	0	0	1	0	0	1	0	0	
1	1	1	0	1	0	0	0	0	1	1	0	1	0	0	1	0	2	0	1	1	0	0	0	1	2	0	1	1	1	0	0	0	1	0	0	0	1	0	1	0	1	1	1	0	1	0	1	1	1	1	0	1	0	0	1	0	0	1	1	2	0	0	1	1	0	1	2	0	1	0	0	1	1	1	0	0	1	0	1	1	1	1	1	0	2	0	0	1	1	0	0	0	1	1	1	1	0	0	0	
0	1	0	1	0	0	0	1	1	0	0	1	0	1	0	1	1	0	0	0	1	1	0	2	1	2	1	2	0	0	2	1	1	0	1	0	0	1	0	0	1	0	1	0	0	0	1	1	0	0	0	1	0	1	0	1	1	1	0	1	1	1	0	0	0	1	0	0	1	0	0	0	1	0	1	0	1	0	0	1	0	0	0	0	1	0	0	1	0	1	2	0	0	1	1	0	2	0	0	1	
0	0	0	0	0	2	0	0	0	0	1	1	1	1	0	1	0	0	0	1	1	1	0	0	1	0	0	0	0	1	0	1	0	0	0	0	0	0	1	1	0	0	1	2	1	1	0	1	0	1	0	0	0	1	2	1	0	1	0	0	1	0	0	0	0	0	0	0	1	1	0	0	0	0	1	0	0	1	1	1	1	2	2	1	0	1	0	1	1	1	0	0	1	1	0	1	0	0	1	1	
0	0	0	0	0	1	0	0	0	1	1	0	1	0	1	0	0	1	1	0	0	1	0	0	0	1	0	1	1	0	1	0	0	0	0	0	0	0	1	2	0	0	1	1	0	0	0	0	1	1	0	1	2	1	0	1	0	0	1	0	1	0	0	0	0	0	0	0	0	1	0	0	1	2	0	1	1	2	0	1	0	1	1	0	0	0	1	1	1	0	1	1	0	1	0	0	1	1	0	0	
0	1	2	0	2	0	0	1	1	0	0	2	0	0	1	0	2	1	1	0	0	0	1	1	2	0	1	1	0	2	1	1	1	0	1	0	1	1	0	0	1	0	0	0	1	1	0	1	1	1	1	0	1	0	1	1	2	0	0	1	1	1	0	0	0	1	1	1	0	1	1	0	0	0	1	1	2	0	1	2	1	1	1	0	0	0	0	0	1	1	1	0	0	0	0	0	0	1	0	0	
1	0	1	0	0	0	0	1	0	1	1	0	0	1	1	0	1	0	0	0	0	0	1	1	0	0	1	1	1	1	1	0	1	0	1	1	1	1	1	0	1	0	0	0	0	0	0	1	1	1	0	1	0	0	0	1	1	1	0	1	0	0	1	0	0	0	0	1	0	1	0	0	1	0	0	0	2	1	0	0	0	0	0	1	1	0	0	1	1	1	0	1	1	1	1	0	1	0	1	0	
0	1	1	0	0	1	0	0	2	1	2	2	0	1	1	0	0	1	0	1	0	1	0	1	1	1	0	0	0	1	1	1	1	1	0	0	0	0	1	0	1	0	0	2	1	0	0	0	1	1	0	1	2	2	1	1	1	0	1	1	1	1	0	0	1	0	0	0	1	1	1	1	0	1	1	0	0	1	0	0	1	1	0	0	1	1	2	1	0	1	0	0	1	1	1	1	1	1	1	1	
0	0	0	0	0	0	0	0	0	0	0	0	1	0	0	1	1	1	0	0	0	0	0	1	0	2	1	0	0	2	0	1	1	1	0	1	1	1	1	0	1	0	1	1	1	0	1	0	1	0	1	1	1	1	1	0	1	1	1	1	1	0	1	1	0	1	0	1	1	1	2	0	1	2	0	0	0	1	1	1	0	0	1	1	0	1	0	1	1	1	1	0	0	1	0	0	1	1	0	0	
0	1	0	1	0	0	0	2	0	0	1	0	0	0	0	0	0	1	1	0	0	0	1	0	1	0	1	0	0	1	0	0	0	0	1	0	0	1	1	0	1	2	1	0	0	1	1	0	1	1	1	1	0	0	1	1	0	0	0	1	0	1	0	0	1	0	1	0	2	0	1	1	1	1	1	1	0	0	0	0	1	1	0	0	0	2	0	0	0	0	0	0	1	1	2	1	1	1	0	1	
0	0	1	1	1	0	1	1	1	1	0	0	0	1	1	1	0	0	1	1	0	1	0	2	1	0	0	0	1	1	0	0	0	0	0	1	0	0	0	0	0	0	0	1	1	0	0	1	0	1	1	1	1	0	1	0	1	0	0	0	0	1	0	0	0	0	0	0	0	1	1	1	0	1	1	0	1	2	1	1	0	0	1	0	0	0	0	1	0	1	0	1	0	1	0	1	0	1	1	1	
1	1	1	1	1	1	0	0	0	0	0	0	1	1	2	1	0	0	1	0	0	1	0	0	0	1	1	0	1	0	1	1	1	2	0	0	0	0	1	0	1	1	1	0	0	1	1	0	0	0	1	0	0	1	0	0	1	0	0	0	0	1	1	0	0	0	1	1	1	0	1	1	1	0	1	0	0	1	0	1	0	1	0	0	1	1	0	0	1	0	1	1	0	0	0	1	2	0	1	0	
0	1	0	0	1	0	1	0	1	1	0	0	0	1	1	2	2	0	0	0	0	0	0	0	0	1	0	1	1	1	0	1	1	0	1	2	1	1	0	1	0	0	1	0	1	0	1	1	1	0	1	1	1	1	1	1	1	1	1	0	1	1	1	0	1	0	0	1	0	0	0	0	1	0	0	0	1	0	1	0	0	0	0	0	1	0	1	0	1	0	0	0	1	0	1	1	1	1	1	0	
0	0	2	2	1	1	1	0	0	0	1	1	1	0	1	1	0	0	0	1	0	1	0	1	0	1	1	0	1	1	2	1	1	1	1	1	0	0	0	1	0	1	0	1	0	0	1	1	0	0	1	1	1	1	1	1	0	1	0	0	1	0	0	0	0	0	1	0	0	0	1	0	1	0	2	2	0	1	0	1	1	1	1	1	0	0	0	0	1	0	1	1	0	0	0	0	1	0	0	0	
0	1	1	0	0	0	0	1	1	0	1	0	2	0	1	1	1	0	1	1	1	0	0	1	0	0	1	1	1	1	2	0	0	1	1	1	1	0	1	1	0	0	1	1	1	0	0	0	1	1	1	2	0	1	0	1	1	0	0	0	1	0	1	0	0	1	1	1	0	0	1	0	0	0	1	0	1	1	0	1	1	0	1	0	1	0	0	0	0	0	0	1	1	0	1	0	1	1	0	1	
0	0	0	1	1	1	0	1	0	0	1	0	1	0	0	1	0	0	0	0	1	0	1	0	1	1	0	1	0	0	1	0	1	0	2	0	1	1	1	1	1	1	1	2	0	0	1	1	0	0	0	0	1	1	0	0	0	0	1	0	0	0	0	0	0	1	1	0	1	0	0	0	2	0	1	1	1	0	0	0	0	0	0	0	0	1	0	1	1	1	1	0	1	0	1	0	0	1	1	1	
1	0	0	0	1	0	0	0	1	0	1	0	0	2	0	0	1	1	0	0	0	0	1	1	0	0	0	0	0	0	0	1	1	0	0	0	0	1	0	0	0	1	0	1	0	1	1	0	1	0	0	1	0	0	0	0	0	1	0	0	1	0	0	0	1	1	1	1	1	1	0	0	1	1	0	2	1	1	1	1	1	1	0	0	0	1	1	1	0	2	1	0	0	1	0	0	0	0	1	0	
1	0	0	2	0	0	1	1	1	1	0	1	1	0	1	1	0	1	1	0	0	1	1	0	1	1	1	0	1	1	2	1	0	0	0	1	0	1	1	1	1	0	1	0	1	0	1	1	0	1	0	1	0	1	0	0	0	1	1	1	1	0	1	0	1	1	0	0	1	0	0	0	0	0	2	1	0	0	2	1	1	1	2	0	0	1	1	0	1	0	0	0	0	0	1	1	0	1	1	1	
1	1	0	0	0	1	0	1	0	0	0	0	0	1	1	1	0	0	0	1	1	2	1	2	1	1	0	1	1	0	0	1	1	1	1	0	1	0	1	0	1	0	0	0	0	0	1	1	1	1	0	1	1	2	1	1	0	1	0	1	0	1	1	0	0	0	1	0	0	0	2	1	1	0	1	0	0	0	1	1	0	1	0	0	1	1	0	0	1	1	2	1	1	0	0	1	0	1	1	1	
1	1	0	0	1	0	0	0	0	0	0	1	0	0	1	2	0	0	0	0	0	0	0	0	0	1	0	1	0	0	1	1	0	0	0	0	0	1	1	0	0	0	0	1	0	0	1	0	0	0	1	1	1	0	1	1	0	1	1	1	0	0	1	1	1	1	1	1	0	1	1	0	0	0	2	1	0	1	0	1	0	1	0	0	0	0	2	0	1	1	0	1	0	1	0	1	0	1	0	1	
0	1	0	1	1	0	0	2	1	0	0	1	1	1	1	2	0	0	1	2	0	0	1	1	0	0	1	1	0	1	0	1	0	1	1	0	0	0	1	1	0	1	0	0	0	1	1	0	1	0	1	1	1	1	0	1	1	0	1	0	1	0	1	1	1	1	1	1	1	2	1	0	0	1	1	1	0	0	1	0	1	0	1	0	0	0	1	0	1	1	0	0	2	1	0	1	1	1	1	0	
1	1	1	0	1	1	1	2	0	0	1	1	0	1	0	1	0	1	0	0	1	1	0	0	1	1	0	1	0	0	1	1	0	0	1	0	0	1	1	0	1	1	0	0	1	0	1	2	1	1	0	1	1	0	1	0	2	0	1	0	0	0	1	1	1	1	0	0	1	1	0	1	1	0	0	1	1	1	1	0	2	1	0	1	1	0	1	1	1	1	1	0	1	0	0	0	1	0	0	0	
1	0	1	1	0	1	0	1	0	0	0	2	1	1	0	1	0	1	1	1	1	0	0	0	1	0	0	0	1	1	2	0	0	0	0	0	1	1	0	0	0	0	1	0	0	0	0	0	0	0	1	2	1	0	0	2	1	1	0	1	0	1	0	1	1	1	1	1	0	0	0	0	0	1	0	1	2	1	0	1	0	2	1	1	0	0	0	1	0	0	0	1	1	0	1	0	1	1	1	1	
0	0	0	2	0	0	0	0	0	1	0	0	0	0	1	1	1	1	1	1	0	0	0	0	0	1	1	1	1	0	0	1	0	0	1	0	1	0	0	1	1	1	0	0	1	1	0	0	2	1	0	2	0	0	0	1	1	2	0	1	1	1	0	0	2	0	1	0	1	1	1	0	0	0	1	0	1	0	1	1	1	1	1	0	0	1	0	0	1	0	0	2	0	1	2	0	0	0	1	0	
0	1	1	1	1	0	0	1	0	1	2	1	0	0	0	0	1	0	0	1	0	0	1	0	2	0	0	0	0	1	1	2	1	1	0	0	2	0	1	0	0	1	0	0	0	0	1	1	1	0	0	1	0	0	1	0	0	0	1	0	0	2	1	1	0	1	1	0	1	0	0	1	0	1	0	0	0	1	1	0	1	0	1	0	0	0	1	1	0	0	0	1	0	0	0	0	0	0	0	1	
0	0	0	1	0	1	1	1	0	0	0	0	0	0	1	1	1	0	1	1	1	2	0	0	1	1	0	1	0	2	0	1	1	1	0	0	2	0	0	1	1	1	0	1	0	0	0	1	1	1	1	0	0	0	0	0	0	0	0	0	0	2	0	1	0	1	0	0	0	0	1	1	2	0	1	1	1	1	0	0	1	0	0	2	1	0	1	1	1	0	0	0	1	1	1	0	0	1	0	0	
1	1	1	1	0	0	0	1	0	1	0	0	0	0	0	0	1	1	0	2	0	1	0	0	0	0	1	0	1	2	0	0	0	1	0	1	1	0	1	0	1	0	1	1	1	0	0	0	0	1	1	1	0	0	0	0	1	0	1	1	0	0	0	1	1	0	1	1	1	0	1	0	0	0	0	1	1	1	1	0	1	0	0	1	1	0	0	0	0	1	1	1	1	0	1	2	1	0	1	0	
1	1	2	0	0	1	1	1	0	1	0	1	0	1	0	1	0	2	0	0	0	0	0	0	0	0	1	1	0	1	0	1	1	0	1	2	1	1	1	1	1	1	0	0	1	1	2	1	0	1	1	0	0	1	0	1	1	1	1	2	1	1	1	1	0	0	0	0	2	1	1	0	1	1	1	1	0	1	0	0	0	0	1	0	1	0	1	1	2	1	2	0	0	0	0	0	1	0	0	0	
1	0	1	0	1	0	0	1	1	1	0	0	1	0	0	0	0	1	1	1	0	0	0	1	0	0	0	1	1	1	1	1	0	0	1	1	1	1	0	0	0	1	1	1	1	1	1	0	1	0	1	0	1	1	1	1	0	0	1	0	1	0	2	0	1	0	0	1	1	0	2	0	0	1	1	0	1	1	1	0	1	1	0	0	2	1	1	1	1	1	1	0	0	1	1	0	1	1	2	0	
0	0	0	0	1	1	1	0	1	1	1	1	0	0	0	0	1	0	0	1	0	1	1	1	1	1	1	0	1	1	0	1	0	1	1	0	1	0	0	1	0	0	1	0	1	1	0	1	0	0	0	0	0	0	1	0	1	1	0	0	0	1	0	0	0	0	1	0	1	1	0	1	0	1	1	0	1	1	1	0	0	1	1	0	0	1	0	2	1	0	1	0	1	0	0	1	0	0	0	0	
1	0	0	0	1	0	1	0	1	0	1	0	0	1	0	1	1	0	1	1	1	0	1	1	1	0	2	1	1	0	1	1	0	0	1	0	0	1	1	1	1	0	0	1	0	0	1	1	0	0	1	1	0	1	0	1	0	1	1	1	0	1	1	0	1	0	1	0	0	1	0	0	1	0	1	0	1	0	0	0	0	0	0	0	1	1	0	0	1	1	0	0	1	2	0	1	0	1	1	1	
1	1	0	1	0	1	1	1	0	0	1	0	1	2	0	0	0	0	1	1	1	1	1	1	2	2	1	0	0	0	0	1	1	0	1	0	0	0	1	0	1	2	0	1	1	0	0	0	1	0	1	0	0	1	0	0	0	1	1	0	2	0	1	0	0	0	0	0	1	0	0	1	0	0	0	1	1	1	1	1	1	0	1	1	2	0	0	0	0	1	0	1	0	1	0	1	2	1	1	0	
0	1	0	1	1	0	0	0	0	1	0	0	1	1	1	1	0	1	1	1	0	0	0	0	0	0	0	1	1	0	0	0	1	1	0	1	1	0	2	0	1	0	1	0	0	0	0	1	0	1	0	1	0	1	0	0	1	0	0	1	1	0	1	0	0	1	1	0	0	1	0	0	0	2	0	1	0	2	2	0	1	0	0	2	1	1	1	0	0	2	0	1	1	1	0	0	1	1	1	0	
1	1	0	0	1	1	1	0	1	0	0	0	1	1	1	1	0	1	1	1	0	2	1	0	1	0	0	1	1	0	1	0	1	0	0	1	1	0	0	1	1	1	1	1	0	0	0	0	0	1	1	0	0	0	0	1	0	0	1	0	0	1	1	1	1	1	0	0	1	0	1	0	1	0	1	1	1	1	1	0	0	0	1	1	1	1	0	0	1	1	1	1	1	0	1	1	0	1	0	1	
1	0	0	0	2	1	1	1	0	0	0	1	1	0	1	1	0	0	1	1	0	1	0	0	0	0	1	0	1	1	0	1	0	2	1	1	0	1	0	1	0	1	0	0	0	1	1	0	1	0	0	0	0	0	1	1	0	1	0	1	0	1	1	1	0	0	1	1	1	0	0	0	0	1	1	1	0	1	0	0	0	0	0	1	1	0	1	1	0	0	0	1	1	1	0	1	1	0	0	0	
1	1	0	0	1	0	2	1	2	0	0	0	1	0	0	0	0	1	1	1	0	0	0	1	1	0	1	1	1	0	1	1	0	0	1	1	1	0	0	1	0	1	1	2	1	1	0	1	0	1	1	0	1	0	0	1	1	0	0	1	1	0	1	2	1	1	0	1	0	1	0	1	0	1	0	1	0	0	1	0	1	1	0	1	1	1	0	1	1	0	0	2	0	1	0	0	2	1	1	1	
1	0	1	1	0	1	1	0	1	1	1	0	1	1	0	0	0	0	0	1	1	1	0	1	0	0	1	0	1	1	1	0	0	0	2	1	2	0	0	2	1	0	1	1	1	1	0	0	0	0	0	0	0	0	1	0	0	0	0	0	0	0	0	0	0	2	0	0	1	0	1	0	0	0	0	0	0	0	0	0	1	0	0	0	0	0	1	0	0	1	1	0	0	1	1	0	1	1	1	0	
0	1	0	1	0	1	1	0	2	1	0	1	0	0	1	1	0	0	1	0	0	1	0	1	1	0	0	0	0	1	0	0	2	0	0	1	0	1	0	0	0	1	1	0	1	0	1	0	1	1	1	0	0	1	1	0	0	0	1	2	1	1	1	1	1	0	1	1	0	1	0	0	1	1	1	0	1	1	1	1	0	0	1	2	2	1	0	0	1	0	1	0	0	1	1	1	0	0	2	1	
0	0	1	0	0	0	0	0	0	1	1	2	0	1	0	0	1	1	1	1	1	1	1	0	0	0	1	1	1	0	0	1	1	0	0	1	0	0	0	1	0	1	0	0	2	0	1	1	1	0	0	0	1	1	1	0	1	0	1	0	1	1	0	1	0	1	0	1	2	1	1	1	2	1	1	0	1	1	1	1	1	1	1	0	0	0	1	1	1	1	1	0	1	0	1	0	0	1	0	1	
2	2	1	0	1	0	1	0	1	1	1	1	0	2	0	1	0	0	1	0	1	0	1	0	0	0	0	0	1	1	0	1	1	1	1	0	0	0	1	0	1	0	0	1	1	0	1	0	0	1	1	1	0	0	1	0	1	1	1	1	1	0	0	0	0	1	1	1	1	0	1	2	1	0	0	1	0	0	0	1	1	0	0	1	0	1	0	1	1	1	0	1	1	1	1	1	0	0	1	0	
0	0	1	0	1	0	1	0	1	0	0	0	0	1	1	1	1	0	1	0	0	0	0	0	0	1	0	0	1	1	1	0	1	0	1	0	0	0	0	0	1	0	0	0	0	2	1	0	1	0	0	1	1	0	0	1	0	0	0	1	0	0	1	0	0	0	1	1	1	0	0	0	1	1	1	0	0	1	0	1	1	0	0	1	0	1	0	0	0	0	1	1	1	0	1	1	1	0	1	0	
1	0	2	1	0	0	1	0	1	1	1	0	1	0	0	0	0	0	1	0	0	0	0	1	0	0	0	1	0	0	0	1	0	1	0	0	0	0	1	0	0	0	2	1	1	0	1	0	1	1	0	1	1	1	0	0	1	1	0	0	0	0	1	0	0	0	0	1	2	0	1	1	0	0	0	1	0	2	1	0	0	0	1	0	1	1	1	0	0	0	1	1	0	0	0	0	0	1	0	0	
1	0	1	1	0	0	1	1	1	2	0	0	0	1	0	0	1	0	0	0	1	0	0	1	1	0	1	0	0	1	1	0	0	0	1	0	1	1	1	0	0	0	1	1	2	1	0	0	0	1	0	0	1	1	1	1	0	0	0	0	1	0	1	0	0	0	0	0	0	1	1	0	0	0	1	2	0	0	0	1	1	0	0	0	1	0	1	0	0	1	1	1	0	0	1	2	1	1	0	0	
0	1	1	1	0	2	0	0	1	0	0	1	0	0	0	1	0	1	1	1	1	2	1	0	0	1	0	0	0	1	0	1	1	0	1	1	0	0	1	1	1	1	1	0	1	0	0	0	0	0	0	1	0	1	1	0	0	0	1	0	0	1	0	0	2	1	1	1	1	0	0	2	1	1	1	1	2	1	1	1	0	0	1	0	1	0	0	1	0	0	0	1	0	0	1	0	1	1	1	0	
0	0	1	0	0	0	1	1	0	0	0	1	1	0	1	1	1	0	0	0	1	0	0	0	0	1	0	1	2	1	1	0	1	0	0	0	1	2	2	0	2	0	1	1	0	0	0	0	1	1	1	1	0	0	1	1	0	1	0	1	1	1	0	0	1	0	1	0	0	0	0	0	0	0	0	0	1	1	0	0	0	1	1	1	2	1	0	1	0	2	0	1	1	1	1	0	1	1	0	0	
0	0	0	1	0	1	1	0	0	1	1	1	1	0	0	0	1	0	0	0	0	1	1	0	0	1	1	1	0	1	1	0	1	1	0	1	0	1	1	0	1	0	0	0	1	0	0	1	0	1	0	1	1	1	1	1	0	0	1	1	1	2	0	0	1	0	1	0	0	0	0	2	0	1	1	1	0	0	1	1	1	0	0	0	1	2	1	1	1	2	0	0	0	1	1	1	0	0	1	1	
1	1	1	0	0	1	1	1	1	1	0	2	1	0	0	0	0	0	0	1	0	1	0	1	0	2	0	0	0	1	0	0	1	0	2	0	1	0	0	0	1	1	0	1	1	1	0	0	1	0	1	0	1	0	0	1	0	2	1	1	0	1	1	0	0	1	1	0	1	2	1	1	1	0	0	0	2	0	1	1	1	0	0	1	0	0	0	0	0	0	0	0	1	1	1	1	0	1	0	1	
0	1	0	2	0	0	0	0	0	0	0	1	1	0	0	0	0	0	0	2	2	1	1	1	1	1	0	1	0	0	0	1	1	1	0	0	1	2	0	0	1	0	2	0	0	1	0	1	1	0	0	1	1	0	1	0	0	0	1	1	1	0	0	1	1	1	0	1	0	1	1	0	1	0	0	0	1	0	1	1	0	0	1	0	0	2	1	0	1	1	1	1	0	0	0	1	1	1	0	0	
1	0	0	0	0	2	2	1	0	0	0	1	0	0	1	0	1	0	1	1	0	1	1	1	0	0	0	0	1	0	0	1	0	0	1	1	1	0	1	1	1	1	2	0	0	0	2	0	1	0	0	1	0	1	1	1	1	1	1	0	0	1	0	0	0	0	0	1	0	0	1	2	1	1	0	1	1	0	1	1	0	0	0	1	0	0	1	1	1	0	1	1	0	0	1	0	0	0	0	1	
0	0	0	1	0	0	2	1	0	0	0	1	1	2	0	0	1	0	0	0	1	1	0	0	0	0	1	1	0	1	1	0	1	0	0	1	0	0	1	0	0	0	1	0	2	1	0	0	0	0	2	0	1	0	0	1	0	1	0	1	1	0	1	2	0	0	0	1	1	0	0	0	1	1	1	0	0	1	1	1	0	1	1	0	1	0	1	0	0	1	0	0	0	0	1	0	0	0	0	0	
0	0	1	0	1	0	0	1	1	0	0	1	0	0	0	0	0	1	1	1	0	1	1	0	1	0	0	1	1	1	0	0	1	0	0	1	0	1	0	1	0	0	0	1	0	1	0	0	1	0	0	0	0	0	1	0	1	1	1	1	0	0	1	1	0	1	0	0	0	0	1	1	1	1	1	1	0	0	1	0	1	1	0	0	2	0	1	0	1	1	1	1	0	1	1	0	0	0	1	1	
1	1	1	1	1	0	1	1	1	0	0	1	1	0	0	0	0	1	0	0	1	1	1	1	2	0	0	1	1	0	1	0	0	1	0	0	0	1	0	1	0	0	0	1	1	1	0	0	1	0	1	0	0	1	1	2	0	1	0	1	0	1	0	0	0	1	1	0	1	0	0	0	1	0	0	1	0	0	1	0	0	1	1	0	0	1	1	0	1	0	1	0	1	1	0	0	0	1	1	0	
1	1	1	1	0	0	0	2	0	0	0	0	1	1	1	0	0	0	1	0	1	1	1	0	1	0	0	0	0	1	1	0	0	0	0	0	1	0	2	0	1	2	0	0	0	1	0	1	1	1	1	1	0	0	2	0	1	0	1	1	0	1	0	1	0	0	0	0	0	1	0	0	0	0	1	0	0	2	0	1	0	0	1	1	0	0	0	1	1	0	0	0	1	1	1	1	0	0	1	0	
0	0	0	0	1	1	1	1	0	0	1	1	0	1	1	0	0	1	1	1	1	0	0	0	1	0	0	0	0	0	0	1	1	1	1	1	0	0	0	1	0	0	0	0	0	0	1	1	0	0	1	1	1	0	1	1	0	1	0	2	1	1	0	0	1	1	0	1	1	0	0	1	1	1	0	1	1	1	0	0	1	0	0	0	0	0	1	1	0	0	2	0	1	0	1	0	0	1	1	1	
0	1	0	0	0	0	1	0	1	2	1	1	1	1	0	2	1	1	1	0	1	2	0	0	0	0	2	1	1	0	0	1	1	0	0	1	1	2	1	1	0	0	0	1	0	0	0	1	1	0	1	1	1	1	1	1	1	0	0	0	0	0	0	0	0	0	1	1	1	1	1	0	0	0	0	1	2	1	0	0	1	0	1	0	0	0	0	1	1	0	0	0	1	1	0	1	1	1	1	1	
1	1	0	1	0	0	1	1	2	1	0	0	1	0	1	2	1	0	1	1	1	0	1	0	0	1	2	1	1	1	0	1	1	0	0	0	1	1	0	0	0	0	0	1	1	2	0	1	0	1	0	0	0	1	0	0	1	0	0	1	1	1	0	1	1	0	0	1	1	0	2	0	1	0	2	1	1	0	1	1	1	1	0	1	1	1	0	0	0	1	1	0	1	0	2	1	1	0	0	0	
1	2	1	1	0	0	1	0	0	1	1	0	0	0	1	0	1	1	1	1	0	1	0	0	0	1	0	1	0	0	1	1	1	0	0	0	1	1	1	1	0	0	0	1	0	1	0	2	0	0	0	1	2	1	0	1	1	0	1	0	1	0	0	1	0	0	0	0	0	1	0	1	0	0	0	1	1	1	0	0	0	1	0	0	1	1	1	0	1	0	0	1	0	0	1	0	0	1	1	0	
1	0	1	2	1	0	0	1	1	1	0	1	0	1	0	1	1	1	0	1	1	1	0	1	0	2	1	2	1	1	0	0	0	0	1	1	1	1	0	0	1	1	0	0	1	1	1	1	1	1	0	2	1	0	0	0	0	1	0	0	0	0	0	1	1	0	1	1	0	0	1	0	1	1	1	0	2	0	1	0	1	2	0	0	1	1	1	1	1	0	1	1	0	0	0	0	1	0	0	0	
0	1	0	0	1	1	1	1	0	0	1	1	1	1	0	1	0	1	0	0	0	1	0	1	0	0	0	1	1	1	1	0	1	0	1	1	1	1	0	1	1	0	1	0	1	0	1	0	1	2	0	1	0	0	2	0	1	1	1	2	2	1	1	0	0	1	0	0	0	0	0	1	0	0	1	2	1	1	0	1	0	2	0	0	0	1	0	0	1	1	0	1	1	0	1	1	0	0	2	0	
0	2	0	1	2	0	0	0	0	0	1	1	1	2	1	1	0	2	2	1	0	1	0	0	1	0	0	0	1	1	2	1	0	1	1	0	0	0	1	1	0	0	1	1	0	1	1	0	0	1	0	1	0	2	0	1	0	0	1	1	0	0	0	0	1	1	1	0	0	1	0	0	0	1	1	1	0	0	2	0	0	1	0	0	0	0	1	0	0	0	0	0	1	1	0	0	2	1	0	1	
0	0	0	0	0	1	0	0	0	0	0	1	0	0	1	1	0	1	0	1	0	1	1	1	1	0	1	0	1	1	0	1	0	0	1	0	1	0	0	0	1	0	0	0	0	1	0	0	0	1	1	1	0	1	1	0	1	0	0	1	1	0	0	0	1	2	1	0	1	1	0	1	1	1	1	1	0	0	1	1	1	0	0	0	0	0	0	0	0	1	0	1	0	0	1	1	0	2	1	0	
0	0	0	0	0	1	0	0	0	1	0	0	0	0	1	1	1	2	1	1	0	2	0	1	1	0	0	0	0	1	0	1	0	0	0	0	1	1	0	1	1	1	1	0	1	1	0	1	1	1	1	1	0	1	0	2	1	2	0	1	1	1	1	0	0	0	0	0	2	1	1	0	1	0	1	0	1	0	0	1	0	1	2	0	0	1	1	0	0	0	1	1	0	1	1	0	1	1	0	1	
1	0	1	0	1	1	1	0	0	1	0	1	0	0	1	1	1	0	1	1	1	0	1	0	0	1	1	0	0	1	0	1	0	1	0	0	0	1	0	1	1	1	1	1	1	1	2	1	1	1	1	0	0	1	1	0	1	0	1	0	1	2	0	0	1	2	1	1	2	0	0	0	0	1	0	2	0	1	1	0	0	0	1	0	1	1	1	1	1	1	1	0	0	0	1	1	0	0	1	1	
0	1	1	0	1	0	1	0	0	1	0	0	1	0	0	0	1	0	1	1	0	2	1	1	0	1	0	1	1	0	0	0	0	0	1	0	1	1	0	0	0	1	0	1	0	0	1	1	1	1	1	0	0	0	0	1	0	0	1	1	2	1	1	1	0	1	1	1	0	1	0	0	0	0	1	0	2	0	2	0	0	2	1	2	0	2	0	1	1	1	0	0	0	0	1	1	0	0	1	0	
1	0	1	0	0	0	1	1	0	0	0	1	0	0	1	0	0	0	1	1	1	1	0	2	0	1	1	0	0	1	1	1	1	1	1	0	0	1	0	0	1	1	0	1	0	1	0	0	0	1	1	0	1	1	0	0	2	0	1	1	1	0	1	1	0	1	0	1	1	0	0	1	0	0	0	1	1	0	0	0	1	0	0	0	1	0	1	1	0	1	0	0	1	0	0	1	1	2	1	0	
0	0	0	0	0	0	1	0	0	0	1	1	1	0	1	1	0	1	0	0	1	1	0	1	0	0	0	1	1	1	1	1	1	0	0	0	1	1	1	1	1	1	0	1	1	0	1	0	1	1	1	0	0	0	0	1	1	1	0	0	2	1	0	1	0	1	1	1	0	0	1	1	1	2	0	1	0	0	1	0	0	1	1	1	1	1	1	1	0	1	1	0	2	1	0	0	0	0	2	1	
0	0	1	1	0	1	0	1	1	1	0	1	0	1	0	1	0	1	0	0	0	0	2	0	0	0	0	0	0	1	0	0	0	1	0	1	1	0	0	1	0	0	1	1	1	0	1	1	1	1	1	1	0	0	0	1	1	2	1	1	1	0	1	1	1	0	0	1	0	1	0	0	1	1	1	0	0	1	0	0	0	0	1	0	0	1	0	0	0	0	0	0	0	0	0	1	1	1	0	0	
1	0	1	0	1	0	1	1	1	0	1	1	1	1	0	1	1	0	1	1	2	1	0	0	1	0	1	0	1	2	0	1	1	0	0	0	1	1	2	1	1	0	0	1	0	1	0	0	1	0	1	1	1	0	0	0	1	0	0	1	0	1	0	0	0	1	1	0	1	1	0	2	1	2	1	0	1	1	0	1	1	1	0	0	0	1	0	1	1	0	0	1	0	0	0	0	0	0	0	1	
1	1	1	1	1	1	0	0	0	2	1	0	1	0	2	0	1	0	1	1	0	0	0	0	0	0	0	0	1	1	2	1	0	0	1	1	2	0	1	1	1	1	1	1	1	0	0	0	0	0	0	1	1	1	1	2	1	1	0	0	1	0	1	1	1	0	1	0	0	1	1	2	1	1	0	1	0	1	1	1	1	1	1	0	2	0	1	0	1	0	0	1	1	0	0	0	1	0	0	1	
1	1	1	0	1	1	1	1	0	1	0	1	0	1	1	2	0	0	0	1	1	1	0	1	1	1	0	1	0	0	1	0	0	1	0	1	0	1	1	0	1	0	1	0	0	1	0	0	0	1	0	0	1	0	0	0	0	0	1	1	0	1	1	1	0	0	0	1	1	0	1	0	1	0	0	1	1	2	0	1	0	0	1	1	1	1	0	0	1	2	0	1	0	1	2	1	1	1	1	0	
1	0	1	1	1	0	1	0	0	1	0	0	0	1	1	1	0	1	1	1	1	0	0	0	0	1	0	1	0	1	2	0	0	0	1	0	1	1	1	1	1	2	1	0	1	1	1	0	1	0	1	1	1	0	1	1	1	0	0	1	2	0	1	0	0	1	0	1	0	0	0	1	1	0	0	1	1	1	0	1	1	1	1	0	1	0	0	1	1	0	0	0	1	1	1	0	0	1	0	0	
2	1	1	0	0	1	0	1	1	0	0	0	0	0	0	1	0	0	1	1	0	0	0	1	0	1	1	1	0	0	0	0	0	1	1	1	1	0	1	0	1	0	1	1	0	1	2	0	1	0	0	1	1	0	1	0	1	0	1	1	1	0	0	2	1	2	0	0	0	0	1	2	0	1	1	0	0	1	1	0	0	1	1	1	0	1	0	1	1	1	0	0	1	0	0	1	1	0	1	1	
1	0	0	0	0	0	0	1	0	0	0	0	1	1	0	0	1	0	1	0	0	0	0	0	1	1	1	0	1	0	0	1	0	0	0	1	1	1	1	0	1	0	0	1	0	0	1	0	1	1	0	1	0	0	1	1	0	1	1	1	0	0	0	0	1	0	0	0	1	2	0	0	0	0	1	0	1	1	1	1	1	1	0	2	1	0	0	1	1	0	1	1	0	0	0	1	0	0	1	1	
1	1	0	1	0	1	0	0	0	2	1	0	0	2	1	1	0	1	0	0	0	0	0	1	0	1	1	1	1	1	0	0	0	1	0	0	2	0	0	1	0	0	0	1	0	0	1	0	2	1	1	1	1	1	0	1	1	0	0	0	1	0	0	0	0	0	1	0	1	1	1	0	1	0	0	1	1	1	0	0	0	2	0	0	0	1	1	0	0	1	0	0	1	1	1	0	1	1	0	1	
0	1	0	1	0	1	2	0	0	0	0	1	1	0	0	1	0	1	0	1	0	1	0	1	0	0	0	1	2	0	0	2	0	0	1	1	1	1	0	1	1	0	0	1	0	0	0	1	0	1	1	0	0	0	0	1	0	1	0	2	1	1	0	0	0	0	0	1	1	1	0	0	0	0	0	0	1	0	0	1	1	0	0	1	1	1	0	1	1	0	0	0	1	1	1	1	1	1	0	1	
0	0	0	1	1	1	1	0	0	0	0	1	0	1	0	0	1	0	1	0	0	0	0	1	1	0	1	1	1	1	0	1	1	1	0	0	1	0	0	1	1	0	1	0	0	1	1	1	1	1	0	1	0	0	1	0	1	0	1	1	1	0	1	1	1	0	0	1	0	1	0	1	0	0	0	1	1	0	0	0	0	0	1	0	0	1	1	0	1	0	1	2	1	1	0	0	1	0	0	0	
1	0	0	1	0	1	1	1	0	1	0	1	1	0	1	0	1	0	0	0	1	0	0	0	1	0	1	1	0	0	1	1	1	0	1	0	1	0	0	0	1	1	1	0	1	2	0	1	0	2	0	0	0	0	2	1	1	0	1	1	1	1	0	1	0	0	1	1	1	0	0	0	0	1	0	1	1	0	1	1	0	0	1	0	1	0	1	0	0	0	0	1	1	0	0	2	1	0	1	1	
1	0	1	1	1	1	0	1	1	1	1	0	1	0	2	0	0	0	0	1	0	1	1	1	0	1	1	0	1	0	0	1	1	1	0	1	1	0	0	0	0	0	1	2	2	0	1	0	2	0	1	1	0	1	0	1	1	0	0	0	1	0	0	0	1	1	0	1	0	1	1	1	1	1	0	1	1	1	0	0	1	1	0	0	0	0	1	0	1	1	2	1	0	0	0	0	0	2	1	0	
0	0	1	1	0	1	0	0	0	1	0	0	0	1	0	0	0	0	1	1	1	1	0	0	0	0	1	1	1	0	1	0	0	0	0	0	0	0	1	0	1	1	0	2	0	0	0	1	1	0	1	0	0	1	1	1	1	0	2	1	0	1	1	0	1	0	1	0	0	1	0	0	0	0	0	0	1	0	0	2	0	1	1	1	0	1	0	1	0	1	1	0	1	1	1	1	0	0	1	1	
0	0	0	0	1	0	0	2	0	0	0	0	0	0	1	1	1	0	0	0	1	0	0	0	1	1	2	1	0	1	1	1	0	1	1	0	0	1	0	1	0	1	1	1	1	0	1	0	1	0	1	1	1	1	0	1	1	1	2	1	1	0	0	0	0	2	0	1	0	0	1	1	0	0	1	0	0	0	1	0	0	0	1	1	1	0	0	2	0	0	1	0	0	1	0	1	1	1	0	2	
1	1	1	1	0	0	0	0	0	0	0	0	0	0	0	1	0	1	2	0	2	2	1	0	0	1	1	0	0	1	1	0	0	1	0	0	0	0	1	0	0	1	0	1	0	1	0	2	1	1	1	0	1	0	1	1	1	0	1	0	1	0	0	1	1	1	1	1	1	0	1	0	2	1	1	0	1	1	0	0	1	1	0	0	0	1	0	0	1	1	1	0	1	1	1	0	0	0	0	1	
0	1	2	2	1	1	1	1	1	0	1	0	0	1	0	0	0	0	0	0	1	0	0	1	0	0	0	0	0	0	0	0	0	1	1	0	1	0	0	0	2	0	1	1	0	1	1	1	0	0	1	1	0	0	2	1	0	0	1	1	1	1	1	1	0	0	0	1	0	1	1	0	0	1	0	0	0	0	2	2	1	0	0	1	1	1	1	1	1	1	1	1	1	0	1	1	1	1	0	0	
0	0	1	0	1	1	0	2	0	1	0	1	1	1	0	1	1	0	1	0	0	0	1	1	0	0	1	1	1	2	0	0	1	1	0	0	0	1	0	1	0	1	0	0	1	1	0	1	0	0	1	1	1	1	0	0	1	1	1	1	0	1	0	0	1	0	1	0	1	0	1	0	1	1	0	1	0	0	1	1	1	0	0	1	0	1	0	0	1	1	2	0	0	1	1	1	1	1	1	0	
0	0	0	1	0	1	1	0	0	0	1	0	0	0	1	0	0	0	1	0	0	0	1	0	1	1	0	1	0	1	1	0	1	0	0	0	1	1	1	1	1	0	0	2	1	1	0	1	1	0	1	0	1	1	0	1	1	0	0	1	1	0	0	0	2	1	1	0	1	0	0	0	0	0	0	1	2	0	1	2	1	1	0	1	0	0	1	2	0	0	0	0	0	0	0	0	0	1	1	0	

11	50013	99930	100122	249104	150616	

12	50015	99944	100116	249158	150618	

13	50016	99952	100112	249190	150618	

14	50010	99938	100102	249146	150606	

15	50006	99916	100108	249058	150606	
15	
0	0	1	0	0	0	1	0	0	0	1	0	1	1	0	0	0	1	1	1	0	1	2	1	1	1	0	1	0	0	0	0	0	0	1	0	0	2	1	0	1	0	1	0	0	0	0	1	1	0	1	0	0	0	0	0	0	0	0	1	1	0	0	1	0	1	0	1	0	0	0	0	0	0	1	0	0	0	0	1	0	1	1	0	1	0	1	1	0	0	1	0	0	0	0	1	1	0	0	0	
1	0	1	1	1	0	0	0	1	0	0	1	1	1	1	1	1	0	0	0	0	0	0	0	2	0	1	0	0	0	1	0	1	1	0	0	2	0	1	0	1	0	0	0	0	2	1	0	1	1	1	1	1	0	1	1	0	0	2	0	0	1	1	1	0	0	0	1	1	1	0	1	1	0	0	1	0	1	0	2	1	0	0	0	1	1	1	0	0	1	0	1	1	1	0	1	1	0	0	0	
1	0	0	1	1	0	1	0	1	1	1	1	0	1	0	1	1	2	0	1	0	0	0	2	1	2	1	0	1	0	0	0	0	0	1	1	0	1	1	1	0	1	1	1	0	1	1	1	1	1	1	0	1	0	0	1	1	1	0	0	1	0	2	1	1	2	1	1	0	1	1	0	1	1	0	0	1	0	0	1	1	1	1	0	0	1	1	2	0	0	0	0	0	0	1	2	0	0	0	2	
0	1	2	1	0	1	0	0	1	1	0	0	1	0	2	1	0	1	0	0	0	0	1	0	1	0	0	0	2	0	0	1	0	0	0	1	1	0	1	1	0	0	0	0	0	1	1	1	0	1	1	1	1	1	1	0	1	0	0	2	1	1	1	0	1	0	1	0	0	0	0	0	1	2	0	0	0	1	0	1	0	0	0	1	0	1	0	0	1	1	0	2	1	1	0	0	0	0	1	1	
1	0	1	2	1	2	0	1	1	2	0	1	0	0	1	0	1	1	0	0	0	1	0	1	0	1	1	1	0	1	1	1	1	0	1	1	1	1	0	2	1	0	1	1	2	1	1	1	0	0	2	1	0	1	0	0	0	2	0	2	1	1	0	0	0	2	1	1	2	0	0	0	1	0	0	2	1	1	1	0	0	1	0	1	0	0	0	0	1	1	1	0	1	2	0	0	0	1	1	1	
1	1	0	0	0	0	1	1	0	0	0	0	1	1	1	1	0	1	1	1	1	0	1	1	0	0	1	0	1	0	1	1	1	0	0	1	1	0	1	1	0	0	0	0	1	0	1	1	0	0	1	2	0	1	0	0	1	1	1	1	0	0	0	1	0	1	1	0	1	1	0	0	1	1	1	1	1	1	0	1	0	0	1	0	1	1	0	1	0	0	1	1	1	1	1	1	2	1	1	1	
1	0	0	0	0	0	0	1	0	1	0	0	2	0	1	0	0	1	0	1	1	0	0	1	0	0	1	0	0	1	1	0	0	0	0	1	0	0	0	0	1	1	0	0	1	1	0	1	0	0	1	0	1	1	0	1	0	0	1	1	2	0	1	0	1	2	1	1	1	0	0	1	0	1	1	2	2	0	1	1	1	1	1	1	1	0	1	1	0	1	1	0	0	1	1	1	1	0	1	1	
0	0	0	0	0	0	1	1	2	2	0	1	1	0	1	1	1	1	0	0	0	1	0	0	1	0	0	0	0	0	1	1	1	0	0	0	0	0	1	1	1	2	2	0	1	1	1	2	1	0	0	0	0	1	1	0	0	0	0	0	1	0	1	1	0	1	0	1	1	1	1	1	0	0	1	0	2	1	0	0	1	1	0	1	1	0	0	1	0	1	0	0	1	1	1	1	1	0	1	1	
0	0	0	1	1	2	0	0	1	2	1	0	1	0	0	2	0	2	2	1	1	1	0	0	1	0	1	0	1	0	0	1	0	1	1	1	1	0	0	0	1	0	1	0	0	1	1	1	1	0	1	0	1	0	0	1	0	0	0	1	1	0	0	1	0	0	1	1	1	1	1	0	0	0	1	1	2	0	1	0	2	1	0	0	0	1	0	0	1	1	1	0	0	1	1	1	2	0	0	0	
0	0	0	1	2	1	0	2	0	0	1	0	1	0	1	0	0	0	0	0	1	1	1	1	0	1	0	1	0	1	0	0	1	1	0	1	0	0	1	1	1	0	2	1	0	0	1	0	0	0	0	0	1	1	1	0	0	0	0	0	1	1	0	1	0	0	0	0	0	0	0	1	1	1	1	0	0	0	1	0	0	2	2	1	0	1	0	2	0	0	1	1	1	1	0	0	1	0	0	0	
1	1	1	0	0	1	0	0	2	1	1	0	1	1	1	0	1	2	0	0	1	1	0	0	0	0	1	0	0	0	1	1	0	0	0	0	1	2	0	0	1	1	0	0	1	0	1	0	1	1	0	0	0	1	0	2	1	1	1	0	1	0	1	1	1	2	0	0	0	2	0	0	0	0	1	2	0	0	0	1	1	0	0	0	0	1	2	0	1	1	1	0	0	0	1	1	1	0	1	0	
0	0	1	0	1	1	0	0	1	0	0	1	0	0	0	0	1	0	1	1	1	1	1	0	1	1	0	0	0	0	1	0	1	1	0	2	0	1	1	1	1	0	1	0	1	0	1	0	0	0	0	1	0	2	0	0	2	0	1	1	0	0	0	1	0	1	0	0	0	0	0	1	0	1	0	1	1	1	1	1	0	2	0	1	0	0	1	1	0	1	0	0	1	1	0	1	0	1	1	1	
1	1	1	0	1	0	0	1	0	1	1	1	0	1	1	1	1	0	0	0	1	0	0	1	0	0	0	0	0	1	1	0	0	1	0	0	0	0	0	1	2	1	0	2	0	0	1	2	0	1	1	0	1	2	1	1	2	1	1	0	2	1	0	0	1	0	0	0	0	1	1	0	0	1	0	1	1	0	1	0	0	2	0	0	0	0	0	0	1	1	1	0	0	1	1	1	1	2	0	2	
1	1	1	1	1	0	1	1	0	1	1	1	0	0	2	0	1	1	0	0	0	0	0	1	0	1	0	0	0	1	0	0	1	0	0	1	0	1	1	0	1	0	1	1	0	1	0	0	0	1	0	0	0	1	0	0	0	0	1	0	0	1	0	1	0	0	0	1	1	1	2	1	0	0	1	0	1	1	0	2	1	0	0	0	0	1	0	1	0	1	1	1	1	0	1	0	1	1	0	1	
1	1	1	1	0	0	1	2	1	0	1	1	0	1	0	0	1	1	1	0	1	1	0	0	1	0	0	0	0	1	0	1	1	0	0	1	1	1	0	0	1	0	0	2	0	0	1	0	1	0	1	0	1	1	0	0	1	0	0	1	1	0	1	1	1	0	0	1	0	1	0	0	1	0	0	1	0	0	0	1	0	0	2	1	0	1	1	0	1	0	1	0	0	0	0	0	0	0	0	1	
1	1	0	1	1	0	0	0	0	0	0	0	2	1	0	1	1	2	1	0	0	1	0	0	1	0	1	1	0	1	1	1	1	1	0	0	1	1	0	0	1	0	1	0	0	1	0	1	0	2	1	1	0	1	2	0	1	1	0	0	0	1	1	0	0	0	0	0	1	0	0	0	1	2	0	1	1	1	1	0	0	1	0	0	1	1	0	2	0	1	0	1	1	0	0	1	0	0	0	1	
0	0	1	1	0	0	2	0	1	0	0	0	1	0	1	1	0	2	0	1	1	1	0	0	0	0	1	1	0	1	0	0	0	1	1	0	0	1	1	2	1	0	2	1	1	1	0	0	0	1	1	0	1	0	1	0	1	1	1	1	0	0	0	0	1	2	0	1	1	1	1	1	1	0	0	1	1	1	1	1	1	0	0	0	1	0	1	1	1	2	0	0	0	1	1	2	0	0	0	1	
2	1	0	0	0	1	0	1	2	0	1	0	0	1	0	1	0	1	0	0	1	1	0	1	0	1	1	0	0	2	0	0	0	2	0	1	1	1	0	1	1	0	1	0	0	1	1	0	1	0	0	1	0	0	0	1	0	1	1	1	1	0	0	0	0	0	1	1	0	1	1	0	0	0	1	1	0	1	0	1	0	1	2	0	0	1	2	1	1	1	2	1	0	0	2	2	1	0	1	1	
1	1	0	0	1	1	1	0	1	2	0	0	0	1	0	1	1	1	1	1	0	1	0	1	0	0	1	0	0	1	0	2	1	0	0	0	0	0	1	0	0	0	1	0	1	1	0	1	0	1	0	1	0	2	1	1	1	1	1	0	0	0	1	0	1	1	1	0	0	0	1	2	1	1	1	2	0	0	0	0	2	1	1	1	0	1	1	1	0	2	1	0	2	0	0	0	1	0	1	0	
0	0	1	2	1	0	1	1	0	0	1	0	1	1	2	0	0	0	1	1	0	0	1	1	0	1	0	1	0	0	0	0	0	0	0	0	0	1	1	1	2	1	0	0	0	0	1	0	1	0	0	1	1	0	2	1	1	1	1	0	1	0	1	0	1	1	1	0	0	1	0	0	0	1	0	2	1	1	0	0	1	0	1	0	0	0	0	1	0	1	1	1	1	2	0	1	1	1	1	2	
0	1	0	0	2	0	0	0	0	0	1	0	2	0	1	2	1	0	0	0	2	0	0	1	1	0	1	2	0	0	1	0	1	0	0	1	0	0	1	1	1	1	1	0	1	0	0	0	1	1	2	1	0	0	0	0	1	0	1	2	0	1	0	1	0	1	0	0	0	0	1	2	1	0	1	2	2	0	1	1	0	2	0	0	0	2	1	0	0	0	1	1	2	1	1	0	2	1	0	0	
1	0	0	1	0	0	1	1	1	1	0	1	1	1	1	1	0	0	2	1	1	1	0	1	1	1	1	1	0	0	1	0	0	0	1	0	1	0	0	1	0	0	0	0	1	0	0	0	0	1	0	0	0	1	0	0	1	0	0	1	1	1	1	0	0	0	0	0	0	2	1	0	1	0	2	0	0	0	0	1	0	0	0	1	0	1	0	0	1	0	1	1	0	0	0	0	1	1	0	0	
1	1	0	0	0	1	0	1	0	0	1	1	0	0	1	0	1	1	2	0	0	0	0	0	0	2	0	1	0	1	1	1	1	1	0	0	0	1	0	1	1	0	0	0	0	1	2	1	1	0	1	1	1	1	0	0	1	1	1	1	0	1	0	1	2	1	1	0	0	2	1	2	0	0	0	0	1	1	1	0	1	2	1	0	0	2	1	0	1	0	1	0	0	1	0	0	0	2	1	0	
1	1	0	1	0	0	1	1	2	1	0	0	0	1	1	1	0	0	1	1	1	0	1	1	1	1	0	1	1	0	1	0	1	2	0	0	0	0	1	0	0	0	1	1	1	1	1	0	0	0	1	0	0	1	0	0	0	0	0	0	0	0	0	1	1	0	0	1	1	2	0	0	1	0	2	2	0	0	1	0	0	1	0	1	2	1	1	0	1	0	1	2	1	0	0	0	0	0	0	0	
1	1	0	0	1	0	0	0	0	2	0	1	1	0	1	1	1	1	0	0	1	1	1	2	1	0	0	2	0	1	0	1	1	1	1	1	0	1	1	0	1	1	1	1	0	0	0	0	0	0	0	0	1	1	1	0	0	1	1	1	1	1	0	2	2	1	1	1	1	0	1	0	0	1	0	1	0	1	0	1	0	1	0	1	0	0	0	1	1	1	1	0	0	1	0	2	0	1	2	0	
0	1	0	0	1	2	1	1	0	1	1	2	0	0	0	0	2	1	0	0	0	0	1	1	0	0	1	1	1	2	1	1	2	1	1	0	1	1	0	0	0	0	0	1	1	0	2	1	0	1	0	1	0	0	0	0	1	0	0	1	1	0	1	0	1	0	1	1	1	1	1	0	0	0	1	1	0	0	0	1	0	0	0	1	0	1	0	0	1	1	0	1	0	1	1	0	1	0	1	1	
0	2	1	0	0	0	1	1	0	0	1	0	1	1	0	0	0	1	1	0	0	0	0	0	0	0	0	2	0	0	1	0	1	1	0	1	0	1	0	1	1	0	0	0	1	2	1	2	0	1	1	1	0	0	1	0	0	1	1	1	0	0	0	0	0	0	0	1	0	0	0	0	2	0	0	1	1	1	1	0	0	1	1	0	0	1	1	0	1	0	1	0	0	1	2	0	1	1	0	0	
2	0	0	0	1	0	0	0	1	0	0	0	1	0	1	0	0	1	2	1	0	1	0	1	1	2	0	1	0	0	0	1	0	0	2	1	0	0	0	1	0	0	2	0	2	1	2	0	0	0	0	1	1	0	2	0	2	0	0	1	1	1	0	1	1	1	0	0	2	1	0	0	1	1	1	0	1	1	1	0	1	1	1	1	1	0	0	1	0	0	0	1	1	0	0	0	1	1	1	0	
0	0	0	0	0	0	1	0	0	0	0	1	0	0	2	0	0	2	2	0	1	0	0	1	1	1	0	0	2	1	0	0	1	1	1	1	1	1	0	1	1	2	0	1	1	1	0	0	0	0	1	1	1	1	1	0	1	0	1	1	1	1	2	0	0	2	0	0	1	0	1	0	0	0	1	1	0	0	0	1	0	0	0	1	1	2	1	0	0	0	0	2	0	0	0	0	1	1	1	0	
1	1	0	0	1	0	0	0	1	1	0	1	1	1	0	0	2	1	0	1	1	1	1	0	0	0	1	1	1	1	2	0	0	0	0	0	0	1	0	0	0	1	1	0	1	0	1	0	1	0	0	1	0	1	0	1	1	0	1	1	2	0	2	1	0	1	0	1	0	0	0	1	0	1	1	1	1	1	1	1	0	0	0	1	1	0	1	1	2	0	0	1	2	1	0	2	1	0	1	0	
0	0	0	1	1	0	0	0	1	0	0	1	0	0	0	0	0	0	0	1	0	1	1	0	2	1	0	0	0	0	1	0	0	1	0	1	0	0	0	1	1	1	1	1	1	1	1	1	0	0	1	0	0	0	1	0	0	0	1	1	0	0	1	1	1	0	1	0	0	0	1	1	0	1	0	0	1	1	1	0	0	1	0	1	1	0	0	1	1	0	0	1	0	0	1	1	1	1	1	1	
0	1	0	1	1	0	0	1	1	1	2	1	1	1	1	0	2	1	2	1	0	0	0	1	2	0	1	1	0	1	0	0	0	1	0	1	1	0	1	2	0	0	1	1	1	1	1	0	0	1	0	0	1	0	1	0	0	0	1	0	2	1	0	0	1	1	1	0	1	0	0	1	1	1	2	1	0	0	1	1	0	0	0	1	1	1	0	0	0	1	1	0	2	0	1	1	1	1	0	0	
1	0	1	0	2	0	1	0	1	1	0	0	0	0	0	1	0	2	0	0	1	1	1	0	0	1	1	0	0	1	1	1	0	0	0	0	0	1	1	0	0	0	1	1	1	0	0	0	1	1	1	2	0	0	1	1	1	0	1	0	1	0	1	1	0	0	0	0	1	0	0	1	1	0	0	0	0	0	0	1	1	0	0	0	0	1	0	0	0	0	1	0	1	0	0	0	0	0	1	1	
1	1	1	0	0	0	0	1	1	1	0	0	0	0	1	0	0	1	2	1	0	1	2	1	1	1	0	1	0	1	1	1	1	0	2	0	1	1	0	0	1	0	0	0	1	1	0	2	1	0	1	1	2	1	1	1	1	1	0	0	0	0	1	0	0	0	0	0	0	1	0	1	0	1	1	2	0	1	1	1	0	1	0	0	1	1	0	0	2	1	1	1	1	1	2	1	2	1	0	0	
1	1	1	1	1	0	0	0	1	1	1	0	0	1	1	1	0	0	0	0	0	0	0	1	0	0	1	0	1	1	1	0	0	1	1	0	0	0	0	1	1	1	1	1	0	1	0	0	1	0	0	1	1	1	1	0	1	0	2	0	0	1	1	1	1	0	1	0	0	0	0	0	1	0	0	1	1	0	0	1	0	1	0	1	1	1	1	1	0	1	2	0	1	1	1	0	0	0	0	0	
0	0	1	0	1	0	1	0	0	1	1	0	0	0	1	1	0	1	1	2	1	1	1	0	1	0	0	1	0	0	1	1	0	0	1	0	1	0	1	2	0	0	0	0	1	0	0	1	1	1	0	1	1	1	1	1	1	0	0	0	0	1	1	1	0	0	0	2	0	1	2	0	1	2	1	2	0	0	2	0	0	0	0	1	1	1	0	0	0	1	2	0	0	0	0	0	0	0	0	0	
1	1	2	1	1	0	0	1	0	1	0	0	0	0	1	0	1	0	1	0	0	2	1	0	1	0	1	1	0	0	1	0	0	0	0	1	2	1	0	0	0	0	0	0	1	0	1	1	1	0	0	0	2	2	1	0	0	1	0	0	2	0	1	1	1	1	1	0	0	1	0	1	0	0	1	0	0	0	0	1	0	1	1	0	1	0	1	1	0	0	0	1	0	0	1	2	0	0	0	0	
1	0	0	0	0	0	0	0	1	1	0	2	0	1	0	1	2	2	1	0	0	1	1	0	0	0	0	1	0	1	0	0	0	0	0	1	1	0	1	1	1	1	1	1	0	2	1	1	1	1	0	0	1	1	0	1	0	0	1	1	0	1	0	0	1	0	1	1	1	0	0	1	1	1	0	0	1	0	1	0	0	0	0	2	1	1	1	0	0	1	1	1	0	1	0	0	1	1	0	0	
1	0	1	0	0	0	0	0	0	1	1	1	1	0	1	0	0	0	1	0	1	0	1	0	0	0	0	0	1	1	1	1	1	0	1	0	1	2	1	0	1	0	0	0	0	2	0	1	1	0	1	0	0	0	1	0	1	0	0	1	1	1	1	0	0	0	1	1	1	1	0	1	1	0	1	1	0	2	1	1	1	0	1	0	0	1	0	0	0	1	1	1	0	0	1	0	0	1	0	1	
2	1	1	0	0	1	2	0	1	1	0	0	1	1	1	0	2	0	1	1	0	0	1	2	0	0	0	0	0	0	1	0	0	1	0	0	0	1	1	1	0	1	1	0	0	1	0	1	0	0	1	0	1	1	0	2	0	0	1	0	1	1	0	0	1	1	0	1	0	1	0	1	2	2	1	0	0	2	1	1	1	1	1	1	0	0	0	0	0	1	0	1	0	0	0	2	1	0	0	0	
1	0	0	0	0	1	0	0	1	1	0	1	1	0	0	0	0	0	1	1	0	2	1	1	0	1	1	1	1	0	1	0	1	0	0	0	0	1	0	1	0	1	1	0	0	0	1	0	1	1	1	1	1	0	0	1	2	1	1	2	1	1	1	0	0	0	1	2	1	0	1	0	0	0	1	0	0	0	1	1	0	1	1	1	1	0	0	0	0	0	1	2	0	0	0	0	1	1	0	1	
0	1	1	1	0	0	0	1	1	2	2	1	1	0	1	1	0	1	0	0	0	2	0	0	1	1	1	1	1	1	1	0	1	1	1	1	0	1	0	1	0	1	1	1	0	0	0	0	1	1	0	0	0	1	0	0	1	1	2	1	1	1	1	0	0	0	0	1	1	1	1	0	0	1	1	1	0	0	1	0	0	1	0	1	1	0	1	0	1	0	0	0	0	0	0	0	0	0	0	1	
0	1	1	0	0	0	0	0	1	1	1	0	1	0	0	2	0	0	1	1	0	0	1	0	1	1	0	0	0	2	2	1	1	1	0	0	0	0	0	0	1	0	1	0	1	0	1	0	0	1	0	0	0	1	1	0	2	0	2	0	0	0	0	0	2	0	1	1	0	0	2	1	1	0	1	1	0	1	1	0	0	0	0	1	0	0	0	0	0	2	0	0	0	1	0	1	2	0	2	0	
1	0	0	0	2	0	0	1	1	1	0	1	1	0	1	0	1	0	0	1	1	1	0	1	1	1	0	0	0	0	1	0	2	1	1	0	1	0	0	1	0	2	1	0	0	0	1	1	1	1	1	2	1	1	1	1	0	1	0	0	0	0	1	0	0	0	0	1	0	0	0	1	1	1	0	1	0	1	0	1	1	2	0	0	1	1	0	2	0	1	1	0	1	0	0	0	0	0	1	1	
0	0	1	1	1	0	0	0	0	0	1	2	1	1	0	0	1	0	1	1	0	0	0	1	1	0	1	0	1	0	0	1	1	0	1	0	1	0	0	1	1	1	1	0	0	1	1	0	1	1	1	0	1	1	0	1	1	0	0	1	1	0	0	1	1	1	2	0	0	0	1	1	0	1	0	2	0	1	0	0	0	1	2	2	0	0	2	1	0	0	0	0	1	1	0	0	1	0	2	1	
1	0	0	1	0	0	0	1	0	1	1	1	1	0	0	1	2	1	2	0	1	0	0	0	0	1	1	1	0	1	0	1	1	1	0	1	1	1	1	1	1	0	1	1	2	1	1	1	1	1	0	2	0	2	0	1	1	1	0	0	2	0	0	1	2	2	1	1	0	0	2	1	1	0	0	0	0	0	0	1	0	1	1	0	0	0	1	1	0	0	1	0	2	0	0	1	1	2	0	0	
2	1	0	0	1	0	1	1	1	1	1	0	0	1	1	1	0	0	2	2	0	1	0	0	0	1	1	1	1	1	1	0	1	0	0	1	0	0	1	1	0	1	1	2	0	1	1	1	0	1	1	0	1	1	0	1	0	1	1	0	1	1	1	1	0	0	0	0	0	0	1	1	0	0	0	0	1	1	0	0	0	1	1	0	0	0	0	1	0	1	0	0	1	0	2	0	1	0	0	0	
0	1	2	0	0	1	0	1	1	1	0	0	0	0	0	0	1	1	0	0	0	0	0	1	2	1	0	1	1	1	0	1	1	1	0	0	1	0	1	0	1	2	1	0	1	1	0	1	0	1	1	1	0	1	0	0	1	0	0	0	0	0	2	0	0	0	0	2	0	0	0	1	0	2	0	0	0	1	0	2	0	1	0	0	0	0	0	0	0	2	1	1	0	1	0	0	0	1	0	1	
1	0	1	1	1	0	0	1	0	0	2	1	1	1	1	1	0	1	0	0	0	2	0	0	2	0	1	0	1	1	0	2	0	1	1	1	1	2	1	0	0	1	0	0	1	1	0	0	0	1	0	0	0	1	0	0	0	0	0	1	0	1	0	0	0	1	1	1	0	0	0	1	1	1	0	0	0	0	0	0	0	0	0	0	0	0	0	1	2	1	2	0	1	1	0	0	1	0	1	0	
0	0	1	0	0	1	0	0	1	1	0	1	1	1	1	1	1	1	0	0	1	1	1	1	1	1	2	1	1	1	1	1	0	0	1	0	1	0	0	0	0	1	1	1	2	0	1	1	0	0	1	0	1	0	1	1	1	0	0	0	0	0	1	0	0	0	0	0	1	0	0	1	1	1	0	1	0	0	0	1	1	1	1	1	0	0	1	0	1	0	1	1	1	1	0	1	1	0	2	0	
1	1	0	1	0	1	1	0	1	1	0	0	0	1	0	0	1	1	0	1	1	1	0	0	2	0	0	1	1	1	1	1	1	1	0	1	0	0	1	1	1	0	0	0	1	0	0	0	1	1	2	0	2	0	1	1	0	0	1	1	1	0	1	1	2	1	0	1	1	1	1	0	1	0	1	0	0	1	0	1	0	0	1	1	1	1	1	0	0	0	1	0	1	0	0	0	1	0	2	2	
0	0	0	0	1	1	2	0	1	1	0	1	0	1	0	1	1	1	1	0	1	0	0	1	1	1	0	0	1	2	2	1	0	0	1	0	0	1	0	1	0	1	0	0	1	1	0	1	1	1	0	1	1	0	1	2	0	1	1	0	1	2	0	0	2	1	1	0	0	1	0	0	0	0	0	1	0	0	2	0	1	2	0	1	0	0	0	1	1	0	0	0	0	0	0	2	0	0	1	0	
1	1	0	1	1	0	0	1	1	1	0	1	0	0	1	1	0	0	0	0	1	2	0	1	0	0	0	0	2	1	0	1	1	0	2	0	0	0	1	0	1	1	0	1	1	0	1	1	0	0	0	1	0	1	2	0	1	0	1	0	0	0	0	0	2	0	1	1	1	0	2	0	0	1	0	0	1	2	0	0	1	0	0	1	1	1	0	0	1	1	0	1	1	0	0	1	0	0	0	1	
1	0	1	0	0	0	0	1	0	1	0	0	0	0	1	0	2	0	0	0	1	0	0	0	0	0	0	1	0	0	0	1	1	1	1	0	1	1	0	1	0	0	1	1	1	2	0	2	0	0	1	1	0	2	0	1	2	1	1	2	0	2	1	1	1	0	1	0	0	1	0	0	0	2	1	1	1	1	1	0	0	0	0	0	1	1	1	0	0	1	1	0	1	0	1	0	1	0	1	0	
1	1	0	0	0	1	0	1	1	1	0	1	0	0	0	1	0	0	1	1	1	1	0	0	0	0	0	0	0	0	0	0	2	1	0	0	2	0	1	0	1	1	0	0	0	2	0	0	0	0	1	1	1	1	1	0	1	1	0	0	0	1	1	1	0	1	0	1	0	1	0	0	1	0	0	0	1	0	2	0	0	0	1	0	1	0	1	1	0	0	1	2	1	1	0	0	0	1	0	0	
0	0	0	1	1	0	1	1	0	0	0	0	0	0	0	1	2	1	1	0	1	1	1	0	1	0	1	0	0	1	0	0	1	0	1	1	1	2	1	1	1	0	1	2	0	0	0	1	1	1	1	1	0	1	0	1	0	0	0	1	1	1	0	0	0	1	0	0	0	0	1	1	0	0	0	1	1	0	0	1	1	0	1	1	1	0	1	0	0	1	0	1	0	1	0	0	1	0	2	1	
0	1	1	0	0	1	2	0	0	1	1	0	1	0	2	1	0	0	1	1	0	0	0	2	1	0	0	2	0	0	0	1	1	0	0	0	1	1	1	0	0	0	0	1	1	1	1	0	1	0	0	0	1	1	1	2	0	1	0	1	0	1	0	1	1	0	0	1	1	0	0	0	0	1	0	2	0	0	0	1	2	1	0	1	0	0	1	1	1	0	0	0	0	0	1	2	0	0	1	1	
1	1	0	2	1	0	0	0	0	0	1	0	0	1	0	1	0	0	0	1	0	0	1	1	1	1	1	0	0	1	0	1	0	0	0	1	1	0	1	0	0	0	1	1	1	0	0	1	1	1	1	1	0	0	1	0	1	1	1	1	0	1	0	1	0	1	0	0	1	0	0	0	0	1	1	0	0	0	1	1	0	0	0	1	0	1	0	0	1	1	0	0	0	1	1	1	0	0	1	0	
1	1	1	2	2	0	1	0	0	0	1	2	2	0	0	1	1	0	0	1	0	1	0	0	1	0	1	0	0	0	1	0	0	0	1	1	0	2	0	0	0	2	0	0	1	2	1	1	1	0	0	0	0	0	1	0	0	2	0	2	0	0	0	1	0	0	0	1	0	0	1	1	1	0	1	0	1	0	1	0	0	0	0	1	0	1	1	0	0	0	0	1	1	1	0	0	1	0	1	1	
1	1	0	1	0	0	0	0	1	0	1	0	1	1	1	0	0	0	0	0	1	0	0	1	0	0	1	0	0	0	1	1	1	1	2	2	1	1	2	0	0	1	2	1	0	0	0	1	0	1	0	1	0	1	0	0	0	1	1	0	0	1	1	1	1	1	0	0	1	1	1	0	0	0	0	0	1	0	1	0	1	1	0	1	1	2	0	1	0	2	1	1	0	0	0	0	0	1	1	0	
2	2	0	1	0	2	0	0	0	1	2	0	0	1	0	0	0	1	0	0	0	0	1	2	1	0	1	1	1	0	1	2	0	0	0	2	1	2	0	0	0	1	1	1	1	2	0	0	0	0	1	1	0	1	0	1	2	1	1	0	1	1	0	1	0	1	0	0	1	0	0	0	0	0	1	1	1	1	0	0	0	0	0	0	0	1	1	0	1	0	1	0	0	1	0	0	1	1	0	0	
1	1	0	0	0	0	1	0	1	1	0	0	0	0	1	0	0	1	1	0	0	0	0	1	0	1	1	1	2	0	1	0	0	1	0	0	1	0	0	0	0	0	0	0	2	1	0	2	0	0	0	0	1	1	1	1	1	1	1	1	2	0	0	1	0	1	1	1	1	0	1	1	2	1	1	1	0	0	0	1	1	0	1	2	1	1	0	1	0	0	1	0	1	0	0	1	1	2	1	0	
1	2	1	2	0	1	0	0	1	1	1	1	1	0	0	1	1	2	1	0	2	0	1	2	1	0	0	1	1	0	0	1	1	0	1	1	1	1	1	0	0	2	1	1	0	1	2	0	0	0	0	0	0	1	0	1	0	0	0	0	1	1	1	1	0	0	1	1	0	1	0	1	0	0	0	0	2	0	2	0	0	1	0	1	0	0	1	0	0	1	1	0	0	1	1	0	1	1	0	0	
1	1	1	0	1	0	0	1	1	1	1	0	1	1	0	1	1	0	1	2	0	2	0	0	1	0	0	2	1	0	1	1	0	1	0	0	1	0	0	1	1	0	1	1	1	1	1	0	0	0	0	0	1	1	0	1	0	0	1	1	1	1	0	1	1	1	1	0	1	1	1	0	1	0	1	2	0	2	1	0	1	0	1	0	0	1	1	1	0	0	1	0	1	0	1	0	1	0	1	0	
1	1	0	1	2	1	0	0	1	1	1	0	0	0	0	1	0	0	1	1	0	2	0	0	1	1	1	1	1	1	0	2	1	0	0	0	1	0	0	1	0	1	0	1	1	0	0	0	0	1	1	1	0	0	0	1	1	1	0	1	0	1	0	2	0	1	1	0	0	0	0	1	0	0	1	1	2	1	0	1	1	0	0	0	0	1	1	1	1	0	2	1	0	0	1	0	0	1	1	1	
1	0	0	0	0	1	0	1	0	0	2	0	1	1	1	1	1	1	0	1	0	1	0	1	1	0	1	0	1	0	0	1	1	1	1	0	1	1	1	2	0	0	1	0	1	0	0	0	0	0	1	0	1	0	1	0	0	0	0	1	1	1	0	0	1	0	1	0	0	0	1	1	1	1	1	0	1	2	0	0	1	1	0	0	1	1	1	1	1	2	0	0	0	0	1	0	0	2	1	1	
0	1	0	0	2	0	0	0	0	1	1	0	1	2	0	1	0	0	0	0	0	0	1	0	1	0	0	1	1	0	1	0	0	1	0	1	0	0	0	0	1	0	1	1	1	1	1	1	1	0	1	0	1	2	1	0	2	0	0	0	0	1	0	2	1	0	1	0	1	0	1	2	0	1	0	0	1	1	0	0	0	1	1	0	1	0	0	0	0	0	1	0	0	2	0	0	1	1	0	1	
0	1	0	0	0	0	0	1	1	0	0	1	1	1	0	1	0	0	1	0	0	2	2	1	1	1	2	0	1	0	0	1	0	0	1	0	1	1	1	0	1	1	1	1	1	1	2	1	0	0	0	0	1	1	1	1	0	2	0	0	0	1	1	0	1	1	0	0	0	0	0	1	1	1	0	1	1	0	1	1	1	0	1	1	0	0	1	0	0	1	0	1	0	0	0	1	1	1	0	1	
0	1	0	2	0	2	0	1	1	1	0	0	1	0	2	0	0	2	0	1	2	1	1	0	1	0	1	1	1	1	0	1	0	1	0	0	1	0	0	0	0	1	0	0	1	0	1	1	0	0	0	1	0	0	2	0	0	1	0	0	0	0	0	0	2	0	2	0	0	1	2	0	2	0	1	0	1	0	1	1	1	0	0	0	0	1	1	1	0	1	1	0	1	1	0	1	1	1	1	1	
0	0	1	2	1	0	1	0	1	1	0	1	0	1	1	0	1	1	0	1	0	0	1	0	0	2	0	0	0	0	0	0	1	1	0	0	0	0	1	1	2	0	1	0	0	1	0	1	0	0	2	0	0	1	1	1	1	0	1	1	1	2	1	1	1	0	1	1	1	1	1	1	0	0	0	1	1	0	0	1	0	0	0	0	0	1	2	0	0	1	0	1	0	1	0	0	1	1	0	0	
1	1	1	1	0	1	0	1	1	1	0	0	0	0	1	1	1	1	0	0	0	0	0	0	1	0	0	1	2	1	0	0	1	0	1	1	1	2	1	1	0	1	1	1	0	1	0	0	2	0	0	1	0	2	0	0	1	1	1	1	1	0	1	1	1	0	1	0	0	1	1	0	1	0	1	1	1	0	2	1	1	1	1	1	1	2	0	1	1	0	1	1	0	0	0	0	1	1	2	0	
1	0	0	2	0	0	1	0	1	0	1	1	1	1	0	2	0	1	0	1	0	1	0	0	1	1	0	1	1	0	0	0	0	0	0	0	1	1	0	0	1	0	1	1	0	0	0	1	0	1	0	1	0	0	1	0	0	0	0	2	0	0	0	1	1	0	0	1	0	0	1	0	2	0	1	2	2	0	2	1	1	0	1	1	1	0	0	2	1	2	0	0	1	0	0	1	0	0	0	0	
1	0	2	0	0	1	1	0	0	0	0	1	1	1	0	1	1	2	2	2	0	1	0	0	1	0	1	1	0	0	0	1	0	0	1	0	0	0	1	1	1	0	0	1	0	0	1	0	1	0	0	0	1	0	1	1	1	1	0	1	1	1	1	0	1	0	0	0	1	0	0	0	0	1	0	1	1	1	0	0	1	1	2	1	0	0	0	1	1	0	1	0	1	0	0	1	1	1	1	0	
2	0	1	1	0	0	0	0	1	0	0	1	1	1	0	1	0	0	1	1	1	1	1	0	0	1	0	1	0	1	0	0	1	1	1	0	0	1	0	0	0	0	0	0	0	0	0	1	1	1	0	2	0	2	1	1	0	1	1	0	0	1	1	1	1	1	2	2	1	1	1	1	0	1	0	1	1	0	0	0	1	0	0	1	2	1	0	0	0	1	1	1	0	0	2	1	0	0	0	1	
0	1	1	0	0	0	1	1	0	1	0	1	1	1	1	1	1	1	0	0	1	1	0	0	1	1	0	1	1	2	1	0	1	1	0	1	0	0	1	1	0	2	0	0	1	0	0	1	0	1	0	2	1	1	0	0	1	0	1	0	0	1	0	0	1	0	0	0	0	0	0	0	0	1	0	0	0	1	1	2	0	1	0	0	0	0	0	2	2	2	0	0	1	0	1	0	1	2	0	0	
1	0	1	0	2	2	1	1	2	0	1	1	1	0	0	0	0	1	0	1	0	0	1	1	1	0	0	1	0	0	1	1	0	0	1	1	1	1	0	0	0	2	0	0	0	1	1	1	1	1	0	1	1	1	0	0	1	0	1	1	0	1	0	0	1	1	1	0	1	1	0	1	1	0	1	1	1	0	0	0	0	1	0	0	1	0	1	1	1	0	0	2	0	0	1	1	0	0	0	1	
0	1	0	0	1	1	1	0	1	1	0	1	1	1	0	0	0	0	0	0	1	1	1	0	1	0	0	0	0	0	0	2	0	0	1	0	1	0	0	1	1	0	0	0	1	0	1	0	1	0	1	0	1	1	1	0	0	0	0	0	1	0	1	0	1	1	2	0	0	0	2	1	1	0	1	0	0	1	1	0	0	1	0	0	2	0	1	0	0	0	0	0	1	0	0	0	0	1	1	1	
0	1	0	0	1	0	1	0	1	0	0	0	0	2	0	1	0	0	1	2	2	1	1	0	0	2	0	0	1	0	0	1	1	0	2	0	1	0	1	0	1	0	0	0	0	0	0	1	2	0	0	0	1	0	1	0	1	0	2	1	0	0	2	0	2	0	0	1	2	0	0	0	0	1	0	1	1	0	0	1	1	1	1	1	0	1	1	0	2	1	0	0	1	0	1	2	1	1	0	0	
0	0	0	0	1	0	0	0	1	1	1	1	1	1	1	0	1	1	0	1	1	0	0	0	0	0	0	1	1	1	0	2	0	0	0	2	0	1	0	0	0	2	1	0	1	1	1	1	0	2	1	1	0	1	0	0	1	0	1	1	0	0	1	0	0	0	1	1	0	1	2	1	1	0	2	0	1	0	1	1	0	1	1	1	0	1	2	0	0	1	0	0	0	1	0	1	0	0	0	0	
2	0	0	0	2	0	0	1	0	1	0	1	1	1	0	1	0	2	1	0	1	0	1	0	0	1	1	1	0	0	0	0	1	0	1	1	1	0	1	0	1	1	1	1	2	1	0	1	0	0	0	0	0	0	0	0	0	1	1	1	1	0	1	0	0	0	1	1	1	0	1	1	0	2	1	0	1	0	1	0	1	0	0	2	1	0	1	1	1	1	0	1	0	0	0	2	1	0	1	1	
0	1	0	0	0	1	0	0	0	0	0	1	0	0	0	0	0	0	0	0	1	0	0	0	0	0	0	1	0	0	1	0	2	1	1	0	0	1	0	0	2	1	0	1	1	0	1	0	1	1	1	1	0	0	0	0	0	2	0	1	0	1	1	1	1	0	1	1	1	0	1	1	0	0	1	0	2	1	0	1	0	1	1	0	0	0	1	1	1	0	0	1	1	0	1	0	1	0	0	0	
1	1	0	1	0	1	0	0	0	0	0	0	1	0	0	2	2	1	1	1	1	1	2	0	1	0	0	0	1	0	1	0	0	0	0	0	0	0	0	0	1	0	0	0	1	0	0	0	0	1	0	1	0	0	0	1	1	1	0	1	0	0	1	1	0	0	0	0	1	0	1	1	1	1	1	1	0	1	1	1	0	0	1	1	0	0	1	0	0	0	0	2	2	0	1	1	0	0	0	1	
0	0	0	0	0	1	0	0	1	1	1	1	1	2	0	0	2	0	1	0	0	0	0	2	1	0	0	0	2	1	1	0	0	0	0	1	0	0	1	0	1	1	1	0	0	2	0	1	0	1	1	0	0	0	0	1	0	0	0	0	0	1	1	1	0	0	0	1	1	1	0	0	0	1	1	0	0	1	0	1	1	1	1	1	0	0	1	0	0	1	1	0	0	0	1	0	0	1	0	1	
0	1	1	1	1	1	0	0	0	0	1	1	0	2	1	0	1	1	2	1	0	0	2	1	0	1	0	0	0	0	1	0	0	1	2	1	1	1	0	0	0	1	0	1	1	1	0	1	0	0	0	0	1	0	0	1	1	2	0	0	2	1	0	1	1	1	0	1	1	0	0	0	0	2	0	1	1	1	0	0	1	0	0	2	0	1	1	1	0	1	1	0	2	1	0	0	0	0	0	1	
0	0	0	0	0	0	1	1	0	1	0	0	0	1	1	0	0	1	0	0	1	2	2	1	0	0	2	0	1	2	0	0	0	0	0	1	0	0	1	2	1	1	1	1	0	0	1	1	1	1	0	1	1	0	0	1	1	0	0	0	1	1	0	0	0	1	1	0	0	2	0	1	1	1	0	2	0	0	1	1	1	1	2	1	0	1	1	0	0	0	1	0	0	0	0	0	0	0	0	0	
0	1	0	0	0	1	1	0	1	1	0	0	0	0	0	0	0	1	0	0	0	1	1	1	1	1	1	0	0	0	0	0	0	0	0	0	0	1	0	1	1	1	0	1	0	0	1	0	2	0	1	1	1	0	1	0	0	1	1	0	0	1	0	1	2	2	0	0	1	1	0	0	0	1	1	1	1	1	0	0	1	0	0	1	1	1	1	1	0	1	1	0	1	1	1	0	2	1	0	0	
0	1	1	0	0	2	0	1	0	1	1	1	0	1	1	1	1	0	1	1	0	0	1	1	1	0	1	1	1	1	1	0	1	1	1	0	0	1	0	1	1	0	0	1	0	1	1	0	1	0	1	1	0	0	0	2	1	0	0	0	1	1	0	0	0	1	1	0	1	0	1	2	1	0	1	1	1	0	0	2	0	0	1	0	0	1	0	1	1	1	0	0	1	0	0	0	1	1	1	1	
1	0	0	0	1	1	0	0	0	1	0	0	1	1	0	0	0	1	1	0	1	0	1	0	1	0	0	0	0	0	0	1	1	0	0	2	0	1	0	1	0	1	1	1	1	1	0	0	0	2	0	0	0	1	1	0	1	1	2	1	1	0	2	0	0	0	1	2	0	1	1	2	1	1	1	0	1	1	0	0	0	1	1	0	0	0	1	1	1	0	1	1	0	1	1	0	2	0	0	0	
1	1	0	1	0	2	1	0	1	1	1	0	2	0	0	0	1	0	1	1	0	0	0	1	0	1	1	1	0	0	2	1	2	0	1	2	0	0	0	1	0	0	1	1	1	1	0	1	1	0	1	0	1	1	1	0	0	0	1	2	0	1	1	1	1	0	0	0	0	0	1	1	1	1	1	0	1	0	0	1	1	0	0	1	0	0	0	0	0	1	1	1	1	1	0	1	0	0	1	0	
0	1	0	0	0	1	0	0	1	1	0	0	1	0	1	0	0	0	0	0	1	0	2	1	1	1	1	0	1	0	0	1	1	0	0	0	0	1	1	1	1	0	0	0	0	1	1	0	0	0	0	0	0	0	1	0	0	0	0	1	1	1	1	1	0	2	0	0	0	1	0	0	1	0	1	1	1	1	0	0	0	0	0	0	0	1	1	1	1	0	0	1	1	1	2	0	0	1	0	0	
2	0	1	1	0	0	0	1	2	1	1	1	0	0	1	0	1	2	0	1	1	1	1	0	0	0	1	0	1	1	1	0	0	0	0	1	2	0	0	0	0	0	0	0	0	0	1	1	2	1	0	0	0	2	1	0	0	0	1	1	0	1	1	1	1	0	0	2	1	1	1	1	1	0	0	1	0	0	0	1	1	0	0	1	1	0	0	1	1	0	1	0	0	0	0	1	2	1	0	1	
0	0	0	1	0	2	1	0	1	0	0	0	0	0	0	0	0	1	0	1	1	1	0	1	0	1	2	1	2	0	1	1	1	1	1	0	1	1	1	1	0	0	1	1	1	1	0	0	1	0	0	0	0	1	1	0	1	1	0	0	1	1	0	0	1	0	0	0	1	1	1	0	0	1	0	0	1	1	0	0	1	0	0	0	1	1	1	0	0	0	0	0	1	0	1	0	0	0	0	0	
0	1	0	0	2	1	0	1	1	0	0	0	1	1	1	1	0	0	0	1	1	0	0	1	1	0	1	0	0	2	2	1	0	0	1	0	0	0	1	1	0	0	1	1	1	2	1	2	0	1	0	1	1	1	1	1	0	0	1	1	0	0	1	0	0	1	1	1	0	1	0	1	0	0	1	0	1	0	0	0	0	1	0	0	1	0	0	1	0	1	0	0	1	0	1	1	1	1	0	2	
0	0	1	0	1	2	0	0	0	1	1	1	0	1	0	1	0	1	0	1	0	1	1	1	0	0	0	0	1	0	0	0	2	0	1	0	1	0	0	1	1	1	0	1	1	1	1	0	1	0	1	0	0	0	0	2	1	1	0	0	1	0	1	1	1	0	2	1	0	0	0	0	1	0	0	1	1	0	1	0	0	0	0	0	0	0	0	1	0	0	1	2	1	1	1	0	0	1	1	1	
1	0	0	1	0	1	1	1	0	1	1	0	1	0	1	1	0	1	1	1	0	0	0	1	2	2	1	0	1	0	2	0	1	1	0	0	2	0	1	0	0	2	1	1	0	0	1	0	1	0	0	0	1	0	1	0	0	1	0	1	0	1	1	1	1	1	1	1	1	1	1	1	1	0	0	1	1	1	0	0	0	1	0	1	0	0	1	1	1	0	0	0	0	0	1	1	0	0	0	1	
1	1	0	2	1	1	0	0	1	0	1	0	0	0	1	2	1	0	1	1	0	1	0	1	0	1	0	0	0	1	0	2	1	0	0	2	0	0	1	1	0	0	1	1	1	0	2	0	1	1	0	1	0	1	0	2	1	1	1	1	0	0	1	0	0	1	0	1	1	1	0	1	2	0	0	0	1	1	1	1	0	1	0	1	0	1	0	1	0	1	0	0	1	1	0	0	0	0	1	0	
1	0	1	0	1	1	0	1	1	1	0	1	1	0	0	0	0	0	0	0	0	1	2	2	0	1	1	2	0	1	0	0	2	0	0	1	0	0	0	0	0	1	0	0	0	2	1	0	0	0	1	0	0	1	1	2	0	1	2	0	0	0	1	1	0	1	1	1	1	0	1	0	0	1	1	1	0	0	0	1	0	0	1	1	1	0	1	1	0	0	0	1	0	0	0	0	1	1	1	0	
1	1	2	0	0	1	2	0	0	0	0	1	1	1	1	0	1	1	1	0	0	0	2	0	0	0	0	0	0	0	0	1	0	0	0	0	0	0	0	0	0	0	1	2	1	0	1	0	0	1	0	2	1	0	1	1	0	0	2	0	0	1	0	0	0	1	0	0	0	1	0	1	0	1	1	1	0	0	0	1	1	0	0	1	0	0	0	0	0	1	0	1	0	1	0	1	1	1	0	0	
0	1	2	0	0	0	0	0	0	1	1	0	0	0	0	1	0	2	1	1	1	1	0	0	0	1	0	1	0	0	2	1	0	1	1	0	1	0	0	1	0	1	1	0	1	1	0	0	0	1	0	1	1	0	0	1	0	1	0	0	1	0	0	1	1	0	0	1	1	1	0	1	0	1	1	0	0	1	1	2	1	0	2	0	0	0	0	1	0	2	0	0	0	2	0	0	0	1	0	0	
0	1	0	1	1	2	0	0	0	1	1	0	1	1	0	0	0	0	2	1	1	0	0	0	1	1	0	0	0	0	0	1	0	1	0	0	0	0	1	1	0	1	1	1	1	1	0	1	1	1	1	1	2	0	1	1	1	0	1	0	0	0	1	0	1	1	0	1	0	0	1	1	1	2	1	1	0	0	0	1	0	1	0	1	0	1	1	0	0	2	0	1	0	0	0	1	1	1	1	0	
0	1	1	1	1	0	0	1	0	1	1	0	0	0	0	1	0	0	0	1	0	1	0	1	0	1	1	1	1	0	2	1	1	1	1	0	0	1	1	1	1	0	0	1	0	1	1	0	1	0	0	0	0	1	0	0	1	0	2	1	1	0	0	2	1	0	1	0	0	2	0	1	1	0	1	2	0	0	0	1	0	0	0	0	0	0	1	1	1	0	0	0	1	1	1	0	0	0	1	0	
1	2	0	2	1	1	0	0	1	0	1	1	1	1	0	1	2	1	1	0	0	1	1	2	0	0	0	1	1	0	2	0	0	1	0	2	2	1	1	0	2	1	0	0	0	0	0	1	0	1	0	1	1	0	0	0	1	2	0	0	0	0	1	1	0	1	1	1	1	0	1	1	1	1	0	1	1	0	0	1	0	1	1	1	1	0	0	0	1	0	0	1	1	1	1	1	1	0	1	0	
0	0	1	1	1	1	0	1	2	1	1	0	0	2	0	1	1	1	0	1	0	0	2	1	0	0	1	1	1	2	1	0	0	2	0	0	1	1	0	0	0	0	1	1	1	0	0	0	0	1	0	1	0	1	1	1	0	0	1	0	0	0	0	0	1	0	1	0	0	0	0	1	1	0	2	1	1	0	0	1	0	1	0	0	0	0	0	0	1	0	1	1	0	1	0	1	0	0	1	0	
1	0	0	1	1	0	1	1	0	1	0	1	0	0	0	0	1	1	1	1	1	1	0	0	1	0	1	0	0	1	0	1	1	0	1	0	1	1	0	1	1	0	0	1	1	1	0	0	0	1	0	0	0	1	0	0	0	1	1	0	1	1	0	1	0	1	0	0	1	1	0	1	1	0	1	1	0	0	1	0	0	1	0	0	1	1	1	0	0	0	2	1	0	1	1	0	1	1	1	0	
1	0	0	1	0	1	1	1	1	0	0	0	0	1	0	0	1	1	0	1	0	0	1	0	0	0	0	0	1	1	0	1	1	0	0	1	0	1	1	0	1	1	0	0	1	1	0	1	0	1	1	1	1	0	1	0	1	1	1	1	1	1	1	0	1	1	1	1	1	0	0	0	0	0	0	1	1	2	0	1	1	0	0	1	0	0	1	0	0	1	0	1	0	1	1	0	0	2	1	0	
2	0	1	0	1	1	1	1	1	1	1	1	1	1	1	0	1	0	1	1	0	0	1	1	1	0	1	1	1	0	0	1	0	0	0	0	0	1	0	0	0	0	0	0	1	0	0	1	1	1	1	1	1	0	1	0	1	1	1	0	1	0	0	0	0	2	0	0	1	0	1	2	0	1	0	0	1	1	1	1	0	0	0	0	1	1	0	0	0	1	0	0	0	0	0	0	2	1	0	0	
0	0	1	1	1	2	1	1	1	0	0	0	1	1	0	1	0	0	1	1	1	0	1	0	1	0	0	0	0	0	0	1	2	1	0	0	0	1	1	0	0	0	0	0	0	1	0	2	0	0	1	0	2	2	0	2	1	1	0	1	1	1	0	0	1	1	0	1	1	0	1	0	1	1	2	0	1	1	1	1	1	0	0	0	0	2	0	1	0	1	0	0	0	0	1	1	0	0	1	0	
1	0	1	0	1	0	1	0	0	0	1	0	1	1	0	1	0	0	1	1	1	1	0	1	2	1	1	0	2	1	1	0	1	0	0	1	0	1	0	0	2	2	0	1	0	0	0	0	0	0	2	1	1	1	1	0	0	1	0	0	0	0	0	0	0	0	1	0	1	1	0	0	0	1	1	1	1	0	1	1	2	2	1	0	0	1	0	0	0	0	1	0	0	0	0	1	1	0	1	1	
1	0	1	1	0	1	0	0	1	0	0	2	0	0	0	0	1	1	1	0	0	1	0	0	1	1	1	0	1	1	1	0	1	0	1	1	1	0	0	1	0	0	1	1	0	1	0	0	0	1	0	0	1	0	1	0	1	0	1	0	1	0	0	1	1	1	0	1	1	0	2	0	1	1	1	0	0	1	0	1	1	0	0	0	1	0	0	1	0	0	0	0	0	1	0	0	1	0	0	0	
0	1	0	0	1	1	0	0	1	1	1	1	0	0	0	0	0	0	0	1	1	1	1	0	0	2	0	1	1	0	0	0	1	1	1	2	0	0	1	1	0	1	0	1	0	2	0	0	1	0	0	1	0	0	0	0	1	1	1	1	1	1	0	0	0	0	0	0	2	1	0	0	0	0	0	1	1	0	2	1	0	1	1	0	0	1	1	0	0	0	0	1	1	0	2	0	0	2	0	1	
1	1	1	0	0	0	2	1	1	0	2	0	1	1	0	2	1	2	0	1	0	0	1	0	0	0	1	2	0	0	0	1	0	0	2	0	1	0	1	1	1	0	0	0	0	0	1	1	1	1	0	2	2	1	1	1	1	1	0	1	1	0	1	0	1	0	0	2	0	0	1	0	1	1	0	1	1	0	1	1	0	1	1	0	2	0	1	1	0	1	0	1	1	1	1	1	1	1	0	0	
0	1	0	1	1	0	0	1	1	0	1	0	0	1	0	0	1	1	0	1	1	1	1	0	0	1	1	1	1	1	0	0	0	0	0	0	1	0	1	2	0	0	0	1	1	1	0	0	1	0	0	1	1	0	1	1	1	1	0	1	0	1	1	0	1	0	0	0	1	0	1	0	0	0	0	1	1	0	0	0	0	0	0	0	1	0	0	0	0	1	1	0	1	0	1	0	0	1	0	2	
1	1	1	1	0	1	0	0	0	0	1	2	1	0	1	0	1	0	0	1	1	0	0	0	0	0	1	0	0	0	2	0	0	1	1	2	0	1	1	1	0	0	1	0	0	0	1	0	1	0	1	0	1	0	0	0	0	0	1	0	1	0	2	1	0	0	2	0	0	0	1	2	1	0	1	0	1	1	2	1	0	1	1	1	0	1	1	1	1	1	0	1	1	1	1	1	1	0	1	2	
0	1	0	2	0	0	0	1	0	1	0	1	0	1	0	1	2	0	0	1	0	0	0	1	1	0	1	0	0	1	0	1	1	0	1	0	0	1	0	1	1	0	1	1	0	0	0	1	0	0	1	1	1	0	1	0	0	0	1	0	2	1	1	0	0	0	0	1	1	0	1	0	0	0	0	0	0	0	2	2	2	1	0	0	1	0	0	0	1	0	0	1	0	1	2	1	1	0	1	0	
2	0	0	1	1	0	0	0	1	1	0	2	0	1	1	0	0	1	1	0	1	1	1	1	0	0	0	1	1	1	1	2	0	0	0	1	0	1	0	1	2	0	1	0	1	1	0	0	0	2	0	1	0	0	0	0	1	0	1	1	1	1	1	2	2	2	1	0	0	1	1	0	0	0	0	0	1	2	1	2	1	1	1	1	0	1	0	1	1	0	0	0	0	0	1	1	0	0	0	0	
0	0	0	1	0	0	1	1	0	1	1	1	0	1	1	0	0	0	0	1	1	1	0	1	1	0	0	1	1	0	1	1	1	0	0	1	0	1	1	0	0	1	1	1	0	0	2	0	1	0	0	1	0	1	1	0	0	0	1	1	2	1	0	1	2	1	1	1	0	1	0	0	1	0	1	1	0	0	0	1	1	2	0	1	0	0	0	1	0	1	1	0	0	1	0	2	1	0	0	1	
0	1	2	0	0	1	1	2	1	0	1	1	1	0	0	0	1	0	1	0	0	2	1	1	1	1	0	1	0	1	1	0	0	0	1	1	1	1	1	0	0	0	1	0	0	1	0	1	1	0	2	1	1	1	1	1	0	1	1	0	0	0	1	1	1	1	0	0	0	1	2	1	1	0	1	0	0	0	2	1	1	0	0	0	0	0	1	1	2	1	0	0	1	2	1	0	0	0	0	2	
1	1	1	0	0	1	1	0	1	0	2	1	2	1	1	1	1	0	1	0	0	0	1	2	1	0	1	0	0	1	1	2	1	1	0	0	0	1	0	0	0	1	0	1	0	0	0	0	1	0	1	0	0	0	0	0	0	1	1	1	0	2	1	2	0	0	0	1	0	0	0	0	0	1	0	0	2	0	1	1	0	1	0	0	1	1	0	1	1	0	0	1	0	1	1	0	1	1	1	1	
1	1	1	0	0	0	0	1	1	1	1	0	0	0	1	0	1	0	0	1	0	0	1	1	0	1	0	1	0	1	0	0	1	1	0	1	1	1	0	0	0	0	0	1	1	0	0	0	0	1	0	0	1	1	1	0	0	1	1	1	2	1	0	0	0	0	0	0	0	1	1	0	2	0	0	0	1	1	1	0	0	1	0	0	0	1	1	0	1	1	0	0	0	0	1	1	1	0	0	1	
1	1	2	1	2	1	0	0	1	0	0	0	1	0	0	0	1	0	0	0	1	1	1	0	1	1	0	0	1	0	0	0	0	1	0	1	1	0	1	1	0	0	0	1	0	0	1	0	1	1	0	0	0	0	1	0	1	0	1	0	1	0	0	0	1	0	0	0	1	1	1	1	1	0	1	0	0	0	2	1	0	1	1	1	1	1	1	0	0	2	0	1	1	0	2	0	0	0	2	0	
1	0	0	0	2	0	1	1	0	1	0	0	1	0	0	0	0	0	1	0	1	0	2	0	0	1	0	1	0	1	0	0	1	1	0	0	0	1	0	1	1	0	0	0	0	0	1	1	0	1	1	0	0	0	1	2	0	1	0	0	1	1	1	1	1	0	1	1	0	0	1	0	1	1	0	0	1	0	1	1	0	0	0	1	1	1	0	0	0	0	1	0	0	1	2	1	1	0	1	1	
1	0	1	0	0	1	0	0	1	1	0	0	0	1	1	0	0	2	0	1	1	1	1	1	0	0	0	0	0	0	1	1	1	0	1	0	0	1	2	1	0	2	1	1	1	0	0	0	1	0	0	1	2	0	1	0	1	0	0	1	0	1	1	0	1	0	1	0	0	0	1	1	1	1	1	0	1	2	1	1	1	1	2	0	0	0	1	0	2	0	0	1	1	0	1	1	0	0	1	1	
1	1	1	0	0	1	2	1	0	0	1	1	1	1	0	0	2	0	1	1	0	0	2	1	1	0	0	0	1	1	0	1	1	1	0	1	0	1	0	0	0	0	0	0	1	0	1	1	0	0	0	0	0	0	0	0	0	0	1	0	1	0	1	1	1	0	1	0	0	0	0	1	1	1	1	0	1	1	0	1	0	1	0	1	1	1	0	1	0	2	1	0	0	1	1	1	0	1	1	1	
0	1	1	0	1	0	2	1	0	0	1	0	0	0	0	0	1	1	1	1	2	0	0	1	0	0	0	2	0	0	0	2	1	0	1	1	0	0	1	1	0	1	1	0	1	1	1	0	1	0	0	0	2	0	0	0	1	0	0	1	1	1	2	0	1	1	1	1	1	0	0	1	0	0	0	2	0	0	1	0	2	0	1	1	0	0	1	1	1	1	1	0	1	1	1	1	1	1	0	0	
0	0	0	0	2	0	1	0	1	0	1	1	1	0	0	0	0	2	0	1	1	0	0	1	0	2	1	1	0	1	2	1	1	1	0	0	0	1	0	1	1	0	0	1	0	0	0	0	0	1	1	0	0	2	0	0	1	0	0	0	1	0	0	1	1	1	0	0	1	0	0	0	0	1	0	0	0	0	1	0	1	1	0	1	1	1	1	0	0	0	0	1	1	1	0	1	0	1	0	1	
1	0	2	1	0	0	1	0	0	0	0	1	0	1	1	0	1	0	1	0	1	0	0	1	1	0	1	0	1	0	1	0	0	0	0	0	0	1	0	1	0	1	1	0	1	1	1	0	1	0	0	1	1	0	1	0	1	0	1	1	0	0	2	0	0	0	1	1	0	0	1	1	1	0	0	0	1	0	0	1	2	0	1	1	0	1	0	2	2	0	2	0	1	1	1	0	1	1	1	0	
1	1	1	0	1	1	0	2	2	1	0	0	0	0	0	1	0	0	0	0	0	0	0	1	0	1	2	1	1	0	1	0	1	1	0	1	0	1	0	1	1	0	1	1	1	1	0	0	1	2	0	1	1	1	0	1	0	1	0	2	1	1	1	1	0	1	0	1	1	1	1	2	1	0	0	1	0	2	1	1	0	1	0	1	1	1	0	0	0	0	1	1	0	0	1	1	1	0	0	1	
1	0	0	0	0	0	0	1	1	0	1	1	0	0	0	0	0	2	0	1	0	1	1	1	1	1	0	1	0	0	0	0	0	0	0	0	0	1	1	0	0	0	0	0	0	0	2	1	0	0	1	1	1	0	0	1	2	0	2	0	1	0	0	0	1	0	2	0	0	1	0	0	0	0	2	1	2	0	1	0	0	0	1	0	1	1	0	1	0	0	1	0	1	0	0	0	0	2	0	0	
1	1	0	0	0	1	1	0	0	0	0	1	0	0	1	1	1	1	1	0	0	0	2	0	0	0	0	1	1	0	0	1	0	0	0	1	1	1	0	1	0	1	1	0	0	1	1	1	0	0	1	0	0	0	0	0	1	1	1	1	0	0	1	1	1	0	1	0	0	0	1	0	0	1	1	1	1	0	1	0	0	0	2	0	1	2	0	0	0	0	0	1	0	0	0	0	1	0	0	1	
0	1	0	0	0	0	1	0	0	0	1	0	0	0	0	0	0	0	0	0	0	1	1	0	1	1	1	0	1	0	1	1	0	0	1	0	0	0	1	0	0	1	1	0	0	1	0	0	0	0	0	1	1	1	1	0	1	1	1	1	0	1	0	2	0	0	1	0	0	0	0	0	0	0	0	0	0	0	1	0	2	1	0	0	0	0	1	1	0	1	0	1	0	0	0	0	0	0	2	0	
0	0	2	1	1	0	1	1	0	0	0	1	0	0	0	1	2	0	0	0	0	1	1	0	1	1	1	1	1	0	1	0	0	0	0	0	1	1	1	1	0	0	0	0	1	1	1	1	0	0	0	0	1	1	1	0	1	0	1	0	1	0	0	0	1	1	0	1	0	0	0	1	0	1	1	0	0	0	0	1	2	0	0	1	0	0	1	1	0	1	0	0	1	0	1	0	0	0	1	1	
0	0	0	0	0	0	1	0	1	1	0	0	2	0	0	0	0	0	0	0	0	1	0	0	0	1	1	0	2	1	1	1	1	0	0	0	0	0	1	1	0	1	1	1	0	1	0	2	1	1	1	1	1	1	1	0	0	0	0	1	2	0	1	0	0	0	2	0	0	0	0	0	0	0	1	0	1	0	0	0	2	0	0	2	1	1	1	1	0	0	0	1	1	0	0	0	1	1	1	0	
1	0	0	0	0	1	1	0	1	1	0	1	0	0	0	0	1	0	0	1	0	0	0	1	1	2	1	1	2	0	1	0	1	0	0	1	0	1	0	1	0	1	1	0	1	1	0	2	0	1	0	0	1	1	0	1	1	2	1	0	0	1	2	1	2	0	0	1	1	1	0	0	1	1	0	1	1	1	0	0	0	0	0	1	0	0	0	0	1	0	1	1	0	1	1	0	0	0	0	0	
1	0	1	2	0	1	0	1	0	1	1	1	0	0	1	1	0	0	0	0	0	1	1	1	0	1	2	0	0	1	0	0	1	0	1	1	1	0	1	0	1	0	1	1	1	1	1	1	1	0	1	1	1	0	1	2	1	1	0	1	1	1	0	0	1	0	0	1	0	0	0	2	2	0	0	2	1	1	1	0	1	1	1	1	1	0	1	0	0	0	0	0	1	0	0	2	0	2	1	0	
1	1	1	0	1	0	0	1	2	0	0	1	1	0	1	1	1	0	0	0	1	0	0	0	0	0	2	1	1	1	0	0	0	1	0	1	0	1	0	2	1	1	1	0	1	0	0	1	1	1	0	1	0	0	2	0	0	0	0	1	0	0	1	1	1	0	0	1	1	0	1	0	1	1	0	1	1	1	1	1	0	0	0	1	0	0	0	0	0	0	1	0	0	0	2	0	0	0	0	1	
0	1	1	1	1	1	0	1	1	2	0	1	1	0	1	0	1	1	0	1	0	1	1	0	1	1	1	0	1	0	0	1	1	0	0	0	0	1	1	1	1	0	0	0	1	0	1	1	0	1	1	0	1	1	1	1	0	1	1	0	0	2	1	0	1	0	0	0	2	1	2	0	0	1	1	0	0	2	1	1	1	1	1	1	0	0	0	0	0	1	0	1	1	0	0	0	1	1	0	0	
1	1	1	1	1	0	0	1	0	0	0	0	2	0	0	2	1	0	0	0	0	1	2	1	1	0	0	0	0	1	0	1	0	1	2	2	0	0	0	0	0	0	0	0	1	0	1	0	1	1	0	0	0	1	0	1	2	1	0	1	0	0	1	0	0	1	1	0	1	0	0	1	1	0	1	1	0	0	0	0	1	1	0	1	0	1	0	1	0	1	1	0	1	1	0	0	0	1	0	0	
0	0	0	1	0	1	0	0	0	1	2	1	1	0	1	0	2	0	2	1	1	0	0	0	0	0	0	1	0	0	1	0	0	2	0	1	0	1	1	0	0	0	0	1	0	2	1	1	0	1	1	0	1	1	1	0	0	1	1	0	1	0	1	1	1	1	1	1	1	0	0	1	1	0	0	0	0	0	1	0	1	0	0	1	0	1	0	0	0	0	0	1	1	1	0	1	0	0	0	1	
0	1	1	0	0	0	1	0	1	0	0	0	1	0	0	0	1	0	0	0	1	0	0	1	1	1	1	0	0	1	1	1	0	0	1	0	0	1	1	1	0	1	0	1	1	1	0	2	0	1	0	0	1	0	1	1	0	0	0	0	1	0	0	0	1	0	1	0	1	1	1	2	0	2	0	2	1	1	1	0	2	1	0	0	0	1	1	2	0	0	1	0	1	0	0	1	1	1	0	2	
2	1	0	0	0	1	1	0	0	0	0	0	0	1	1	1	1	1	1	1	0	0	1	0	1	0	0	1	1	0	0	2	1	1	0	1	0	0	0	1	1	0	1	1	1	0	1	1	1	2	1	1	1	0	0	2	1	1	0	2	0	0	2	2	0	0	1	0	0	1	2	1	1	0	1	1	0	0	1	1	2	1	1	1	1	1	0	0	0	0	0	1	1	1	0	0	1	1	0	1	
1	1	1	1	0	1	1	1	1	0	0	0	0	0	0	1	0	1	0	1	1	0	1	0	0	0	1	0	1	1	0	1	1	0	1	1	1	0	1	2	1	0	0	1	1	1	0	1	2	1	0	0	1	0	2	1	1	0	0	0	1	0	1	0	2	0	0	0	0	1	0	1	1	2	0	1	0	1	0	0	1	0	1	0	1	2	1	0	1	0	2	0	1	1	1	0	0	1	1	1	
0	1	0	1	1	1	1	1	1	0	0	1	0	1	1	0	1	2	1	1	1	1	1	1	1	2	0	0	0	0	1	1	1	2	0	1	0	2	1	1	1	0	1	0	2	1	0	1	1	0	1	0	0	1	1	0	1	2	1	0	0	0	0	1	0	0	0	0	0	1	1	0	0	0	0	0	1	0	1	0	0	2	1	0	1	0	1	0	1	1	0	1	1	2	0	0	1	0	1	1	
1	1	1	0	2	2	0	0	1	0	1	0	0	0	1	1	0	0	0	1	0	0	2	0	1	1	1	1	0	1	1	0	2	1	0	0	0	1	0	0	1	1	1	0	1	0	1	0	0	1	1	1	0	1	1	0	0	1	1	0	1	0	0	1	1	1	1	0	1	1	1	2	0	1	0	2	1	0	1	0	0	1	0	1	0	0	1	0	0	1	0	0	2	1	1	1	0	0	1	0	
1	0	0	1	0	1	0	0	1	0	1	1	1	1	1	1	1	2	0	1	1	0	1	1	1	1	1	0	2	0	1	1	0	1	1	2	1	0	0	1	1	1	2	1	1	0	1	0	0	0	1	0	2	1	0	0	0	1	1	1	2	0	0	0	1	0	2	0	1	0	1	0	2	1	0	0	0	0	1	2	0	1	1	1	0	0	0	0	0	0	0	0	1	1	1	0	0	1	0	1	
1	1	2	0	1	0	1	1	0	1	1	0	1	0	0	0	1	0	0	0	0	0	0	1	0	0	0	0	0	0	0	0	0	1	1	0	1	1	0	1	1	0	0	1	0	0	0	0	1	1	0	1	1	1	1	1	1	1	1	0	1	0	1	1	1	1	1	0	0	0	1	1	2	1	2	0	0	0	1	0	1	0	0	0	1	1	0	1	2	1	0	0	1	1	1	1	1	0	0	1	
1	1	1	2	0	0	0	0	0	0	0	0	0	0	0	0	0	1	0	0	0	1	1	0	0	0	1	1	1	1	0	0	1	1	0	1	0	0	2	1	0	0	0	0	0	2	1	1	1	0	1	1	0	0	0	0	1	0	1	1	1	1	0	0	1	1	0	2	1	0	1	0	1	1	0	1	0	0	1	0	1	1	2	0	1	0	1	0	1	0	0	1	0	0	1	0	0	0	0	0	
1	0	0	1	0	1	0	0	0	1	1	0	0	2	1	0	1	1	1	0	1	0	2	0	2	1	1	0	0	1	0	1	1	2	1	1	1	0	0	0	0	0	1	1	1	1	1	1	0	2	0	0	0	0	0	0	1	1	0	1	1	1	1	1	0	0	1	1	1	0	1	1	1	0	2	0	0	1	0	1	0	0	0	1	2	1	1	1	1	0	0	1	0	2	1	0	1	0	0	0	
0	1	0	0	1	1	0	1	0	1	2	1	1	1	1	1	1	0	0	1	1	1	1	1	2	1	1	0	1	1	0	1	1	2	1	0	1	0	1	0	0	0	1	1	0	1	2	1	1	1	0	0	0	1	0	0	0	0	0	0	1	0	1	1	0	1	1	2	0	0	1	1	0	0	1	0	0	1	1	1	2	0	1	0	0	0	0	0	2	0	2	1	2	1	1	1	0	1	0	1	
2	0	0	1	1	0	2	0	0	0	1	0	0	1	1	1	0	0	1	1	1	1	0	0	1	1	0	0	0	1	0	0	0	1	1	0	0	0	0	0	1	1	0	0	0	0	0	0	1	0	1	1	0	0	1	1	1	1	1	0	1	0	1	0	0	0	1	0	1	2	1	0	1	0	1	0	1	0	1	0	0	0	0	1	0	0	1	1	0	1	2	1	0	2	0	2	1	0	1	0	
1	2	0	2	0	1	0	0	1	0	1	0	0	1	1	0	1	1	1	0	0	1	0	1	1	1	1	0	0	1	0	0	0	1	1	0	1	0	1	0	0	2	1	1	0	1	2	1	0	0	1	0	1	1	1	1	2	2	0	1	1	0	2	0	1	1	1	0	0	0	0	0	1	1	1	1	0	1	0	1	1	0	0	0	1	1	0	1	1	1	0	1	0	1	1	0	1	0	0	0	
1	1	0	0	0	0	0	0	0	0	0	1	1	0	0	1	1	0	1	0	0	0	1	1	1	0	2	0	0	0	0	1	0	0	2	0	0	1	0	1	1	2	0	0	0	0	0	1	1	0	1	0	1	2	0	1	2	1	0	0	1	0	1	0	0	0	0	1	2	1	0	1	0	1	1	1	0	1	0	0	0	1	1	0	0	1	1	0	0	1	1	0	1	1	1	1	1	1	0	0	
0	1	0	0	2	1	1	1	1	2	1	0	2	0	0	1	2	0	1	1	0	0	0	0	0	1	0	0	0	0	0	0	0	1	0	1	1	2	2	1	0	0	1	0	1	0	2	0	1	0	0	1	0	0	0	1	1	0	0	1	1	1	0	2	0	0	0	1	0	1	0	1	1	0	0	1	0	1	2	1	1	0	1	0	1	1	1	1	1	0	1	1	1	0	0	0	1	2	1	1	
0	1	0	0	0	0	1	0	0	0	0	1	0	1	1	1	0	2	1	1	0	1	0	1	1	1	0	0	1	0	0	0	0	1	0	1	1	1	1	0	1	1	0	0	1	1	0	0	0	1	0	1	1	1	1	0	1	1	0	0	0	1	1	0	0	0	0	2	0	1	1	2	0	0	0	0	0	1	0	0	0	1	0	1	0	1	0	2	1	0	0	0	1	0	2	0	0	0	1	2	
0	1	0	1	0	0	1	0	1	1	0	0	0	1	0	1	2	1	0	2	0	0	1	1	1	1	0	1	1	1	1	0	1	1	2	0	2	0	1	0	0	0	1	1	0	0	1	0	0	0	0	1	0	1	0	1	1	0	0	1	0	1	1	1	1	0	2	1	1	0	1	0	0	0	0	1	1	0	1	2	0	1	0	0	1	0	0	0	0	0	0	0	0	0	2	0	1	0	1	1	
1	1	1	0	0	0	1	1	2	0	0	1	0	1	0	0	1	0	0	0	0	0	1	1	1	0	1	1	0	1	1	1	1	1	1	1	0	0	0	1	0	0	2	0	1	1	1	1	1	0	0	1	0	0	0	0	1	1	0	1	0	0	1	0	1	1	1	1	0	1	1	0	0	1	0	1	1	1	0	1	0	2	1	0	0	1	1	0	2	1	0	0	0	1	0	1	0	0	1	0	
0	1	0	1	1	0	0	0	1	0	1	0	0	1	1	0	0	0	0	2	0	1	1	1	0	1	1	1	2	1	1	0	1	0	0	0	0	0	0	0	0	1	0	1	0	2	0	0	0	0	0	0	0	0	1	0	0	1	1	0	1	2	0	0	1	0	0	1	0	1	0	0	1	1	0	1	1	2	1	1	0	0	0	1	2	0	0	1	1	0	1	0	0	0	0	0	1	0	0	1	
0	0	1	1	0	0	0	1	1	1	0	0	0	1	1	0	1	1	1	0	0	0	0	0	0	1	0	0	1	1	0	0	1	2	0	1	1	0	0	2	1	0	1	0	1	0	0	0	0	0	0	0	0	0	1	0	2	1	0	0	1	1	1	0	0	1	1	0	1	0	0	0	1	1	0	1	0	1	0	0	1	0	0	0	1	0	1	1	0	0	1	1	1	1	0	1	0	1	0	1	
0	2	0	2	1	0	0	1	1	1	2	1	1	1	1	0	0	1	0	1	2	1	0	1	2	1	0	0	1	1	0	1	1	0	1	0	0	1	0	1	1	0	1	1	0	1	0	0	1	1	0	1	1	1	0	0	1	0	1	0	0	0	0	1	1	2	1	0	1	1	0	0	0	2	1	1	0	0	1	0	1	1	0	1	1	1	0	1	0	0	1	0	0	1	0	1	1	0	0	2	
0	0	1	1	1	1	0	1	2	1	0	0	0	1	0	2	0	1	0	2	0	0	1	0	0	0	0	0	0	2	1	2	1	0	1	0	0	1	0	0	0	2	0	0	0	0	0	0	1	2	0	1	2	2	0	1	1	0	0	0	1	0	0	1	0	1	0	1	1	0	0	1	0	1	1	0	0	2	1	0	0	1	1	1	1	1	0	1	1	0	1	0	1	0	1	0	0	0	0	0	
0	1	1	1	0	1	1	0	1	0	1	1	0	0	1	1	2	1	0	0	1	0	1	1	1	1	1	1	1	0	1	0	1	0	2	1	1	0	0	0	1	1	1	1	0	0	1	0	1	0	1	2	0	0	0	1	1	0	0	0	1	0	1	0	0	0	1	0	0	1	0	0	0	1	1	1	1	0	1	2	1	1	2	2	0	0	1	0	1	0	1	1	0	1	0	1	1	0	1	1	
0	0	0	0	1	0	1	1	1	0	0	1	1	0	0	0	1	1	1	1	2	0	1	1	2	0	0	0	0	0	0	0	0	0	0	1	1	1	0	0	0	0	2	0	1	0	0	0	2	1	1	1	0	0	0	1	1	0	1	0	0	1	0	1	0	0	1	1	1	1	0	0	1	0	1	1	1	0	0	0	1	0	1	0	0	1	0	1	1	1	2	0	0	0	1	0	1	0	1	0	
1	1	0	0	1	0	2	1	0	0	1	1	0	0	1	1	0	0	0	1	0	1	0	0	0	1	0	0	1	0	0	1	1	1	0	0	0	1	0	0	2	0	0	1	1	0	1	1	2	0	0	1	0	0	0	1	0	1	0	0	0	0	0	0	1	0	1	0	1	0	1	0	0	0	1	0	1	0	1	2	1	0	1	0	1	1	0	0	1	1	1	1	0	0	1	1	1	1	1	0	
1	0	0	0	0	0	1	0	0	0	1	2	1	1	0	1	0	2	0	0	1	1	1	1	1	0	0	1	1	0	1	0	1	0	0	0	0	1	1	1	0	1	0	1	1	1	0	0	0	0	0	1	0	1	1	2	0	1	0	1	1	0	2	0	1	1	1	0	0	0	1	1	1	1	2	0	0	0	0	0	1	1	1	1	0	0	0	0	1	0	0	0	0	0	1	0	0	1	1	0	
1	1	1	0	0	1	0	1	0	1	1	1	0	1	1	0	1	0	0	0	0	0	0	0	0	0	0	1	1	0	1	1	0	0	0	0	0	0	0	0	0	1	0	1	0	2	1	1	0	0	0	0	1	1	0	0	0	0	1	0	2	1	0	1	1	0	1	1	1	0	1	0	0	0	0	2	0	2	1	1	1	1	1	1	0	1	1	1	1	1	1	2	1	0	0	1	1	0	1	1	
0	1	0	1	1	0	0	0	0	1	0	1	0	0	0	2	0	1	0	0	0	1	0	0	1	1	1	1	0	0	1	0	1	1	0	0	1	1	1	1	1	0	1	0	1	0	0	0	0	0	2	0	1	0	1	1	0	0	2	0	1	0	0	0	1	1	1	0	0	0	1	1	1	1	0	1	2	0	1	0	0	0	1	0	1	0	0	1	2	1	0	2	1	0	1	0	1	2	1	0	
0	0	1	0	0	0	1	0	1	0	1	0	1	1	1	2	0	0	0	0	0	0	1	1	1	1	0	0	2	0	1	0	2	0	1	0	0	2	0	1	1	0	1	0	0	0	0	0	1	1	1	1	0	0	1	1	1	1	0	0	0	0	0	0	0	1	0	0	0	1	0	1	1	1	2	1	1	0	2	0	1	1	0	1	0	0	1	1	1	1	2	0	0	1	1	1	0	0	1	1	
1	0	0	0	0	0	0	1	0	0	1	1	1	0	0	0	0	1	1	1	1	0	1	1	0	0	0	1	0	0	0	1	0	1	0	0	0	1	0	0	1	0	0	0	1	0	0	1	0	1	0	0	1	1	1	1	1	0	0	0	1	1	1	1	1	0	0	0	1	1	1	0	0	1	0	1	1	0	0	1	0	2	2	1	1	0	0	1	1	0	1	0	2	1	0	0	0	0	2	0	
1	1	1	1	1	1	1	0	1	1	1	2	0	1	1	0	1	0	0	1	0	0	1	1	0	2	2	0	0	1	1	0	1	1	1	1	1	0	0	1	1	1	1	0	0	0	1	1	1	0	0	1	1	0	0	1	1	1	2	0	0	0	1	1	2	0	1	2	0	1	0	0	1	1	0	0	0	1	0	1	0	1	0	0	0	1	0	1	0	1	1	1	1	1	0	1	0	0	1	0	
1	0	1	0	2	0	1	0	0	2	0	1	1	0	1	1	0	0	1	1	2	1	0	1	1	0	0	0	1	0	1	1	0	1	0	0	2	0	1	1	1	2	1	0	0	1	1	2	2	1	1	1	0	0	0	2	0	0	1	0	1	0	1	0	0	1	0	2	0	0	1	0	1	0	1	0	1	1	1	0	0	1	0	2	0	0	0	0	2	1	0	1	0	1	0	0	1	1	0	0	
1	1	0	1	0	0	1	0	1	0	1	0	1	1	0	0	0	1	0	1	1	1	0	0	1	0	1	0	0	0	1	0	0	0	0	0	0	1	1	0	0	0	1	1	0	0	0	1	0	0	0	1	1	0	0	0	0	1	1	0	1	0	0	0	0	1	1	0	0	1	0	1	0	1	0	2	1	0	0	0	0	1	1	1	2	0	0	0	1	1	0	0	1	1	0	1	1	1	0	0	
0	0	0	1	1	2	2	1	1	0	0	1	1	1	1	1	1	0	0	0	1	1	0	0	2	1	0	1	1	1	1	0	0	1	0	1	1	1	0	2	0	0	1	1	1	2	0	1	0	0	0	0	1	0	1	0	0	1	0	0	0	1	0	0	2	1	0	0	2	0	1	1	1	0	1	1	2	0	2	0	1	0	1	0	1	0	0	1	1	1	1	0	0	0	0	1	0	1	1	1	
0	0	0	0	2	1	1	1	1	1	1	0	1	1	1	1	0	0	0	1	0	1	1	1	1	0	0	2	0	1	0	1	0	1	0	1	1	0	1	0	0	1	0	0	1	1	1	0	1	0	0	0	1	1	1	1	1	0	0	0	1	0	1	0	0	0	1	1	1	0	1	1	1	1	0	0	1	0	1	0	2	1	0	0	2	0	1	1	0	1	0	0	0	1	0	1	2	0	1	0	
1	0	1	1	1	0	1	0	0	1	1	0	1	1	0	1	0	2	2	1	0	0	0	1	0	1	1	0	1	1	0	0	1	1	0	0	1	0	1	2	0	0	1	1	2	0	0	0	0	0	0	1	0	1	0	1	1	0	0	1	1	1	0	0	1	1	0	2	2	0	0	0	1	1	0	0	0	0	2	0	1	0	1	1	0	1	1	0	1	1	0	0	1	0	0	0	0	1	0	1	
2	1	1	1	0	1	0	0	1	0	1	0	1	1	0	0	0	0	0	1	1	0	0	0	0	1	2	2	1	1	1	1	1	1	0	0	1	0	0	2	1	1	1	1	1	0	2	1	0	0	0	1	0	1	1	0	1	0	1	0	1	0	1	1	1	1	1	0	1	0	0	0	0	1	2	1	0	0	1	1	0	1	0	0	0	1	0	1	1	0	1	1	1	0	1	0	1	0	2	1	
0	1	1	1	0	0	1	0	0	1	2	1	1	0	0	1	0	1	1	0	0	1	2	1	1	1	0	1	1	0	0	0	1	0	0	0	0	0	1	1	2	0	0	2	1	1	0	1	1	1	1	0	1	1	0	1	1	1	1	1	1	1	1	0	0	0	0	0	2	0	0	0	0	0	1	0	0	1	1	1	1	0	2	0	1	0	0	0	0	1	1	0	1	0	1	1	2	0	0	1	
0	0	1	1	0	0	0	1	2	0	0	1	0	1	1	1	1	0	2	0	1	1	2	0	0	1	2	1	0	0	0	0	1	1	0	0	0	1	1	0	0	1	0	0	1	1	1	0	1	1	1	0	1	2	0	1	0	0	0	0	1	0	0	0	0	2	0	1	1	0	1	0	0	0	0	1	0	2	0	2	0	0	2	1	0	1	1	0	1	0	0	1	1	1	1	2	0	0	0	2	
0	0	0	1	0	1	0	2	0	1	0	0	1	1	1	1	0	1	0	0	0	1	0	0	0	1	1	1	0	0	1	0	1	0	1	1	0	1	0	1	1	0	0	1	2	1	1	0	0	1	1	0	1	0	1	1	1	0	2	2	0	0	0	1	1	1	0	0	0	1	0	1	0	0	1	1	0	0	0	1	1	1	0	0	0	1	0	1	1	1	0	1	2	1	0	1	2	0	2	0	
0	0	0	2	2	1	1	0	1	0	0	1	1	0	0	1	0	0	1	0	0	0	0	1	0	1	0	1	1	1	0	1	1	1	1	0	1	0	0	0	0	0	1	0	0	0	0	1	0	1	1	0	1	1	1	0	2	0	0	1	1	1	0	0	0	0	1	0	1	0	0	0	0	1	0	0	0	1	0	0	0	1	0	0	0	0	0	1	1	1	2	1	0	1	1	1	0	1	0	1	
0	1	0	0	1	0	0	0	1	1	0	0	0	2	1	2	2	1	1	0	0	1	1	1	0	0	0	1	0	1	1	0	0	0	1	2	0	1	0	1	0	1	1	0	1	1	0	0	0	0	0	0	1	0	1	0	2	0	1	0	1	0	1	1	0	0	0	1	1	1	1	0	0	0	0	0	1	0	1	1	2	0	1	1	0	0	0	0	0	1	0	0	0	0	2	2	0	0	0	2	
0	1	0	2	0	0	1	0	1	1	0	2	0	0	0	1	0	0	0	1	2	0	2	0	1	1	0	0	0	1	0	1	0	1	0	1	0	0	1	0	0	1	0	0	0	1	0	0	0	0	1	2	0	1	0	0	0	0	1	1	0	0	1	1	0	1	1	0	1	1	1	0	0	1	1	1	0	0	2	0	0	0	0	1	1	1	1	1	1	1	2	1	1	1	0	0	0	1	1	0	
0	1	0	2	0	0	1	0	1	0	1	2	1	1	0	1	0	1	0	0	1	0	0	0	0	0	0	0	2	0	0	1	1	0	1	1	0	1	0	1	0	0	1	1	1	0	1	0	0	0	1	0	0	2	0	0	1	0	0	2	1	0	0	1	1	1	0	0	1	1	0	0	2	0	0	0	1	0	2	1	0	0	1	0	1	0	1	1	1	0	0	0	2	0	0	1	0	0	0	1	
0	0	2	0	0	1	0	1	2	1	1	1	1	1	0	0	1	1	2	1	1	1	0	0	1	1	1	2	1	1	1	1	0	1	1	0	0	1	0	0	1	2	1	1	1	0	1	1	0	0	1	2	0	0	0	1	0	1	0	1	1	0	0	0	2	0	0	1	0	0	1	0	0	1	1	0	0	0	1	1	0	0	1	1	0	1	1	0	1	0	2	0	1	1	1	1	2	1	0	0	
1	1	0	1	0	1	1	1	0	0	1	1	0	0	1	0	0	2	2	0	1	1	1	1	0	1	1	1	0	1	0	1	1	1	0	0	0	0	0	1	1	1	0	1	0	1	1	0	0	0	0	1	1	0	1	0	1	0	0	0	0	0	2	0	0	1	1	1	1	0	1	0	1	1	1	1	1	1	0	1	1	0	0	1	0	0	0	0	1	0	0	1	0	1	0	1	0	0	0	1	
1	1	1	0	0	0	1	0	0	0	0	0	1	1	1	1	0	0	0	1	0	1	1	1	0	0	0	0	1	0	0	1	1	0	1	0	1	0	1	0	0	1	0	0	2	1	0	0	0	0	2	0	0	1	0	0	0	1	0	1	0	0	1	1	0	1	0	1	2	2	0	0	0	1	0	0	0	1	0	1	0	0	1	1	0	1	0	0	1	1	0	0	0	0	0	0	0	0	0	2	
0	0	0	1	1	0	0	1	1	1	1	2	0	0	1	0	0	1	1	0	0	0	0	1	1	1	2	0	1	1	1	0	1	0	0	2	0	0	0	1	0	0	1	1	0	0	1	0	2	1	1	0	0	1	0	1	0	1	0	0	1	0	1	1	0	0	0	0	1	1	0	0	0	1	0	1	1	0	2	1	0	1	1	0	2	2	0	1	0	0	0	1	0	1	1	0	0	1	0	0	
1	0	1	1	1	1	0	0	0	1	1	2	1	0	1	0	0	0	1	0	1	0	1	1	1	1	0	0	1	0	0	0	0	0	1	0	0	1	1	0	1	0	0	0	1	0	2	0	1	0	1	0	1	1	0	0	0	0	1	0	0	0	1	0	0	1	0	0	0	0	1	0	1	2	1	1	1	0	0	0	1	0	1	1	0	1	1	1	0	1	1	1	1	0	1	2	0	0	0	1	
1	0	0	2	1	1	1	0	1	1	0	0	1	1	0	1	1	0	0	2	2	1	0	0	0	1	2	1	0	0	1	0	1	1	0	1	1	1	0	0	1	1	1	0	1	1	0	1	1	1	0	0	1	0	1	0	1	0	2	0	0	0	0	1	1	1	0	1	0	1	0	0	0	0	0	0	0	0	0	1	2	2	0	1	1	1	0	1	0	1	1	2	0	1	0	1	1	0	0	0	
1	1	1	1	0	1	1	0	1	0	0	0	0	0	0	1	1	1	2	1	0	2	1	0	2	1	0	1	0	0	1	0	0	0	1	1	1	0	1	1	0	0	1	0	0	1	1	0	2	2	0	1	1	1	2	1	0	0	1	1	1	0	1	1	0	0	2	1	0	0	1	1	0	0	1	0	0	0	2	1	1	1	0	2	0	1	0	0	0	1	2	0	0	2	0	1	0	1	0	1	
0	1	1	1	1	1	0	0	1	1	0	1	0	0	2	1	1	0	0	0	0	0	0	1	1	0	1	2	1	1	0	1	0	1	2	1	0	0	0	0	0	0	1	1	0	0	0	0	1	0	0	1	0	0	1	0	1	0	0	0	1	1	1	0	0	0	0	0	1	0	1	0	1	1	1	1	0	1	1	0	1	1	1	0	0	1	0	0	1	0	1	1	1	0	1	1	1	1	1	1	
0	0	0	1	1	1	2	0	1	0	0	0	0	0	0	0	2	1	0	1	1	0	0	2	1	1	1	1	1	0	1	0	1	0	0	0	0	0	0	1	2	1	0	1	0	0	2	0	1	0	1	0	0	1	0	0	0	0	0	0	0	0	1	2	0	0	0	1	0	1	2	1	1	0	1	1	0	0	0	1	0	1	1	1	1	1	1	0	1	0	1	0	0	1	1	0	1	1	0	1	
1	0	0	1	0	0	1	0	2	2	1	1	0	1	0	1	0	1	1	0	1	0	2	0	0	1	0	2	0	0	1	1	1	1	1	1	1	1	1	1	0	1	0	0	2	1	0	0	0	1	1	1	1	0	0	1	0	0	0	0	1	0	1	0	0	1	1	0	0	1	2	1	0	1	1	1	0	0	1	1	0	2	0	0	0	2	0	1	0	1	0	0	0	0	0	1	0	1	1	1	
1	1	1	0	1	0	0	1	1	0	1	1	0	1	0	1	1	0	0	1	1	0	1	0	0	0	0	0	1	1	1	0	0	0	0	0	1	1	0	0	1	0	1	0	0	0	1	1	2	1	0	0	1	0	1	0	1	0	1	0	2	1	1	1	0	1	0	2	1	1	1	0	0	1	0	0	1	1	1	0	0	0	0	1	0	1	1	1	0	1	0	1	1	1	0	0	1	2	1	0	
1	1	2	1	0	0	0	0	1	0	1	0	1	0	1	1	1	0	0	1	1	1	1	0	1	0	0	0	1	1	1	0	1	1	0	1	0	0	0	0	1	0	0	0	1	0	0	1	2	2	1	0	0	1	0	2	1	1	0	0	1	1	2	0	0	0	0	1	1	1	2	1	0	1	0	1	0	0	1	1	0	1	0	1	0	1	0	0	0	1	0	1	1	0	1	0	2	0	0	0	
1	0	1	2	1	0	0	0	0	0	0	0	0	0	0	0	0	0	0	0	0	1	0	0	1	1	1	0	1	0	0	1	0	1	0	1	0	0	1	2	0	0	0	0	1	1	1	0	1	1	0	1	1	1	0	0	0	0	0	0	2	0	0	0	0	1	0	0	0	1	0	0	0	1	1	1	0	1	2	0	0	1	0	1	0	0	1	0	0	1	2	0	0	0	0	0	0	2	0	1	
0	0	1	1	0	0	1	2	0	0	1	0	0	0	0	1	0	1	2	0	1	0	0	1	1	1	1	1	1	1	0	0	0	0	1	0	0	0	0	1	1	0	2	0	0	1	0	0	1	0	0	0	0	1	0	0	0	0	1	0	2	0	0	0	1	1	0	0	1	1	1	0	0	0	2	0	0	1	1	1	0	0	0	0	2	1	0	1	0	0	0	0	1	1	0	0	2	0	0	0	
1	1	1	0	0	1	0	1	0	1	0	2	1	1	1	1	0	0	1	0	1	1	0	0	1	1	1	1	0	1	1	0	0	1	0	0	0	1	0	0	1	1	1	1	0	0	1	1	0	0	1	1	1	0	0	0	0	0	0	1	0	0	1	0	1	2	1	0	0	1	1	1	0	1	0	1	1	1	0	0	0	1	0	0	1	0	0	2	1	1	0	1	0	0	0	0	1	1	1	0	
1	0	1	0	1	1	0	2	0	2	0	0	1	0	0	0	0	1	0	1	0	0	2	0	0	2	1	1	0	0	1	1	0	1	0	0	0	0	0	1	0	1	0	0	0	0	2	1	1	0	1	1	0	0	1	0	0	1	1	1	0	0	0	0	0	0	0	1	1	1	0	0	2	0	1	1	1	1	0	0	0	0	0	1	0	2	1	0	0	1	0	2	0	1	0	0	0	0	1	0	
0	1	0	1	1	0	0	0	1	1	1	0	1	0	0	1	0	1	0	1	2	0	1	0	0	1	0	2	0	0	1	0	1	1	1	0	0	0	0	0	1	0	2	1	0	0	0	0	0	0	0	1	0	0	0	1	1	0	2	1	0	1	1	2	0	0	1	0	1	1	0	0	0	1	2	1	0	0	0	0	0	0	2	0	1	0	0	0	0	0	1	0	0	0	0	1	0	0	0	1	
1	0	1	0	0	1	0	0	1	1	1	0	1	1	1	0	1	2	0	0	0	0	1	0	0	0	1	0	1	0	1	1	0	2	0	0	0	2	0	0	0	1	1	0	0	1	1	1	1	1	1	0	1	1	0	0	1	2	0	1	1	0	1	0	0	1	1	0	2	0	1	0	1	0	0	0	0	1	0	0	1	0	0	2	1	1	1	1	0	0	0	1	0	0	0	1	1	0	1	1	
1	1	0	1	2	1	1	1	0	1	0	1	0	0	0	0	1	0	1	0	0	0	0	1	1	0	0	1	0	1	1	0	0	1	2	0	0	1	0	0	0	2	1	0	0	1	0	0	1	0	1	1	0	1	0	2	1	1	1	0	0	0	0	2	0	1	2	0	1	0	0	1	1	1	0	0	1	1	0	1	1	0	1	0	0	0	0	1	1	0	0	1	0	1	1	1	2	1	0	0	
0	0	0	1	1	0	1	0	0	1	0	2	0	0	0	1	1	1	1	2	2	0	0	0	1	1	0	1	0	0	0	1	2	0	1	0	0	0	1	1	1	0	1	0	0	1	1	0	0	1	0	1	1	0	0	0	1	0	1	2	1	0	2	1	0	0	0	1	2	0	0	1	0	0	1	1	1	0	0	0	1	0	1	0	1	1	0	0	1	1	1	2	0	1	0	0	0	0	0	2	
1	1	0	1	1	1	1	0	1	1	1	0	0	0	1	1	0	1	1	0	0	1	0	1	0	0	1	0	1	1	1	0	1	0	0	1	2	0	1	0	0	0	0	0	1	0	1	0	0	0	0	1	0	0	1	1	1	0	0	2	1	1	1	0	0	1	0	0	0	0	2	0	1	0	0	0	1	1	1	0	0	0	1	0	0	1	1	0	0	1	0	0	1	1	1	0	0	1	0	0	
1	1	2	1	1	1	0	0	1	1	0	1	1	0	0	1	1	1	0	1	1	0	0	0	0	0	0	0	0	1	0	0	1	0	2	0	0	1	1	0	1	0	0	2	0	1	0	1	0	1	0	0	0	1	0	2	1	1	0	1	0	0	1	1	1	1	2	0	1	0	1	0	0	1	1	0	2	0	0	1	1	0	0	1	1	1	0	2	1	1	1	2	0	0	1	1	0	1	0	1	
2	0	0	0	0	0	1	0	1	1	1	1	1	0	1	0	1	0	1	0	1	0	1	0	1	1	1	0	0	0	1	1	0	1	1	0	1	1	2	1	0	1	0	2	1	1	0	1	0	0	0	0	1	1	0	1	0	1	0	0	1	0	1	0	0	1	1	0	0	0	0	1	0	1	1	0	0	0	0	0	0	0	0	2	0	0	0	0	0	1	1	1	2	0	1	1	0	1	0	0	
0	1	1	0	1	0	2	0	0	0	1	0	0	1	0	0	1	1	1	2	0	0	0	0	0	0	1	1	1	0	0	0	1	0	1	1	2	1	1	0	1	1	0	1	0	0	1	0	1	1	2	1	1	2	0	1	1	0	1	1	0	0	1	0	0	1	1	1	0	0	0	1	0	0	1	1	0	0	0	0	1	1	0	0	0	0	0	1	1	1	0	1	1	0	1	0	1	1	0	0	
1	1	1	1	0	2	0	1	1	1	0	0	0	2	0	1	1	0	2	1	0	1	1	1	1	1	0	0	1	1	0	2	1	1	2	1	2	1	1	1	0	2	0	1	0	0	1	0	0	1	1	0	0	1	0	0	1	1	0	0	1	1	1	1	0	1	0	1	1	1	0	0	2	1	1	2	0	0	1	1	0	0	0	0	1	2	0	1	0	0	0	0	2	1	1	2	1	0	0	0	
1	0	0	1	0	2	0	0	1	0	0	1	0	0	1	0	1	1	1	1	1	0	0	0	1	0	0	0	0	0	0	0	1	0	1	0	0	1	1	1	1	0	0	2	1	0	1	0	1	0	0	0	2	1	1	1	1	1	1	1	0	1	0	0	2	2	0	0	1	0	1	1	0	0	1	1	0	1	1	0	2	1	0	1	1	0	0	1	0	0	1	0	0	0	0	1	0	2	0	2	
1	1	0	0	0	1	1	1	1	1	1	1	1	1	0	2	0	2	1	0	1	1	0	0	0	1	1	0	0	0	1	1	1	1	1	1	1	1	1	0	0	0	0	2	1	0	0	2	0	0	1	0	0	1	1	1	1	0	1	1	1	1	0	1	0	1	1	0	0	0	1	1	0	1	1	0	1	1	1	0	1	1	0	0	1	0	0	0	0	0	1	2	0	1	0	0	0	0	1	1	
0	0	0	1	0	1	1	1	1	0	1	1	1	0	0	0	0	1	1	1	0	0	0	0	1	0	0	2	0	1	1	1	1	0	0	1	2	0	1	0	1	1	0	0	0	0	2	0	2	0	2	1	1	0	0	0	0	1	1	1	1	1	1	0	1	1	0	1	1	1	1	0	0	0	2	0	0	0	0	0	0	0	1	0	0	0	1	2	1	1	0	1	1	0	1	0	0	0	2	0	
1	2	0	0	0	1	1	1	1	0	0	0	0	1	0	0	0	0	0	0	1	0	0	0	1	0	0	0	1	0	0	0	1	1	0	0	1	0	1	1	1	0	1	0	1	0	0	1	0	1	0	1	1	2	1	1	1	0	0	1	0	0	1	1	0	1	0	0	0	1	0	0	0	1	0	0	1	1	0	0	0	2	0	0	0	0	0	1	0	1	0	0	0	0	0	1	0	1	0	1	
1	2	0	2	0	1	0	0	1	0	1	2	0	0	0	1	0	1	0	1	1	1	1	1	1	1	1	0	1	1	1	1	0	0	0	1	0	0	0	0	1	1	1	1	1	0	0	2	0	0	1	1	1	0	1	0	1	0	1	1	0	0	1	0	1	1	0	1	1	1	1	1	0	0	1	1	1	2	2	2	0	0	0	1	0	1	1	0	0	0	2	0	0	1	0	0	1	0	1	0	
0	1	0	0	1	1	0	0	1	0	0	0	0	0	1	1	0	1	1	1	1	1	1	0	1	1	1	0	0	1	0	1	1	1	1	1	1	0	0	0	1	0	1	0	1	2	1	0	0	1	0	1	1	1	0	0	0	1	1	1	1	1	2	1	1	1	1	1	1	1	0	0	0	0	0	2	0	1	0	0	0	0	1	1	0	1	1	1	1	0	1	1	0	1	1	0	2	1	0	1	
0	0	0	0	1	1	0	0	0	1	0	1	2	2	0	1	1	0	0	0	1	0	0	2	0	0	1	1	1	0	1	0	0	1	1	0	1	0	0	1	1	1	0	0	1	0	1	1	2	0	1	0	0	2	1	1	0	2	0	1	1	0	1	1	1	1	0	0	1	1	1	1	0	1	0	0	0	1	1	0	0	1	0	1	1	0	0	0	0	0	0	1	0	1	0	0	0	0	1	2	
0	0	0	0	0	1	0	0	0	0	1	1	0	0	1	1	1	1	0	2	1	0	1	0	0	0	1	0	1	1	0	0	1	0	1	1	0	1	0	1	1	1	1	0	0	1	0	0	0	1	1	0	1	1	1	0	0	1	0	1	1	0	0	0	1	1	2	1	1	0	1	0	1	0	1	1	0	0	0	1	2	1	0	1	1	1	1	0	1	0	1	0	0	2	1	1	0	2	0	0	
0	1	1	0	0	0	0	1	0	1	0	0	1	1	0	0	1	1	1	0	0	0	2	1	1	1	1	0	0	1	1	0	0	1	1	0	0	0	1	0	0	1	0	0	1	1	0	2	1	0	1	0	1	1	1	0	1	0	0	0	0	0	1	0	0	1	1	2	1	1	0	0	0	0	0	0	1	1	0	0	1	0	0	1	2	0	0	1	0	1	1	0	1	1	0	1	1	0	1	0	
0	0	0	0	2	0	0	0	0	0	1	0	0	0	0	0	1	1	0	0	1	0	0	0	0	0	0	1	0	0	0	0	0	0	0	1	0	1	1	0	0	2	2	1	1	1	0	0	1	1	0	1	0	1	1	1	1	0	0	0	1	1	0	0	2	1	0	0	0	0	0	0	0	1	2	1	1	1	1	1	0	1	0	0	0	1	0	0	1	0	1	0	0	0	1	1	0	1	0	0	
1	1	0	0	1	1	1	0	0	1	1	1	0	1	0	1	1	0	1	0	0	1	2	2	0	1	2	0	2	0	1	0	0	0	1	0	1	0	0	0	0	1	0	0	2	1	0	0	2	1	1	1	1	1	1	0	0	0	0	0	1	0	2	1	1	1	0	0	2	1	0	0	1	0	1	1	0	0	1	1	0	0	0	0	1	1	0	2	0	0	1	0	0	0	1	0	0	0	0	1	
1	1	1	0	0	1	1	1	1	0	0	1	0	2	0	1	0	2	0	1	0	0	0	0	1	1	1	1	0	1	1	1	1	0	1	1	0	1	1	1	1	0	0	1	2	1	0	0	0	1	0	1	1	1	1	1	0	0	1	0	1	1	1	0	0	1	1	0	0	0	1	0	0	2	0	0	1	0	1	0	0	0	1	1	1	0	0	0	0	0	2	1	1	0	0	1	0	1	0	1	
0	1	1	1	1	0	0	0	0	0	1	0	0	0	1	0	0	1	0	0	1	0	2	1	1	1	1	1	1	1	1	1	0	0	0	0	1	0	0	0	0	1	1	0	0	0	0	1	0	0	2	1	0	1	0	1	1	2	1	0	1	2	0	1	0	0	0	1	1	0	0	0	1	2	1	1	0	0	1	0	2	1	0	0	1	0	0	1	1	1	0	1	0	1	0	1	0	0	1	2	
1	1	0	1	1	1	0	1	0	1	0	1	1	0	1	0	0	1	0	0	0	2	0	1	0	1	0	2	0	2	1	1	0	1	2	1	0	1	0	0	1	1	0	1	0	1	1	1	0	1	2	0	1	1	0	1	1	0	0	0	0	1	2	1	0	1	1	1	0	2	0	2	1	1	0	2	1	0	1	0	0	1	1	1	0	1	1	0	0	0	1	1	0	1	1	0	0	1	0	0	
1	0	1	1	0	1	0	1	0	2	0	1	1	1	1	1	0	0	0	1	0	0	1	1	1	0	1	0	0	0	1	0	0	0	1	1	2	0	1	0	2	0	1	0	0	0	0	1	0	0	0	0	0	0	0	0	1	0	1	0	1	0	0	0	1	1	0	0	1	0	0	1	1	2	2	0	1	1	2	0	0	1	1	1	2	1	1	0	1	1	0	1	0	1	2	1	1	2	1	0	
0	0	0	1	1	0	0	0	0	0	0	0	1	0	1	0	1	0	0	0	1	0	0	1	0	1	2	1	1	1	0	1	0	0	2	0	0	1	0	0	0	0	0	0	1	1	0	1	0	0	1	1	1	1	0	0	1	1	1	1	1	0	1	0	1	1	0	1	1	0	0	0	1	0	0	1	0	1	0	1	0	0	1	0	0	0	0	0	1	0	1	0	1	0	1	1	0	1	0	1	
0	0	1	0	1	0	0	0	1	1	1	0	1	1	1	0	1	0	0	0	1	1	1	1	0	1	1	0	1	2	1	0	1	1	1	1	1	0	1	0	2	0	2	1	1	0	0	0	0	1	0	0	1	0	1	0	0	2	1	0	1	0	0	0	1	1	0	1	1	1	0	1	1	0	0	1	0	1	1	0	0	0	0	0	1	1	1	2	1	2	0	0	0	0	1	1	0	0	1	0	
1	0	1	2	0	1	0	1	1	1	0	1	1	1	0	1	0	0	1	1	0	1	0	1	0	2	0	0	1	0	0	0	0	0	1	1	1	0	2	0	1	0	0	1	1	0	0	0	0	0	0	0	1	2	1	1	1	1	0	0	1	0	1	0	1	0	0	1	1	0	1	1	1	0	2	0	0	0	2	1	0	1	1	1	1	1	1	1	1	1	0	2	0	0	1	0	1	0	1	0	
0	0	0	0	1	1	0	0	0	1	0	0	0	0	0	1	1	0	0	1	0	1	0	1	1	1	1	0	0	0	0	0	1	0	0	1	1	1	0	0	1	0	1	1	0	1	2	1	0	0	1	0	1	1	2	0	0	1	1	0	0	1	0	0	0	1	2	0	2	0	0	2	0	2	1	0	0	0	2	1	2	2	0	0	0	1	1	0	1	0	1	0	1	1	1	1	1	0	0	0	
0	2	0	0	1	1	0	0	0	0	1	0	1	0	1	0	1	0	0	0	1	0	1	1	0	1	1	0	1	1	0	0	2	0	0	0	1	2	1	1	2	1	0	1	0	1	0	0	2	1	0	1	1	0	1	1	1	0	0	0	0	1	0	1	1	0	2	1	0	0	1	0	1	1	0	2	0	0	0	1	1	1	0	0	2	0	1	0	0	0	0	2	0	0	1	1	1	0	1	0	
0	0	1	1	1	1	2	1	0	0	1	0	0	1	1	0	1	0	0	0	0	0	0	0	0	0	1	0	1	0	0	1	0	0	0	0	1	1	1	0	0	1	0	1	0	0	1	0	1	2	0	1	1	0	0	1	0	2	1	0	0	1	0	0	0	1	1	0	1	0	2	1	0	0	0	0	0	2	1	1	0	1	2	1	1	1	1	0	1	1	1	2	1	0	1	1	1	0	0	0	
2	1	0	1	1	0	1	0	1	0	1	0	2	1	2	1	1	0	1	1	1	1	0	1	0	0	1	1	1	1	0	1	2	1	1	0	0	0	2	1	1	0	0	0	0	0	0	0	0	1	2	0	0	0	0	0	0	0	2	2	0	2	1	1	1	0	0	1	0	1	0	1	0	0	0	0	0	0	1	1	1	0	0	0	0	1	1	0	1	0	1	0	1	0	1	0	1	0	1	0	
0	0	0	0	0	0	0	0	1	0	1	1	0	1	1	1	1	1	0	1	1	0	1	0	0	2	0	0	0	1	1	0	1	1	0	0	0	0	2	1	1	0	1	0	1	0	0	0	1	1	0	0	2	0	1	0	0	0	1	1	0	0	1	0	0	1	0	2	0	1	0	0	0	1	1	0	1	0	1	1	1	0	0	0	0	0	0	1	0	0	1	1	0	0	1	0	1	1	0	0	
1	0	0	0	0	0	0	0	0	0	2	1	1	1	1	1	0	1	0	0	1	0	1	0	0	0	1	0	0	1	0	1	1	2	1	2	0	1	0	2	1	1	0	2	0	1	0	2	1	0	0	1	0	0	2	0	1	0	1	1	0	0	0	0	0	0	1	1	1	0	2	0	0	0	0	1	1	2	1	1	1	1	0	1	1	1	1	0	0	1	0	1	2	1	1	0	0	0	0	0	
0	0	0	0	2	0	1	0	0	0	0	1	0	1	1	1	1	1	0	0	0	0	1	1	1	0	1	1	0	0	1	1	1	0	0	1	0	1	0	1	0	1	0	0	0	1	0	0	0	1	1	0	0	0	1	1	1	1	0	0	0	1	1	0	1	1	0	0	1	0	0	1	0	1	0	1	1	0	1	1	0	0	1	1	0	0	0	1	1	0	0	1	1	1	1	0	0	0	2	0	
1	1	1	2	0	0	1	0	1	1	1	1	1	1	1	0	0	1	1	1	0	0	2	1	0	0	1	0	1	0	2	0	0	2	0	2	1	1	0	0	0	2	1	0	1	0	2	1	0	0	0	1	1	1	1	0	1	1	0	0	0	0	1	2	1	1	2	0	1	0	0	1	0	0	0	1	0	0	1	1	0	0	0	1	1	1	1	0	1	1	0	0	0	0	1	1	1	1	1	1	
0	0	1	0	0	0	0	1	0	2	0	0	1	0	0	1	1	1	1	1	0	0	1	1	1	0	1	1	1	0	0	2	0	1	1	0	0	0	1	1	0	1	1	2	1	1	1	1	0	0	0	0	1	0	1	0	0	0	0	2	0	1	0	0	0	1	0	0	0	1	1	0	0	0	1	0	0	0	2	0	2	1	1	0	1	0	1	1	1	0	0	1	1	1	0	1	1	1	1	2	
0	0	2	1	1	1	0	1	0	1	0	0	1	1	1	0	1	0	0	0	1	0	0	0	1	1	0	0	0	1	1	0	0	0	1	1	0	1	0	0	0	2	1	0	1	1	0	0	1	1	0	1	0	0	0	2	0	1	2	1	0	1	1	1	0	1	0	1	1	0	0	0	0	0	0	1	1	2	0	0	1	0	0	0	0	1	1	2	1	0	1	2	0	0	0	1	0	0	0	0	
0	1	1	1	2	0	0	0	1	1	1	1	1	1	1	0	0	0	0	1	0	0	1	2	1	1	1	1	1	0	0	0	1	0	1	0	1	1	1	0	0	1	0	1	1	1	0	1	0	1	1	1	1	0	1	1	1	0	1	0	0	1	1	0	1	1	0	1	1	0	0	0	1	1	1	1	2	0	0	0	0	1	1	1	1	0	1	1	2	1	0	0	1	0	0	0	0	0	2	0	
1	1	0	0	1	1	1	1	0	0	0	1	0	0	0	0	0	1	0	1	0	0	0	0	0	2	1	1	1	0	0	0	0	0	0	1	1	1	1	0	1	0	1	0	0	0	0	0	0	1	1	1	0	0	0	1	2	1	0	0	0	0	1	2	1	0	1	1	1	1	0	1	1	1	0	0	0	0	0	2	0	2	0	2	1	0	0	0	1	0	0	1	0	1	0	1	0	0	1	0	
1	1	1	0	0	1	0	0	0	0	1	1	1	2	0	2	0	1	2	0	1	0	0	1	1	0	0	0	1	0	0	0	0	2	1	0	2	0	0	0	0	1	1	0	1	0	1	1	0	1	1	0	2	0	0	0	1	0	0	1	0	0	0	0	1	1	1	0	1	1	1	1	0	0	0	0	0	1	2	0	1	2	1	0	1	0	1	0	1	0	0	0	0	2	0	1	0	0	0	1	
1	0	1	1	0	0	1	2	0	1	0	1	0	1	0	2	0	0	1	1	1	0	0	0	0	2	2	1	0	1	2	0	0	1	2	0	1	1	0	1	0	0	0	0	2	0	1	1	0	2	1	1	0	2	0	1	2	0	0	0	1	0	0	0	0	2	0	1	0	0	2	0	1	0	0	1	1	1	1	1	1	2	0	1	1	1	0	1	0	2	1	1	1	1	0	0	0	0	1	1	
1	0	0	0	2	0	0	1	0	1	0	1	0	0	0	0	1	0	1	0	1	0	1	0	0	1	1	1	0	0	0	0	0	1	1	1	0	0	0	0	1	0	0	0	0	2	1	2	1	1	1	0	0	1	1	0	0	1	1	0	1	0	0	0	2	0	0	1	0	2	1	0	0	0	2	0	0	0	1	2	0	0	0	2	0	1	2	0	0	0	0	1	0	0	0	1	0	1	1	0	
0	0	0	2	1	1	0	0	0	2	0	0	0	0	2	0	1	0	2	0	0	1	0	1	0	1	0	1	1	1	1	0	0	1	0	0	1	1	0	1	0	0	0	0	0	1	0	0	0	1	0	1	0	0	1	0	1	0	1	1	1	1	1	0	0	1	1	0	1	0	1	0	0	1	0	1	1	1	1	0	0	1	1	1	0	0	0	0	0	1	1	1	1	1	0	1	0	1	0	1	
2	1	1	1	0	0	0	0	0	1	0	1	0	1	0	1	1	0	1	0	2	1	2	0	2	1	1	1	2	1	0	0	1	0	0	0	0	1	0	1	1	0	1	1	0	1	2	1	1	0	1	1	1	0	0	0	1	1	1	0	0	0	0	1	0	0	1	1	0	1	0	0	0	1	1	0	1	0	0	0	2	2	0	0	1	1	0	0	0	1	0	2	0	0	1	1	0	0	0	1	
0	1	0	2	0	1	0	0	1	1	1	1	1	1	0	0	0	1	1	0	0	0	0	0	1	1	0	0	1	1	0	1	1	0	0	1	0	1	0	0	0	1	0	2	0	0	0	1	0	0	1	0	0	0	1	0	1	0	2	1	1	1	0	0	1	0	0	0	0	0	1	2	0	0	0	1	0	1	0	1	0	0	0	0	1	0	2	1	0	0	1	1	1	0	0	0	0	0	0	1	
1	0	0	0	0	1	1	1	1	0	0	0	1	0	0	1	0	0	1	0	0	0	1	0	1	0	0	0	0	0	0	0	0	0	0	0	0	0	0	1	0	1	1	0	1	0	0	1	1	0	1	0	0	1	1	1	1	0	0	1	2	0	1	0	1	1	1	0	1	0	0	1	0	0	1	1	1	0	0	0	0	0	0	0	0	0	0	1	1	0	1	1	0	0	0	1	0	1	0	0	
1	0	0	1	0	1	1	0	0	1	0	0	0	1	0	0	0	0	0	1	1	0	1	1	0	0	1	1	0	1	1	0	2	1	0	1	0	0	0	1	0	0	1	0	0	1	0	0	1	2	0	1	1	0	0	1	1	1	1	1	2	1	1	1	1	0	0	2	1	1	0	1	0	1	1	0	1	1	1	0	2	0	2	1	0	0	1	0	1	1	1	1	0	1	0	1	1	0	0	0	
0	1	0	0	0	0	2	0	1	1	1	0	1	0	2	1	1	1	1	1	0	1	0	0	1	0	1	1	1	2	0	0	0	1	0	0	0	0	0	1	1	1	0	1	1	1	0	0	0	1	1	1	0	1	1	2	0	0	2	0	0	1	0	1	1	0	0	0	1	0	0	0	1	2	1	1	1	1	0	1	0	0	1	1	0	1	0	1	0	0	0	1	0	1	0	0	0	0	1	2	
0	0	1	0	0	1	1	1	1	0	0	0	1	1	2	0	0	0	1	1	2	0	1	0	0	0	1	1	1	1	1	1	0	1	0	0	1	1	0	0	1	1	1	1	0	0	1	0	2	0	0	1	0	2	1	1	0	1	0	0	0	1	1	1	0	1	0	0	0	2	0	0	1	1	2	1	0	0	0	0	1	1	0	0	1	0	0	0	0	1	1	1	1	1	1	0	2	1	1	0	
1	1	0	0	1	1	0	0	0	0	1	2	1	1	1	1	1	0	1	1	1	0	0	0	0	1	1	1	1	0	0	0	0	2	1	0	0	0	1	0	0	1	0	0	1	0	1	1	1	0	0	1	0	0	1	1	0	0	1	1	0	2	0	0	1	0	1	0	0	1	1	1	0	0	0	1	0	1	1	1	0	0	0	1	0	1	1	0	0	1	0	1	0	1	1	0	1	0	2	1	
1	1	1	1	1	1	1	0	1	0	0	1	0	0	1	1	0	0	0	1	1	0	0	0	0	1	1	1	0	0	0	0	1	0	1	1	1	1	1	0	1	1	0	0	1	0	1	0	1	0	0	1	0	0	1	0	1	1	0	0	0	1	0	1	0	0	1	0	0	1	1	0	0	0	0	0	0	0	0	2	1	1	0	1	0	2	1	1	0	2	1	2	0	0	0	0	1	1	0	0	
0	0	0	0	0	0	0	0	0	1	1	1	1	0	0	1	1	1	1	0	0	1	1	0	1	1	1	0	1	0	0	1	1	1	1	1	1	0	1	1	0	1	1	1	2	1	1	0	0	0	0	0	0	0	0	2	0	1	1	1	1	0	0	0	0	0	1	0	1	2	2	0	1	0	1	0	1	0	1	0	1	0	0	0	1	0	1	0	1	0	1	1	0	0	1	0	0	0	0	1	
0	1	1	0	1	0	1	1	0	2	2	0	0	0	0	0	0	0	0	1	0	2	2	0	0	0	1	1	1	0	0	0	1	1	1	0	0	1	0	0	2	1	1	1	0	0	0	1	0	1	0	0	0	1	1	1	1	2	2	0	0	0	1	0	1	1	1	0	0	0	1	0	0	1	0	1	0	0	1	1	0	2	1	0	0	1	1	1	0	1	1	1	1	0	1	1	1	0	0	2	
1	0	1	1	0	0	1	0	0	1	1	0	1	1	0	0	0	0	0	1	1	0	0	0	0	0	0	0	0	1	1	0	2	1	1	1	0	2	1	1	0	2	1	0	1	1	1	0	0	1	0	1	1	1	1	1	1	0	0	1	0	0	0	0	2	0	0	0	1	1	0	0	0	0	1	0	0	0	0	1	1	2	1	1	1	1	1	1	1	1	0	0	0	1	0	1	0	1	0	0	
2	1	1	0	2	1	1	1	1	1	0	0	0	1	1	2	0	1	0	0	1	0	0	0	1	0	1	1	1	1	1	1	1	0	0	1	0	0	0	1	0	0	1	1	1	1	1	0	0	1	0	0	1	0	1	0	1	1	0	1	1	0	0	1	0	0	1	0	1	1	0	0	1	0	0	1	0	1	0	1	0	0	1	1	0	0	1	1	0	1	0	1	0	1	0	1	1	2	1	0	
2	1	0	0	2	1	1	0	0	1	0	1	0	0	0	0	0	1	0	1	0	1	0	0	0	2	1	0	1	0	1	1	1	0	0	0	0	1	0	0	0	1	0	0	0	1	2	1	0	1	0	0	0	1	0	1	1	1	0	1	1	1	0	1	0	0	1	1	1	0	0	0	0	0	0	0	0	1	0	1	0	0	0	0	1	2	1	0	2	1	2	1	0	1	0	1	1	1	1	0	
0	1	0	2	1	0	1	0	1	0	1	0	2	1	1	0	0	0	1	1	1	1	2	0	0	0	0	1	1	2	0	0	2	1	0	0	0	2	0	1	0	1	1	0	0	0	0	1	0	1	2	1	1	1	0	0	1	0	1	1	0	1	0	0	1	0	1	1	1	1	0	1	2	1	1	0	1	1	1	1	1	0	0	0	1	1	1	0	0	1	0	2	1	1	1	0	1	0	1	1	
1	0	1	1	0	1	1	1	1	1	2	0	1	0	0	0	0	1	0	1	1	1	0	0	1	0	0	1	1	0	0	2	1	1	1	2	1	1	2	0	1	1	1	0	1	0	0	1	1	0	0	0	1	0	0	2	2	0	0	0	0	0	2	0	0	0	0	1	0	0	1	0	0	0	2	0	0	0	0	0	1	0	0	0	1	0	1	0	0	0	0	1	1	0	0	0	0	1	0	1	
1	1	0	0	0	1	2	0	1	0	1	0	0	0	0	0	1	0	0	0	1	1	0	2	0	1	0	0	1	0	1	1	1	0	1	1	1	0	0	1	0	1	1	1	0	0	1	1	1	0	1	0	1	1	1	0	1	0	0	0	0	0	1	0	0	0	1	1	0	0	1	1	0	0	0	1	0	0	0	0	0	0	2	0	0	0	1	1	0	1	1	0	1	0	1	1	0	2	0	1	
0	0	1	1	1	0	0	1	2	1	1	0	0	0	0	1	1	1	0	1	1	0	1	0	0	0	1	2	0	1	1	1	1	0	0	1	1	1	0	1	0	0	1	0	0	1	0	2	2	0	1	1	0	1	1	0	2	1	0	0	1	1	0	0	0	0	1	1	2	1	0	1	1	0	0	1	1	0	0	1	0	0	0	0	0	0	1	1	0	1	0	1	1	1	0	0	1	0	1	1	
1	0	0	1	0	0	0	0	0	1	1	0	1	1	0	0	1	0	1	1	1	1	0	1	0	1	0	0	1	2	1	0	0	1	1	1	2	1	1	1	0	1	0	0	0	0	0	2	1	1	0	1	0	1	1	1	1	1	0	1	0	0	1	1	0	1	1	0	1	0	0	0	1	0	0	0	1	1	1	1	0	0	1	1	0	0	0	0	0	0	0	0	0	1	0	0	0	0	0	1	
0	0	1	0	1	2	1	1	1	0	0	0	1	0	0	1	1	1	0	1	0	0	1	1	0	0	0	0	1	1	2	0	0	0	1	1	0	1	1	0	1	1	0	0	1	1	0	0	1	0	1	1	1	0	0	0	0	0	0	0	0	1	1	1	1	1	1	0	1	0	1	1	0	0	0	1	1	1	0	0	1	1	1	0	0	1	1	0	0	0	1	1	1	1	0	1	1	0	0	0	
1	2	0	1	0	1	2	0	0	0	2	0	0	0	1	0	0	2	0	0	1	0	0	0	0	2	0	0	0	1	2	0	0	0	1	1	2	0	1	1	1	0	1	0	0	1	0	0	0	0	0	0	0	0	1	1	0	0	1	0	0	0	0	0	2	0	0	1	1	1	0	0	2	2	0	0	1	1	0	1	0	0	2	0	1	0	1	1	0	0	1	0	1	2	1	0	1	1	1	1	
0	1	0	0	1	1	0	0	1	0	1	0	0	0	0	2	0	0	2	1	0	0	1	0	0	2	1	0	0	0	0	0	0	1	0	1	0	1	2	0	0	1	0	1	0	2	1	0	1	0	0	1	0	0	0	2	0	0	1	1	0	0	0	0	0	2	1	1	0	0	1	0	1	0	1	0	1	0	1	1	1	0	0	1	0	1	2	1	0	0	1	0	0	1	0	1	0	0	1	0	
0	1	0	0	0	2	0	0	1	0	0	1	1	0	1	1	0	0	2	0	0	1	1	0	0	1	1	0	0	1	0	1	0	0	1	0	0	1	0	1	1	1	0	1	0	1	2	1	2	0	0	0	1	2	1	1	1	1	0	2	1	1	0	1	1	2	0	1	0	1	2	0	1	0	1	0	2	1	1	0	1	1	0	0	0	0	0	1	1	1	2	0	0	0	1	0	1	0	1	1	
0	0	0	1	0	0	1	1	1	1	1	0	1	1	0	1	1	1	0	2	0	0	0	2	1	1	1	1	0	1	0	1	2	0	0	0	1	0	1	0	0	1	1	0	0	1	1	1	2	0	0	1	1	1	1	0	0	1	2	0	0	1	0	1	1	1	0	0	1	1	2	1	2	0	0	0	1	0	0	1	0	0	0	2	0	2	1	2	1	1	1	0	0	1	1	0	0	1	1	0	
0	1	0	0	1	0	0	0	0	0	2	0	1	0	1	0	1	0	0	1	1	0	1	0	0	0	0	0	1	1	1	1	0	1	0	0	0	1	0	0	1	1	0	0	0	0	1	1	0	0	1	1	0	1	0	0	0	0	0	2	1	0	1	0	1	0	2	1	0	0	2	0	0	1	1	2	0	0	0	0	0	0	0	1	0	1	1	1	1	1	0	0	1	0	0	1	0	0	2	1	
1	0	0	0	2	1	0	0	2	1	0	0	1	0	1	1	1	1	0	0	0	1	1	1	1	1	0	0	0	1	0	1	0	0	1	0	0	0	0	0	1	0	1	2	1	0	0	0	0	0	0	0	0	1	2	1	1	1	0	0	0	0	1	0	0	1	0	0	1	1	1	0	0	0	0	0	1	1	0	1	1	0	1	1	0	1	0	2	1	1	1	1	2	1	2	0	1	0	1	0	
0	1	0	0	1	0	1	1	0	1	1	1	0	0	0	0	2	0	1	0	0	1	0	0	0	0	1	1	1	0	1	0	0	0	2	0	1	0	0	2	1	0	0	0	1	1	1	0	1	1	1	0	1	0	1	0	1	0	0	1	1	1	0	1	0	1	1	1	1	0	1	1	0	1	1	1	0	0	0	0	1	1	1	1	1	0	0	1	1	0	0	0	0	0	1	0	0	0	0	1	
1	1	1	1	0	0	1	0	0	0	0	1	0	1	0	0	0	0	1	2	0	0	1	0	0	0	0	0	0	0	0	0	1	0	1	1	0	1	2	2	0	0	1	1	0	2	1	0	0	0	1	1	0	1	1	1	1	1	0	0	2	1	0	0	1	1	0	1	0	1	0	1	0	1	2	1	0	0	0	1	0	1	1	1	0	0	0	0	0	0	1	0	0	1	1	1	1	1	1	1	
1	0	1	0	1	1	1	1	1	1	1	0	1	1	0	1	0	0	0	0	0	0	2	0	0	1	0	1	1	0	1	1	0	0	0	1	0	1	0	1	1	1	1	1	1	0	0	1	1	1	1	0	1	0	1	1	0	0	1	0	0	0	1	1	0	1	0	1	0	0	1	2	0	0	0	0	1	0	1	0	0	0	2	0	0	1	1	0	0	0	1	1	1	0	0	1	0	1	1	0	
0	0	0	0	0	1	0	0	0	0	1	0	1	0	1	1	0	0	0	0	1	0	0	1	0	0	0	0	0	0	1	0	0	2	0	0	0	1	1	1	1	1	1	1	1	0	0	1	0	0	0	0	1	0	1	0	1	0	1	0	0	1	0	0	0	0	0	1	1	0	0	0	0	0	2	1	0	0	1	1	1	2	2	0	1	0	0	0	1	0	0	0	2	0	2	0	1	0	0	0	
2	2	0	0	1	1	0	1	0	1	0	0	0	0	1	1	1	0	0	0	0	0	1	1	1	0	1	1	0	1	0	1	0	1	0	0	0	1	1	0	0	0	0	0	1	1	0	1	1	1	0	0	1	0	1	0	1	1	0	1	0	0	0	0	1	0	0	0	0	0	1	0	0	1	0	1	0	1	0	0	1	1	0	1	0	1	0	0	0	1	0	0	0	2	0	1	0	2	1	1	
1	0	0	2	0	0	0	0	0	1	1	1	1	1	0	1	1	0	1	0	0	1	1	0	0	0	1	1	1	0	0	0	1	0	0	1	1	1	0	0	1	0	1	0	1	1	0	1	0	0	1	2	2	0	1	0	1	1	1	1	1	1	0	0	0	0	0	0	1	1	0	0	1	0	1	0	0	2	1	1	0	1	1	2	0	0	0	1	1	0	1	0	1	0	1	1	1	1	0	0	
1	2	2	0	1	0	1	0	1	1	0	0	2	0	0	0	0	0	0	1	1	1	0	0	0	1	0	1	0	2	1	1	1	0	0	0	0	1	1	1	1	1	1	1	0	1	1	1	1	0	1	0	0	0	2	0	0	1	1	0	0	1	0	1	0	0	1	1	1	0	0	0	2	0	1	1	0	0	1	0	1	1	0	1	1	0	2	1	0	1	0	1	1	0	0	2	1	1	0	1	
1	1	0	2	1	1	1	1	1	0	0	0	0	0	1	0	2	0	0	0	0	0	0	1	2	1	0	0	1	0	1	2	0	1	0	1	0	1	1	0	0	1	1	1	0	1	0	1	0	1	1	1	1	0	0	1	0	0	2	0	1	0	1	1	0	0	0	0	0	1	0	1	1	1	1	0	1	1	2	1	0	1	0	0	0	0	1	0	1	0	1	0	1	1	2	0	0	1	0	0	
2	0	0	0	0	1	0	0	1	1	0	0	0	2	1	1	0	0	0	0	1	0	1	1	1	2	0	0	0	2	2	1	1	1	1	0	0	0	2	1	0	0	0	0	1	1	0	1	0	0	0	1	1	0	1	0	2	0	1	0	0	0	0	0	1	0	1	0	1	1	1	1	0	0	0	0	2	0	0	0	1	1	1	0	0	1	0	1	1	1	1	1	0	0	2	0	0	0	0	1	
1	1	1	0	1	1	1	1	0	0	0	0	0	1	1	0	2	0	0	0	1	1	2	0	1	1	0	0	0	1	1	0	0	1	1	1	0	0	1	1	0	0	0	0	1	1	1	1	0	1	0	2	0	0	0	1	1	1	1	0	1	1	0	1	2	0	1	1	0	0	0	0	0	0	0	1	1	0	1	1	1	0	0	0	0	1	0	1	0	0	1	2	1	0	0	0	0	1	0	1	
0	1	0	0	0	0	1	0	1	1	0	0	1	1	0	0	2	0	0	1	1	1	0	0	0	1	0	0	0	1	0	1	1	0	0	1	2	1	1	1	1	0	0	1	1	1	1	0	0	1	0	0	1	2	1	1	0	1	1	0	1	1	0	0	0	1	0	0	2	0	0	1	1	0	1	0	0	0	0	0	1	0	0	0	0	0	2	1	2	0	0	0	0	1	0	1	0	2	0	1	
1	0	0	0	0	1	1	1	1	0	1	0	1	1	0	0	0	0	1	0	0	0	0	0	0	1	1	1	0	0	2	2	1	1	1	1	2	1	0	1	0	2	0	1	0	0	0	0	1	1	1	0	1	1	1	0	1	1	0	1	0	0	0	2	1	1	0	2	1	1	0	0	0	1	0	1	1	2	0	1	1	1	1	0	0	1	0	1	0	1	2	1	1	0	1	2	1	0	0	1	
1	1	0	0	0	0	1	0	0	1	2	0	1	0	0	1	0	0	0	1	0	0	0	0	1	1	0	1	0	0	1	1	1	0	0	1	0	2	1	1	1	0	1	0	0	1	1	1	1	1	1	0	1	1	0	1	0	2	1	1	1	1	1	0	0	2	0	1	0	0	0	1	1	1	1	1	1	1	0	0	0	0	1	0	1	1	0	2	1	1	0	0	0	0	0	1	0	0	2	0	
1	1	2	0	0	1	0	0	1	0	0	1	0	0	0	0	1	0	1	1	0	1	0	0	0	0	1	0	0	0	2	0	0	1	0	0	1	0	0	1	0	0	1	0	1	0	0	0	1	1	0	1	0	0	1	0	1	1	0	1	0	0	2	1	0	0	0	1	0	1	1	2	0	2	2	0	1	0	1	0	0	1	0	0	0	0	0	0	0	0	2	1	0	1	1	0	0	0	1	0	
1	0	1	0	1	1	0	0	1	1	0	1	1	0	0	1	1	1	1	1	1	2	1	0	2	1	0	0	1	1	0	1	1	2	1	1	0	1	0	1	0	1	1	0	1	0	1	1	1	0	1	0	0	0	1	1	1	1	0	0	0	1	0	0	0	1	1	0	1	0	1	0	1	1	0	0	0	0	1	0	1	1	1	1	0	2	0	1	1	0	1	1	0	1	1	0	1	0	1	0	
0	0	0	1	2	2	0	0	1	1	0	0	1	0	1	1	2	0	0	0	1	1	0	1	0	0	1	2	1	2	1	1	0	1	1	0	1	1	1	0	1	1	1	0	1	0	1	1	0	0	1	0	1	0	1	2	1	0	1	0	0	0	1	0	1	2	0	1	0	1	0	0	0	1	0	0	0	0	0	0	0	1	1	1	0	1	0	0	0	1	0	1	0	1	1	0	0	1	0	0	
2	0	2	0	0	1	0	0	1	0	1	0	0	1	0	0	0	0	0	0	0	0	0	1	1	1	1	1	0	2	0	0	0	1	0	0	0	1	1	2	1	1	0	0	1	1	0	0	0	0	0	0	1	0	0	2	1	0	0	2	1	1	0	0	0	0	0	1	0	0	0	1	0	0	0	1	0	0	1	0	1	1	0	1	2	1	1	1	0	0	0	0	0	1	1	0	0	0	1	1	
0	0	0	1	0	1	1	1	0	0	0	0	1	1	2	1	1	1	0	0	0	0	0	1	1	0	1	0	0	2	1	0	1	0	1	0	1	0	2	1	0	1	0	1	1	0	1	0	0	0	1	0	1	1	2	1	0	0	0	0	1	0	0	0	0	0	0	0	0	0	0	0	0	1	0	0	0	0	1	0	0	1	0	2	0	0	0	1	0	0	1	1	1	1	2	1	2	0	1	1	
0	2	0	0	0	1	0	0	2	1	2	1	1	1	1	0	2	1	0	0	0	1	0	2	0	0	0	1	1	1	1	0	0	0	0	2	0	0	1	1	1	1	0	2	0	1	0	1	1	1	0	0	1	1	0	0	0	0	1	0	1	0	0	0	1	0	1	0	1	1	1	1	0	2	1	1	1	1	0	0	1	0	1	1	1	1	1	0	2	1	1	1	1	1	0	0	1	2	1	1	
1	1	0	0	1	1	1	1	0	1	1	0	1	1	0	0	0	0	1	1	0	2	0	1	0	0	1	1	0	1	0	1	0	0	1	0	0	1	1	2	1	1	0	0	0	0	0	1	0	0	1	0	0	0	0	0	2	1	1	0	2	1	1	0	0	1	1	1	0	0	0	0	0	0	1	1	0	0	2	1	1	0	2	2	0	2	0	2	1	0	0	1	0	0	2	1	0	0	1	0	
1	1	0	0	1	0	1	0	0	1	1	1	0	0	1	1	1	0	0	1	1	0	1	0	1	1	0	1	0	0	1	0	0	0	0	0	2	2	0	0	1	0	0	0	0	0	1	0	1	2	1	1	0	2	1	0	0	0	0	1	0	1	1	0	0	0	0	1	2	0	1	0	0	1	1	0	1	0	0	0	0	2	0	1	1	1	0	1	1	1	2	1	1	0	1	0	1	1	0	1	
0	1	2	1	0	0	2	0	1	0	0	0	0	1	0	1	1	0	1	1	1	1	0	0	1	2	1	1	1	1	1	1	0	1	0	1	0	0	0	0	0	1	1	1	0	0	0	0	1	1	0	1	1	0	1	2	1	0	2	0	2	2	0	0	0	0	0	0	0	1	0	2	0	1	0	0	1	1	0	0	1	0	0	1	1	0	2	0	1	0	0	1	0	1	1	0	1	1	1	0	
1	0	0	1	1	1	2	0	1	1	0	1	1	2	0	0	0	0	0	0	1	1	0	1	0	0	1	0	1	1	1	0	0	0	1	1	1	0	0	0	1	0	0	0	2	0	1	0	0	1	0	0	0	1	0	1	1	0	0	1	0	0	1	0	1	1	1	1	0	0	0	0	1	1	0	1	1	1	1	1	1	1	0	1	2	1	2	0	0	1	2	0	0	0	1	1	1	1	0	0	
0	0	0	2	1	1	0	1	0	1	1	1	0	2	0	1	1	2	1	0	0	1	1	1	1	0	0	0	1	0	1	1	2	1	2	1	0	0	1	1	1	0	1	1	1	1	0	0	0	0	0	0	0	0	1	2	0	0	1	0	0	0	1	0	1	0	2	1	1	0	0	0	0	0	1	1	0	1	0	0	0	1	0	1	1	0	0	1	1	1	0	1	1	1	1	1	0	1	0	0	
2	1	0	0	1	1	1	1	1	1	1	1	0	0	1	0	1	0	1	1	0	1	0	0	0	1	1	2	0	0	0	2	0	2	2	0	1	0	0	1	0	1	1	0	0	0	2	0	1	0	0	0	0	0	1	1	1	0	1	0	0	2	1	0	1	1	0	1	0	1	0	1	0	1	0	1	0	0	0	0	2	0	1	1	1	0	1	1	0	1	1	1	1	1	0	0	0	1	0	1	
0	1	0	2	1	0	0	1	2	1	1	0	0	1	1	0	1	2	0	1	0	1	0	0	1	0	1	0	0	0	1	1	1	1	0	1	0	1	1	1	0	0	0	1	0	0	1	1	0	0	0	1	0	0	0	1	1	2	1	1	1	1	0	0	0	1	0	1	1	1	1	1	1	1	1	1	1	0	0	0	0	1	0	1	1	1	1	0	2	0	0	0	0	1	0	0	0	0	1	0	
1	1	1	2	0	2	0	1	1	0	1	0	0	0	0	2	0	0	0	1	1	2	0	1	0	1	1	0	0	0	0	1	1	1	0	0	0	1	1	0	0	1	0	0	0	0	1	0	0	0	1	0	0	0	0	0	0	1	0	0	1	0	1	1	0	0	1	1	0	1	0	1	0	1	0	1	0	0	1	1	0	0	0	1	0	0	0	0	1	0	1	0	1	0	0	0	0	1	0	0	
1	0	1	1	0	1	1	1	0	1	1	1	0	0	0	0	1	1	0	2	1	0	0	1	0	2	0	2	2	0	0	1	0	1	1	0	2	1	2	0	0	1	0	0	0	1	0	1	1	0	1	1	2	0	1	0	0	0	0	2	0	0	0	0	0	0	1	0	0	1	1	1	0	0	1	0	2	2	1	0	0	1	0	1	0	1	0	0	1	1	0	0	0	1	1	1	0	1	0	0	
0	0	2	1	0	0	1	0	1	1	0	0	1	0	0	1	0	1	0	1	2	1	1	0	2	1	1	1	1	0	0	0	1	0	0	1	1	1	0	1	1	1	0	0	0	2	1	1	1	0	0	0	1	0	0	2	1	0	0	0	2	0	0	1	1	0	0	1	2	0	0	1	1	0	1	1	1	1	0	0	2	0	0	1	0	1	1	0	1	1	1	0	0	1	0	1	0	0	0	1	
1	2	1	0	0	1	1	1	1	1	1	0	1	0	0	0	2	1	0	0	1	0	0	1	0	1	1	1	2	0	0	2	0	0	1	0	0	1	1	1	0	0	1	2	1	1	0	0	1	1	0	0	0	0	2	0	0	0	1	1	2	1	1	0	0	1	1	1	1	0	0	1	0	0	0	1	0	0	1	0	1	1	0	1	0	1	0	0	0	1	0	0	1	0	0	2	0	2	1	1	
0	0	0	0	0	0	0	0	0	0	1	0	1	0	1	0	0	0	0	1	1	1	0	0	1	1	0	1	1	0	1	1	0	0	0	1	0	1	0	1	1	1	1	1	1	0	1	0	2	0	1	0	1	1	0	0	0	0	1	2	0	1	0	0	1	0	1	1	0	1	0	0	0	1	0	1	1	0	0	0	0	2	1	0	1	1	0	0	0	1	0	1	0	0	0	1	0	0	0	1	
2	0	0	1	0	1	0	1	1	1	0	1	0	0	1	0	0	0	1	0	0	0	1	1	1	1	0	0	0	1	0	1	1	0	1	2	1	1	1	1	2	0	1	0	1	0	0	1	0	0	0	1	1	0	2	2	0	1	1	0	1	1	0	0	1	1	0	1	0	1	0	1	0	1	0	1	0	1	1	2	0	1	0	1	1	1	0	0	0	0	0	2	1	1	0	0	1	1	1	0	
1	1	1	2	1	0	1	1	1	2	0	0	0	1	0	0	1	0	2	1	1	0	1	1	1	1	1	1	2	0	0	2	1	0	0	1	2	1	1	0	0	1	0	0	0	2	0	1	0	0	0	0	0	1	0	0	2	0	0	1	0	1	1	1	0	0	2	1	2	1	0	0	0	1	1	1	0	1	1	1	0	0	1	0	1	1	1	0	0	0	1	0	1	1	1	0	0	0	1	0	
1	1	0	0	0	1	1	0	0	1	1	1	0	0	1	2	1	1	1	1	1	0	0	1	1	0	1	0	0	1	1	1	1	0	1	1	1	1	1	0	1	1	0	1	0	0	1	0	0	1	0	1	0	2	0	1	0	1	1	0	1	0	0	1	1	0	2	2	0	0	1	1	1	1	0	0	1	0	1	0	0	0	0	0	1	0	1	0	0	1	0	0	0	0	1	1	0	1	1	2	
0	1	1	1	1	1	0	0	0	0	0	1	1	0	2	0	2	1	1	1	1	1	1	0	0	1	0	1	0	0	0	0	0	2	0	1	1	0	0	2	1	0	1	0	1	0	1	0	1	1	0	2	1	1	1	1	2	1	0	0	1	1	0	1	1	1	0	1	0	1	0	1	0	0	1	0	0	0	1	0	1	0	0	0	0	1	1	2	0	1	1	1	1	0	1	0	0	0	0	1	
1	0	1	0	0	1	1	1	0	1	1	0	1	0	0	0	1	1	1	0	0	1	0	0	1	0	1	0	1	0	2	1	2	0	0	0	1	0	0	0	2	1	0	0	0	0	0	0	1	0	1	0	1	0	1	1	1	0	0	0	1	1	1	1	0	0	2	1	0	1	1	0	0	0	1	1	0	1	2	1	1	1	0	1	1	0	0	0	1	1	0	0	2	1	0	0	0	0	1	1	
1	1	1	0	0	0	0	1	0	0	0	1	0	0	1	1	1	0	1	1	0	2	1	1	0	1	1	0	1	0	0	0	1	1	1	0	0	0	1	0	0	1	0	0	1	1	0	0	1	1	2	1	0	1	0	0	0	0	0	0	1	1	0	0	0	0	1	0	1	1	1	0	1	1	0	0	0	0	0	0	0	1	0	0	0	0	0	2	1	1	0	0	1	0	0	0	0	0	2	1	
2	1	1	1	1	0	0	1	1	0	0	0	0	0	2	1	1	2	1	1	0	1	1	1	1	0	2	1	0	1	0	1	0	0	2	0	0	1	1	0	1	1	0	1	0	0	0	0	1	0	0	0	1	1	0	1	1	1	1	0	0	1	1	1	1	1	1	1	1	0	1	0	0	2	2	0	1	0	0	1	1	1	0	1	1	1	1	1	1	0	0	0	0	1	0	0	0	1	0	0	
0	1	2	1	1	2	1	1	0	0	0	0	1	0	0	0	2	1	0	1	0	2	0	0	0	1	1	1	2	0	2	1	1	0	1	0	1	0	0	1	1	1	0	1	1	1	0	0	1	0	2	1	1	0	2	0	0	1	1	2	0	0	0	0	1	0	1	1	1	1	1	2	1	0	1	1	1	0	1	1	1	1	0	1	1	1	1	2	1	0	0	0	0	1	1	1	1	1	0	1	
0	1	1	2	0	0	0	0	0	0	0	0	1	2	0	0	1	1	0	1	1	0	0	1	0	0	1	0	0	0	0	1	1	0	0	0	0	0	0	0	1	1	0	0	1	1	2	2	2	0	0	0	0	0	0	1	0	1	1	1	0	0	1	1	2	0	0	0	1	1	1	0	1	1	0	0	0	1	0	1	0	1	0	0	1	0	0	1	0	0	1	1	0	0	0	1	0	1	1	0	
1	0	0	1	0	1	0	1	0	0	0	0	1	0	0	1	1	0	1	2	1	2	1	0	1	0	1	0	1	1	0	1	0	1	1	1	0	1	0	1	0	0	0	1	1	1	1	1	0	1	0	1	0	0	0	1	0	0	0	0	0	1	0	0	0	0	1	0	0	1	1	0	1	1	0	0	0	1	1	1	0	1	1	0	1	0	0	0	1	1	2	0	1	0	2	1	1	1	0	0	
0	1	1	1	1	1	0	1	1	1	2	0	0	1	1	1	1	0	1	0	0	1	0	2	1	0	2	1	0	1	1	1	1	0	0	1	1	0	0	1	1	0	0	0	0	0	0	1	0	0	0	0	1	0	1	2	1	1	0	0	0	1	0	1	0	0	0	0	0	0	0	0	2	0	0	2	0	1	0	0	0	0	1	0	2	0	0	0	1	1	0	0	1	0	2	1	0	1	1	0	
1	1	0	0	1	0	0	0	0	1	1	1	1	0	2	1	1	1	0	1	1	1	2	0	1	0	1	1	0	1	0	1	2	1	1	1	1	0	0	1	0	2	1	1	0	0	1	0	1	1	1	1	0	2	1	0	2	0	0	1	1	1	1	0	2	0	1	1	0	1	1	0	0	1	0	0	0	1	0	1	0	1	0	0	0	1	1	0	0	0	0	0	1	0	1	0	0	0	0	1	
0	1	0	1	0	1	0	0	1	0	0	1	1	0	1	0	1	0	0	1	1	0	0	0	0	1	0	1	0	0	2	0	1	1	0	1	1	0	0	1	0	0	0	1	1	0	0	2	0	0	1	0	1	2	0	1	1	0	1	0	0	0	0	0	1	0	1	1	1	1	1	0	0	1	0	0	0	1	0	0	2	1	1	1	1	0	0	0	0	1	1	0	0	2	0	1	0	0	1	2	
0	1	1	1	0	0	1	1	1	1	1	0	0	0	2	2	0	0	0	1	0	0	1	0	1	0	2	0	1	0	2	0	1	0	1	1	0	0	0	0	0	1	0	0	1	1	0	2	1	0	0	0	1	0	0	0	0	1	1	0	2	1	2	1	1	1	0	0	0	1	1	1	2	0	0	1	0	1	1	1	0	0	1	0	0	0	1	1	1	0	1	1	0	0	0	1	0	1	1	1	
0	0	0	1	1	0	0	1	0	0	1	0	1	0	1	2	0	0	1	0	1	1	0	2	0	1	1	0	1	1	0	1	1	0	0	1	0	1	0	1	0	0	1	0	0	1	0	0	0	1	1	0	0	0	1	0	0	1	2	1	0	1	0	2	1	1	1	0	2	1	1	1	1	1	0	1	0	0	1	0	1	0	1	0	0	1	0	0	0	0	0	1	1	1	1	2	0	0	0	0	
0	1	0	1	1	1	0	2	0	0	2	1	1	0	1	1	1	0	1	1	0	1	0	1	1	1	1	1	0	0	0	1	0	0	1	0	2	0	0	1	0	0	0	1	1	0	1	0	0	1	0	0	1	2	1	0	1	1	1	1	0	1	0	1	0	0	1	0	1	0	1	1	0	1	1	1	0	1	0	0	0	0	1	0	2	1	0	1	1	0	0	0	0	0	1	0	0	2	1	0	
0	0	0	0	0	0	0	0	0	1	1	1	0	0	0	0	0	1	1	0	0	0	0	0	1	0	1	0	1	0	1	0	0	1	1	0	1	1	1	0	1	1	1	1	0	1	1	1	0	1	1	1	1	1	0	1	0	0	1	2	1	0	0	1	1	1	1	1	0	1	0	0	0	1	1	1	0	0	0	1	0	0	1	0	1	1	0	1	0	1	0	0	0	0	2	1	1	0	1	1	
0	1	1	0	0	0	0	1	0	2	0	0	0	0	1	0	0	1	0	0	1	1	1	1	1	0	0	1	0	0	0	0	0	1	0	0	1	1	1	0	1	1	2	2	0	0	1	0	1	0	1	0	0	0	0	1	2	0	2	1	1	0	0	0	1	0	0	0	1	0	0	1	0	1	1	1	1	1	0	0	0	1	1	1	0	1	0	0	2	2	1	0	0	1	1	1	0	0	0	1	
1	0	1	1	0	0	0	1	1	0	1	0	1	0	0	0	0	0	0	0	1	0	0	0	0	1	1	1	1	1	1	0	0	1	1	1	0	1	1	1	0	0	1	0	1	1	0	0	0	1	0	1	1	0	1	0	0	1	0	0	1	1	0	0	0	0	1	2	0	0	2	0	0	1	1	0	0	0	1	1	0	1	0	0	2	1	1	0	0	0	0	0	0	1	0	0	1	0	2	0	
0	0	0	1	2	0	1	0	1	1	0	0	0	1	1	0	0	0	0	1	0	1	0	1	0	2	0	0	0	0	0	0	0	1	1	1	1	1	1	0	1	0	1	0	1	0	1	2	2	1	0	0	0	0	1	1	1	0	0	2	1	2	0	1	1	1	0	0	0	1	1	1	0	0	0	0	0	0	0	0	0	0	0	0	1	1	1	1	0	0	1	1	2	0	1	1	0	1	1	0	
0	2	0	1	1	1	1	0	2	1	1	0	1	0	1	0	0	1	0	1	1	1	0	0	0	0	1	0	1	1	0	1	1	0	0	1	0	1	1	1	1	0	1	1	0	1	0	2	0	0	0	0	0	0	0	1	1	0	1	0	0	0	0	1	0	1	0	1	0	0	0	1	1	0	2	2	1	0	2	1	1	0	1	2	0	1	0	1	1	1	0	0	1	1	1	0	1	1	0	0	
0	1	0	0	1	1	0	1	0	0	0	0	0	0	1	0	1	0	1	0	1	2	0	0	0	0	1	0	2	2	0	1	0	0	1	1	0	0	1	0	2	0	0	0	0	2	1	1	0	2	1	1	0	1	1	1	0	1	1	1	0	0	1	0	1	0	1	0	2	1	0	0	1	0	1	1	0	0	2	0	0	1	1	1	1	0	0	0	1	0	1	1	0	1	1	0	2	0	0	1	
0	1	0	0	1	0	0	0	1	0	1	0	1	1	0	1	1	1	0	1	2	1	1	0	1	1	0	1	1	0	0	1	1	1	0	0	1	1	0	0	0	0	1	0	0	0	0	1	1	1	0	0	0	1	1	0	0	0	0	0	0	2	1	0	0	1	0	0	0	0	0	1	1	0	1	1	1	2	1	0	1	0	0	1	0	0	0	1	1	0	0	0	1	0	0	1	0	0	1	0	
0	1	0	0	1	1	0	1	1	2	0	1	0	1	0	0	1	0	1	1	0	0	1	1	0	1	1	0	1	1	0	1	0	0	0	1	0	1	1	1	0	0	0	0	0	0	1	0	1	0	1	1	2	0	0	1	0	1	0	0	0	2	0	1	0	1	0	1	0	0	1	1	2	0	0	0	2	1	1	1	2	1	1	2	0	0	1	0	1	1	1	0	0	0	0	1	0	0	0	0	
0	2	0	0	1	0	1	0	1	0	1	1	0	0	2	1	0	0	0	0	0	0	0	2	1	1	1	1	0	0	0	0	0	0	1	0	1	0	1	0	2	0	0	1	0	0	0	1	1	0	0	1	1	1	1	1	1	1	2	1	1	0	0	0	1	1	0	0	0	2	1	0	1	1	1	2	0	0	0	1	0	0	0	1	1	1	1	1	1	1	0	2	1	1	0	0	1	1	2	1	
1	1	1	0	2	1	0	2	1	0	1	0	0	0	1	0	0	1	1	0	0	0	1	0	1	0	2	2	1	2	1	0	0	1	0	1	1	1	0	0	1	0	0	0	0	0	0	1	1	1	0	0	0	0	1	0	1	0	2	1	2	1	1	1	0	1	0	1	1	1	1	0	0	1	0	1	0	0	0	0	0	1	0	1	1	0	1	2	1	0	1	1	0	2	1	1	0	1	1	0	
0	0	1	0	0	1	1	1	1	1	1	0	1	0	1	1	0	0	1	1	1	0	1	0	0	0	1	1	1	0	2	2	1	1	0	0	1	1	1	2	1	0	1	1	0	1	1	0	1	0	1	1	2	2	1	0	0	0	0	0	1	0	1	1	0	0	1	0	1	1	1	0	0	0	0	0	1	2	1	1	0	0	0	1	1	0	0	1	1	1	0	1	0	1	0	0	1	1	1	1	
0	0	1	0	0	1	1	1	0	1	2	0	0	0	1	2	1	0	2	1	0	0	0	1	0	0	0	0	0	0	2	0	0	1	1	0	0	0	0	1	0	1	1	1	1	2	1	1	0	1	0	1	1	1	1	0	1	1	0	0	0	0	0	0	2	0	1	1	1	0	1	1	0	1	0	1	1	1	2	1	2	0	0	0	1	1	1	1	1	0	0	1	0	1	1	0	0	0	0	1	
0	0	0	1	0	1	1	1	1	1	0	0	0	0	0	0	0	1	0	2	1	0	0	0	2	1	1	1	2	0	0	1	2	0	1	1	1	0	0	2	1	0	0	2	0	2	0	0	0	0	1	1	2	0	1	0	0	0	0	1	0	0	0	0	1	1	2	1	0	1	2	0	1	0	0	0	1	2	0	0	0	0	0	1	1	0	0	1	1	0	0	0	1	0	2	0	0	2	0	0	
0	0	0	1	2	1	0	0	0	0	1	1	1	0	1	1	2	0	1	0	0	1	1	1	1	1	0	0	1	0	2	1	0	0	0	2	0	1	1	1	1	0	1	0	1	0	1	0	0	0	1	0	0	0	0	2	1	1	0	0	0	0	0	0	0	1	2	0	0	1	1	0	1	1	0	1	1	1	1	0	0	2	0	1	0	0	1	1	2	0	1	0	2	1	0	1	0	1	0	0	
0	1	0	0	0	0	0	2	1	2	1	0	1	1	0	0	0	1	0	0	0	0	1	0	1	0	0	0	1	1	0	1	2	0	1	0	0	1	1	0	0	0	1	0	0	1	1	0	0	1	0	2	1	1	0	1	1	0	1	1	1	1	1	1	0	1	2	1	0	0	1	1	1	1	0	0	1	0	0	0	0	1	0	1	2	1	0	1	1	1	2	0	0	0	1	2	0	0	1	1	
2	0	0	0	0	1	1	0	1	1	0	0	1	0	0	1	2	1	1	1	0	1	1	0	0	1	1	0	0	0	1	0	1	0	1	0	0	1	1	1	0	0	1	1	1	0	0	2	1	1	1	1	0	1	0	0	0	0	1	0	2	1	0	0	1	2	1	1	1	0	0	1	1	0	1	0	0	0	1	0	1	1	0	1	1	0	1	1	1	0	1	2	1	0	0	1	0	1	2	0	
0	1	0	1	1	0	2	0	0	1	1	1	0	1	0	0	1	0	1	0	1	0	1	0	0	0	0	1	1	1	1	1	1	1	1	1	0	0	0	0	1	1	1	1	1	1	1	0	1	0	0	0	1	1	1	0	0	1	1	0	0	0	0	1	2	0	0	0	0	0	0	1	0	1	0	0	1	0	0	1	1	0	0	0	0	1	1	2	0	2	0	0	1	0	1	0	0	2	0	0	
0	1	0	1	0	0	2	1	0	1	0	1	0	1	1	1	0	0	0	1	1	0	1	0	0	1	0	0	0	0	1	0	1	0	0	0	0	0	0	1	1	0	0	1	0	0	0	0	0	2	0	0	1	0	0	0	0	0	1	0	0	0	1	0	0	1	0	0	0	0	1	1	1	1	0	1	1	0	0	0	0	1	1	1	1	0	0	0	0	1	0	1	0	0	0	0	1	0	1	0	
1	1	1	1	0	0	0	0	1	1	1	1	2	1	0	0	0	1	1	1	0	0	0	0	0	0	1	1	0	1	0	0	0	0	1	1	1	0	1	1	1	1	1	0	1	0	1	0	2	1	1	1	1	1	1	0	1	1	1	1	0	1	1	0	0	1	2	0	1	0	0	1	0	1	2	1	1	1	0	2	2	0	0	0	1	0	1	0	0	0	0	0	1	2	2	0	0	1	0	0	
0	1	0	1	1	1	0	0	1	2	1	0	1	0	1	1	0	0	0	1	0	1	0	1	1	0	1	0	1	0	0	0	2	1	1	1	0	1	0	0	2	1	0	0	0	0	0	0	0	1	0	1	1	1	1	1	0	0	0	0	0	0	0	1	1	0	1	0	2	0	0	0	0	0	0	1	0	0	0	0	0	0	0	1	1	1	1	1	0	0	1	2	1	1	0	0	0	0	0	0	
1	0	0	0	1	1	0	0	1	0	1	1	1	1	0	1	0	0	1	1	1	0	0	0	0	1	1	1	0	0	2	1	1	1	0	1	0	0	0	0	1	1	1	1	1	1	2	0	1	0	1	2	1	1	0	0	1	0	1	0	0	0	0	0	1	0	1	1	1	1	0	2	1	1	1	0	0	0	1	0	2	2	0	0	0	1	0	0	0	1	0	0	0	0	2	1	0	0	2	1	
0	0	1	0	1	0	2	0	0	1	1	0	1	0	1	1	0	0	1	0	1	2	1	0	0	1	2	1	0	0	0	1	0	0	0	1	0	0	1	1	0	1	0	1	0	0	0	0	0	2	0	0	0	0	1	0	0	1	0	1	0	1	1	0	0	1	0	1	0	0	1	2	1	1	0	2	2	1	1	0	1	0	1	1	1	0	0	1	0	0	1	1	1	1	1	0	1	1	1	0	
0	1	0	2	0	0	1	0	1	1	1	1	1	0	0	1	1	0	1	0	2	0	1	0	0	0	2	1	0	0	1	1	1	1	0	1	0	1	1	1	1	1	1	1	1	0	0	0	1	1	1	0	0	1	0	1	1	1	0	1	1	1	1	0	1	0	1	1	1	0	0	0	2	1	0	1	0	0	1	0	0	1	1	1	1	0	0	1	1	0	2	1	1	0	0	0	0	1	0	1	
0	0	0	0	1	1	0	0	0	0	1	1	1	0	1	0	0	0	0	0	0	0	1	0	0	1	0	1	0	2	2	1	1	1	0	0	1	1	0	0	0	0	1	1	1	1	1	0	0	0	0	1	0	1	2	1	0	1	0	1	0	0	1	1	0	0	0	2	0	0	0	0	0	1	1	1	0	0	1	0	0	0	2	2	1	0	0	0	0	0	0	0	0	1	1	1	1	1	0	0	
0	2	0	1	0	2	0	0	1	1	1	1	1	1	0	0	1	0	0	0	2	0	0	0	0	0	0	1	1	1	1	1	1	0	0	0	0	0	0	0	1	0	0	1	0	1	0	1	1	1	1	1	1	0	1	1	1	0	2	2	0	0	1	1	0	2	0	1	0	1	1	0	1	1	1	1	1	1	0	0	0	1	0	1	0	1	0	0	0	0	0	1	1	0	0	0	1	0	0	1	
1	1	1	1	1	1	0	1	0	1	0	1	0	0	0	1	1	0	0	0	0	1	0	1	1	0	0	1	0	1	0	1	0	1	1	0	0	0	0	1	1	0	0	0	2	0	0	1	0	1	1	0	1	1	0	0	2	2	1	0	1	1	1	2	1	0	1	1	1	1	1	0	0	1	1	0	1	2	0	0	0	0	1	1	1	0	1	1	0	1	0	0	0	1	1	1	1	0	0	1	
1	2	0	1	0	0	0	0	1	1	0	0	2	1	1	1	0	1	1	0	0	1	1	1	1	0	0	1	0	2	1	1	1	1	1	1	1	1	0	1	0	0	1	1	1	2	0	1	2	0	1	0	1	1	1	0	1	1	0	0	1	0	0	0	1	1	1	1	0	0	0	0	0	1	2	1	0	0	0	0	0	1	0	0	1	1	2	1	0	0	0	0	1	1	1	1	0	1	2	0	
1	0	0	0	0	1	0	0	0	0	0	1	0	1	1	0	1	0	1	1	0	1	0	1	1	0	0	0	2	0	2	0	1	0	0	0	0	0	1	1	0	1	1	0	1	1	0	1	0	1	0	0	1	0	0	1	0	0	0	1	1	1	1	0	0	1	0	0	0	1	0	1	0	0	1	1	0	1	0	0	0	0	0	1	1	0	1	1	0	0	1	1	1	1	0	1	0	0	0	0	
2	0	0	1	1	0	1	1	0	0	1	0	1	1	0	0	0	1	1	0	2	0	1	0	1	0	1	2	1	0	1	2	1	1	0	0	0	0	0	1	1	1	0	1	0	0	0	1	1	1	1	1	1	0	0	0	2	1	0	1	1	1	1	1	2	2	1	0	1	2	1	0	1	1	1	0	0	1	1	1	0	0	1	1	0	2	0	0	0	0	0	1	0	0	2	1	1	1	1	0	
0	1	2	0	0	1	0	0	0	0	0	1	0	0	0	0	0	2	1	1	1	1	2	0	0	1	1	0	1	1	1	0	0	0	1	0	1	0	0	1	0	0	0	1	1	1	1	1	2	1	0	0	0	1	0	0	1	1	1	1	1	1	1	0	0	0	0	1	0	0	0	1	1	0	1	0	0	1	0	1	0	0	1	0	0	0	0	0	1	0	1	1	0	1	0	1	0	1	0	2	
1	0	2	0	0	0	1	0	0	1	2	1	0	2	0	0	1	0	1	1	1	0	0	0	0	1	0	0	0	1	2	0	2	1	1	0	1	1	0	1	1	0	1	1	1	2	0	0	1	0	1	0	1	1	1	0	0	0	0	0	1	1	1	2	1	1	0	0	1	1	0	2	0	0	0	1	1	0	1	0	0	0	0	1	0	0	0	0	1	0	1	0	0	1	0	0	1	1	1	1	
0	1	0	0	1	1	0	0	0	1	1	1	0	0	1	0	1	0	1	0	1	0	1	0	0	0	1	0	0	1	1	1	1	0	0	1	1	1	0	0	0	0	2	0	0	1	1	0	0	1	0	0	0	1	1	0	0	0	0	0	0	2	1	1	1	1	0	1	0	0	0	0	0	0	1	0	1	1	0	1	1	0	0	0	2	0	1	1	1	1	0	0	1	1	1	1	0	1	1	0	
2	0	2	0	1	0	0	1	1	0	1	1	1	0	1	1	0	1	1	1	1	0	0	1	0	0	0	0	1	0	0	1	0	0	1	1	1	0	0	1	1	0	0	1	0	0	1	0	1	2	1	0	1	0	0	1	0	0	2	2	0	0	0	2	1	0	0	1	1	1	0	1	0	0	0	0	1	1	1	1	0	1	0	0	0	0	1	0	1	0	0	0	0	1	0	0	0	1	1	1	
0	0	0	0	1	0	0	0	0	0	1	0	1	1	0	1	1	1	1	1	1	0	1	1	1	1	1	0	1	1	1	1	0	1	0	1	0	1	0	0	1	0	0	0	0	0	1	0	1	1	1	1	0	1	2	1	0	0	1	0	0	0	1	1	1	1	1	0	2	0	1	1	2	0	1	1	0	1	0	2	1	1	1	0	2	1	0	0	1	2	2	2	2	0	0	1	1	1	1	0	
1	0	1	1	1	1	0	0	1	1	0	0	1	1	0	0	1	0	0	1	0	0	0	1	1	0	0	0	0	1	0	0	1	1	1	0	1	0	1	1	1	0	0	1	1	0	1	0	0	1	1	0	0	0	1	0	0	2	2	1	1	0	1	1	0	1	1	1	1	0	1	0	1	0	0	1	0	0	0	1	0	1	0	1	1	0	1	0	0	1	2	1	1	0	0	2	2	1	0	0	
0	1	0	0	1	0	0	1	0	0	0	1	1	1	1	0	0	1	1	0	1	1	0	0	0	0	1	0	1	1	1	0	0	2	1	0	1	1	1	1	0	0	0	0	0	1	1	0	0	1	0	1	0	1	0	0	1	1	1	0	1	1	0	0	0	0	0	0	1	2	0	0	0	0	1	0	0	1	0	1	2	0	1	1	0	0	1	0	0	0	0	0	2	2	1	1	0	0	1	1	
0	0	1	1	2	0	0	2	0	1	1	0	0	0	1	1	0	0	0	0	1	1	0	2	0	1	1	2	0	0	0	1	1	1	0	1	1	2	0	1	1	0	0	1	0	0	1	0	0	0	0	0	2	1	0	1	0	0	1	0	1	0	1	1	0	0	0	1	1	2	0	1	1	1	0	0	2	0	1	1	0	1	0	0	2	1	0	1	0	1	0	1	0	0	1	0	1	1	1	0	
2	0	0	0	0	0	2	0	0	1	0	2	0	1	1	1	0	0	1	0	1	0	1	1	1	1	1	0	1	0	1	1	0	1	0	1	0	0	1	1	1	0	0	1	1	0	0	1	0	0	1	0	1	1	1	0	0	1	0	1	1	0	1	1	0	1	1	1	0	0	1	0	0	1	1	1	0	2	1	1	1	1	1	0	1	2	0	0	0	0	1	1	1	0	1	0	1	0	0	1	
1	1	1	0	1	1	1	0	1	1	1	0	1	1	1	0	0	0	0	1	0	1	0	1	0	1	1	1	1	0	1	2	0	1	1	2	0	1	1	1	1	1	0	1	1	0	1	1	0	0	0	0	0	0	0	0	0	0	1	0	1	1	1	1	0	2	0	0	1	1	0	0	1	1	0	1	0	2	1	1	0	1	1	0	1	1	0	0	0	0	1	1	1	0	1	1	0	2	1	0	
1	0	1	1	0	1	1	0	0	1	0	1	1	0	0	1	0	1	1	1	1	1	1	1	0	1	1	2	0	1	1	0	0	0	0	2	0	0	0	1	1	0	1	0	1	0	1	1	0	0	0	0	0	1	0	0	0	1	0	0	0	0	1	1	1	0	0	0	1	0	0	1	0	1	2	0	0	0	0	0	1	0	1	0	1	0	1	2	0	1	1	1	0	1	0	0	1	0	0	1	
0	1	1	1	1	0	0	1	1	1	1	1	0	0	1	0	1	1	0	1	1	1	1	0	1	1	0	0	1	2	1	0	1	1	1	0	0	0	0	0	0	0	1	1	0	0	1	1	1	0	1	0	1	0	0	2	0	0	1	1	0	0	2	0	0	0	1	2	1	0	0	1	1	1	1	0	0	0	0	2	0	0	0	0	0	2	0	1	0	1	0	1	1	0	0	1	1	0	1	0	
0	1	1	0	0	1	0	1	1	1	1	0	0	1	1	1	0	1	0	1	1	1	0	1	0	0	1	2	1	0	1	1	1	1	0	2	1	1	0	1	2	1	0	1	0	0	1	0	1	0	0	0	1	0	0	0	1	0	0	1	0	0	1	0	1	1	0	1	1	0	1	1	0	1	1	1	0	1	1	1	0	0	1	1	1	0	0	0	1	1	0	1	0	1	1	0	0	0	0	1	
1	1	2	0	0	2	0	0	2	1	0	1	1	1	1	1	1	1	0	2	0	1	0	0	1	0	1	0	1	0	0	2	1	1	1	2	1	0	1	1	0	1	1	0	1	0	0	0	1	1	0	1	0	1	1	0	1	0	2	0	0	0	1	0	0	1	0	1	0	1	1	0	1	0	1	1	0	1	0	0	0	1	2	0	1	0	0	0	0	0	1	1	0	1	0	1	1	0	1	0	
1	1	0	1	0	1	0	1	0	0	0	0	1	1	0	0	0	1	0	0	0	0	2	1	1	1	1	1	0	1	0	0	0	0	1	1	1	0	0	0	0	0	0	2	0	0	2	0	1	0	1	1	1	0	2	1	0	0	0	0	1	0	1	1	1	1	1	1	1	0	1	1	0	0	0	1	1	1	0	1	0	1	2	0	0	1	0	0	1	1	1	0	0	1	0	0	0	1	1	0	
2	0	0	1	1	1	1	1	0	1	0	1	1	1	0	1	0	0	1	2	1	2	0	1	1	1	0	2	0	1	1	1	1	0	0	1	1	1	1	2	0	1	1	0	2	0	0	0	1	0	0	1	0	0	0	0	0	1	0	0	1	0	0	2	1	0	1	1	0	0	1	0	0	1	0	0	1	1	1	0	1	1	1	0	0	1	0	1	0	0	0	1	0	0	2	0	0	1	0	1	
0	1	1	0	0	0	1	1	0	1	1	0	0	2	0	0	0	0	0	1	1	1	0	0	1	1	0	0	1	0	0	1	1	1	0	1	0	0	0	0	0	1	0	1	1	1	1	0	0	0	1	0	1	0	0	1	1	0	1	2	1	0	0	1	0	0	1	0	0	0	1	1	1	2	2	0	0	1	0	1	0	1	0	0	1	0	1	1	0	0	1	0	1	1	1	0	1	0	0	0	
1	0	2	0	0	0	1	2	0	2	1	1	1	2	2	1	0	0	0	1	1	0	1	1	0	1	0	0	0	1	1	0	1	0	0	1	0	0	0	1	0	0	1	0	0	0	0	0	1	1	1	0	0	1	2	0	0	0	1	1	0	1	0	1	0	0	1	0	0	1	0	0	0	0	0	0	0	2	1	0	1	1	1	1	1	1	1	0	0	1	0	1	0	0	0	0	1	0	0	1	
0	0	0	2	0	1	1	1	0	0	0	0	0	1	1	2	1	0	0	0	0	1	0	0	0	1	0	0	0	1	0	1	0	1	0	0	0	0	0	1	0	0	0	1	2	0	0	1	1	0	0	0	0	1	0	1	0	1	1	0	1	0	1	0	0	1	0	0	0	0	1	0	1	1	0	1	0	0	0	0	1	0	0	1	1	0	1	0	0	0	0	1	0	0	1	1	1	0	1	1	
1	1	2	1	1	0	1	1	0	0	0	0	1	0	0	1	1	1	0	1	0	0	0	1	1	1	1	2	0	1	1	1	1	2	0	2	0	0	1	0	1	0	0	1	1	1	1	0	0	0	1	0	0	0	1	1	0	0	0	0	0	0	0	1	1	0	0	1	1	0	0	2	1	0	0	0	1	1	0	0	1	0	1	1	1	0	1	0	0	1	0	1	1	0	0	0	0	1	0	0	
1	0	0	1	0	0	0	1	0	2	0	1	0	2	0	0	1	1	1	2	0	2	0	0	1	1	2	0	1	1	1	0	1	0	0	2	0	1	1	1	1	0	1	1	0	0	0	1	2	0	0	0	1	1	0	0	0	0	2	1	1	1	0	0	0	0	0	1	1	0	1	0	1	1	0	0	0	0	0	0	0	1	1	1	0	0	1	1	0	1	0	1	0	0	1	1	0	0	1	0	
0	1	1	0	1	0	0	0	1	0	1	1	0	1	1	1	0	2	1	0	1	2	1	1	0	1	0	1	2	1	0	0	0	1	0	1	1	0	0	1	1	0	0	1	1	0	0	1	1	0	0	0	1	0	0	0	0	0	1	1	0	1	0	0	0	1	0	1	1	1	1	0	0	1	0	0	0	0	2	0	1	0	0	0	0	0	0	0	2	0	0	0	0	0	1	0	1	1	0	0	
0	2	0	1	1	1	2	1	1	0	2	1	1	1	0	0	0	1	1	1	1	1	1	0	0	2	1	1	0	1	1	1	1	2	0	1	2	1	0	1	0	0	1	1	0	0	0	0	0	0	0	0	1	1	0	1	1	1	1	1	0	1	1	1	0	2	0	0	0	0	1	1	0	1	1	0	0	0	0	0	1	0	0	0	0	0	1	0	1	0	1	1	0	1	1	0	2	1	1	1	
1	0	0	1	0	1	0	0	0	1	1	0	0	0	0	0	1	0	1	0	1	0	0	0	0	1	0	0	0	0	1	2	0	1	1	0	1	1	1	1	1	1	0	1	0	2	0	0	0	0	0	1	1	1	2	1	1	0	0	0	0	1	0	1	0	2	0	0	1	0	0	0	0	1	1	0	1	0	0	0	1	0	0	1	2	0	1	0	0	1	0	0	1	1	1	0	1	0	0	1	
0	0	1	0	0	1	0	1	0	0	2	1	0	0	0	0	0	0	1	1	0	0	0	0	2	1	0	1	1	1	0	1	0	0	0	1	0	0	0	0	0	1	1	0	1	0	0	1	0	2	1	0	1	0	0	1	1	1	0	0	0	1	0	0	0	1	0	1	1	0	1	0	1	0	0	1	1	0	0	0	0	0	0	0	1	0	1	0	1	0	1	0	0	0	0	1	1	0	1	0	
0	2	0	1	1	1	0	1	1	2	0	1	1	1	0	0	0	0	0	0	1	0	1	0	0	1	1	0	2	1	1	0	0	0	1	0	0	0	1	0	0	0	1	1	2	0	1	0	0	1	0	1	1	0	1	1	1	0	0	0	0	1	1	1	2	1	0	0	0	0	1	1	1	0	0	0	1	0	0	0	0	1	1	1	1	1	1	0	1	0	0	0	1	0	1	1	0	1	0	0	
1	1	1	1	0	0	1	0	1	0	0	0	1	0	0	1	1	0	0	2	1	0	0	1	0	0	0	0	1	1	1	0	0	0	1	0	0	1	0	1	0	0	0	1	0	1	1	0	0	0	0	1	1	0	0	1	1	0	0	2	0	1	2	1	1	0	0	1	0	1	2	0	1	1	0	1	1	0	0	2	2	1	2	1	1	1	0	0	0	0	1	0	0	1	0	2	1	0	1	0	
1	0	0	1	0	1	1	0	0	1	0	0	0	0	2	1	1	0	1	1	0	0	1	2	0	1	0	0	1	1	0	1	1	1	0	0	1	1	0	0	0	1	0	0	1	2	1	1	0	1	2	0	1	0	0	1	1	1	0	0	1	0	1	0	0	0	1	2	1	0	2	2	1	1	0	1	2	0	1	0	0	1	1	1	0	1	1	1	0	2	1	1	0	0	0	0	0	1	1	1	
1	0	0	1	1	0	1	1	1	1	0	1	1	2	1	0	0	1	0	1	1	0	0	1	0	0	0	0	0	0	0	0	0	0	2	1	1	1	0	0	2	1	0	0	1	0	0	1	0	0	1	1	0	1	0	0	1	0	1	1	1	0	0	1	1	0	2	1	0	0	0	1	0	1	1	0	2	1	0	0	1	1	0	1	1	1	0	2	0	0	1	1	0	1	0	1	1	0	0	0	
0	1	1	0	2	2	1	0	0	1	0	0	1	1	0	1	0	1	1	0	1	1	0	1	1	0	1	0	1	1	0	0	1	1	1	0	0	1	2	2	2	0	1	2	1	1	0	0	0	0	1	1	1	0	0	1	1	0	0	1	1	1	0	1	1	1	0	1	0	1	0	0	0	1	2	0	2	1	0	1	0	0	1	0	0	0	2	0	1	1	2	0	1	0	1	0	0	0	1	2	
1	1	1	1	1	1	0	1	1	0	1	0	1	1	0	2	0	1	1	1	0	1	1	0	1	1	1	0	1	0	1	0	0	1	0	0	2	0	2	1	0	1	1	0	0	0	0	1	1	0	1	1	0	1	1	0	1	0	2	0	1	1	0	1	1	1	1	1	0	1	0	0	0	2	1	1	0	0	0	1	1	1	0	1	0	1	1	0	0	1	0	1	0	0	2	0	0	1	1	0	
1	1	0	0	1	1	1	0	1	1	0	1	1	1	0	1	1	0	1	1	1	0	0	1	1	0	0	0	0	0	1	2	0	1	0	0	1	1	1	0	2	0	0	0	0	2	0	1	1	1	1	0	0	1	0	0	1	1	0	1	0	1	0	0	0	1	1	1	1	1	0	1	1	0	0	0	1	0	0	1	0	1	1	0	1	0	0	1	1	0	0	0	1	1	0	0	0	0	0	0	
2	1	1	0	0	1	0	2	0	0	0	0	0	1	0	0	1	0	0	0	1	1	1	1	0	0	0	0	0	1	0	1	0	0	2	2	0	0	0	1	0	1	1	0	0	1	0	1	1	1	1	0	0	0	1	1	0	1	0	1	0	0	1	0	1	1	0	1	1	0	0	1	0	0	1	1	0	1	1	1	1	0	0	1	0	1	0	0	0	1	0	0	1	0	0	1	0	1	1	0	
1	1	1	0	0	2	1	0	0	1	0	0	0	1	0	0	0	0	0	0	0	1	0	0	0	0	0	0	1	0	0	0	1	0	1	1	0	1	0	0	0	0	1	0	0	1	1	0	0	0	1	0	0	1	1	1	0	0	1	1	1	0	0	1	1	0	1	1	1	1	0	0	1	0	1	1	1	1	0	1	0	0	1	1	1	0	0	1	0	0	1	1	0	1	0	0	0	1	0	0	
0	0	0	2	1	2	1	0	1	0	0	1	0	1	1	2	1	1	1	0	0	0	0	0	0	0	2	1	0	0	0	1	0	0	0	0	1	0	0	1	1	0	0	0	0	0	0	0	0	0	0	1	0	0	0	0	0	1	1	0	1	1	0	1	1	1	0	0	1	0	1	0	0	1	1	1	1	0	0	0	1	0	0	1	0	2	0	1	1	1	1	1	0	1	0	0	1	1	0	1	
2	0	1	0	0	0	0	1	0	0	1	1	1	2	1	2	0	0	0	1	0	0	0	1	1	0	0	1	1	0	1	1	0	0	1	1	2	0	0	1	1	1	1	0	2	1	0	0	1	0	1	0	1	0	0	0	1	1	2	1	0	1	0	2	0	1	0	1	0	0	0	1	0	1	1	0	1	1	0	1	1	1	0	1	0	1	0	0	1	1	1	0	0	0	1	0	1	0	0	2	
0	0	1	0	0	1	1	1	0	0	1	0	0	1	1	1	1	1	0	0	1	0	1	1	0	1	0	0	1	1	2	1	1	1	0	1	1	0	1	1	1	0	1	1	0	0	0	2	1	0	2	0	0	1	0	2	1	1	0	1	0	0	0	1	0	1	1	0	1	0	0	0	0	0	0	1	0	0	1	2	2	1	2	0	0	0	1	0	1	1	1	1	1	0	0	0	0	1	0	1	
1	1	0	1	0	1	1	1	1	1	0	0	0	0	0	0	0	0	1	1	0	0	0	1	2	0	0	1	0	1	0	1	1	0	0	0	0	2	0	0	1	1	1	1	2	0	0	0	1	0	1	0	1	0	1	0	1	1	2	0	0	1	1	1	0	0	1	0	2	0	0	0	0	0	2	1	1	0	1	1	0	0	1	1	0	0	1	0	1	1	0	0	1	1	0	0	0	1	0	0	
0	1	1	0	0	0	1	1	2	0	0	0	1	0	1	1	0	1	0	0	1	1	0	0	0	1	0	0	0	0	0	0	2	1	1	2	0	0	0	1	0	0	0	2	2	1	0	1	0	1	0	1	1	0	0	1	0	1	1	0	2	1	0	0	1	1	0	1	1	0	1	0	2	1	0	1	0	0	0	1	1	1	1	1	1	2	0	1	0	0	0	0	0	0	1	1	0	1	0	1	
0	0	1	1	0	0	1	1	0	0	1	0	0	0	0	1	0	1	1	1	1	0	0	0	1	1	0	2	1	0	0	0	0	1	1	1	1	0	0	0	1	0	1	1	2	0	1	0	1	0	0	0	0	0	1	0	1	1	0	0	1	1	0	1	0	1	0	1	0	0	0	1	1	0	0	0	0	1	0	0	1	1	0	2	0	1	0	0	0	1	1	1	1	1	1	0	0	2	1	1	
0	1	1	1	0	1	2	1	1	1	1	1	0	0	0	1	0	0	1	2	0	2	1	0	0	0	1	0	1	2	0	1	0	0	1	0	1	1	0	1	0	0	1	1	0	1	0	0	1	0	0	2	1	0	0	1	1	1	1	0	0	0	0	1	1	0	0	0	1	1	1	0	0	0	1	1	2	1	1	2	1	0	1	0	1	0	0	0	1	1	2	2	0	1	0	0	1	1	0	2	
0	1	1	0	0	2	0	0	1	0	0	1	0	1	0	0	0	1	0	1	1	1	0	1	0	0	1	1	0	1	0	1	1	0	1	0	1	0	1	0	0	0	2	0	1	1	1	0	1	0	0	2	0	1	2	1	1	0	1	1	2	0	0	0	0	1	0	0	0	0	1	0	1	1	1	0	0	1	0	1	1	1	1	1	1	1	0	1	0	0	0	2	0	0	0	0	0	1	0	0	
2	1	0	1	1	1	2	0	0	1	0	0	1	1	0	0	1	1	1	0	1	0	0	1	0	1	1	0	0	0	0	1	1	1	1	1	0	0	0	0	0	0	1	0	1	1	1	1	0	0	0	1	0	1	1	0	1	1	1	1	1	2	0	0	1	1	1	1	0	1	1	1	2	0	0	1	0	1	0	0	1	0	1	0	2	0	1	0	1	1	0	1	0	1	0	0	1	0	0	0	
1	1	1	1	1	2	1	0	0	1	1	0	0	1	1	0	1	1	0	1	0	0	1	0	1	0	0	1	0	0	0	1	0	0	0	1	1	0	1	0	1	1	0	0	0	0	0	1	1	0	0	1	1	0	0	1	1	0	1	1	0	0	1	0	0	0	1	0	0	1	0	0	1	0	1	1	0	1	0	1	1	0	0	0	1	1	1	0	1	1	0	1	1	0	0	0	0	1	2	0	
0	1	1	0	1	1	0	0	0	2	0	0	0	1	1	0	1	0	0	1	0	0	1	0	0	1	1	1	1	0	1	1	1	0	1	0	0	1	1	0	1	1	1	1	1	1	0	0	1	0	1	1	0	1	0	0	1	0	0	0	1	0	1	2	1	2	1	2	0	0	1	0	1	1	0	1	2	1	0	1	0	0	1	1	1	0	1	1	1	1	1	1	0	1	0	0	2	1	1	1	
2	1	0	1	1	1	0	0	2	2	0	0	2	2	0	0	1	0	1	2	1	0	0	1	1	1	0	0	2	1	0	0	1	0	1	1	2	1	1	2	0	2	0	2	1	0	0	1	0	1	1	0	2	0	1	1	0	1	1	1	0	0	1	1	0	1	0	0	1	1	0	1	2	2	2	0	0	1	1	0	0	0	0	0	0	1	1	0	0	0	0	2	0	1	0	1	1	0	1	0	
0	0	1	0	0	1	0	1	1	1	1	0	1	0	0	1	0	0	0	0	1	0	1	0	0	1	1	0	1	1	1	0	0	1	0	1	1	0	0	1	0	1	0	1	0	0	1	1	0	1	1	1	1	1	2	0	1	0	1	0	0	0	1	0	0	1	1	1	0	0	0	1	1	1	0	0	0	1	0	0	0	0	0	1	0	0	2	0	0	1	0	0	0	1	1	1	0	1	1	1	
0	0	0	1	2	1	1	1	0	0	2	1	1	0	1	0	0	0	0	1	1	1	0	1	1	0	0	0	1	0	1	0	1	1	0	1	0	0	0	1	1	1	0	0	1	2	1	0	1	0	0	1	1	0	0	0	0	0	0	0	0	0	0	0	0	1	0	1	0	2	1	1	1	0	1	0	0	0	0	1	0	0	1	0	1	0	0	1	1	0	1	1	1	1	0	0	1	0	0	2	
1	0	0	0	0	0	0	1	1	1	0	0	0	2	0	1	1	1	1	2	1	0	0	0	0	1	0	0	1	0	0	1	0	1	1	0	0	1	1	0	0	1	0	1	1	0	1	0	1	0	1	1	1	1	1	0	0	0	1	2	1	1	0	0	1	0	0	0	1	0	1	0	0	0	1	2	2	1	1	2	0	0	1	0	1	2	1	1	0	0	1	1	1	0	1	1	0	0	1	0	
0	1	1	1	1	0	0	1	1	1	0	1	0	1	2	0	0	0	0	2	1	0	1	1	0	0	1	1	1	1	0	1	0	1	0	1	1	1	1	0	1	1	1	1	1	0	1	0	2	0	0	0	0	1	0	0	0	0	0	0	0	0	1	1	1	0	1	0	1	2	0	1	0	0	1	2	0	0	0	0	1	0	0	1	1	0	1	1	0	0	1	1	1	0	1	0	1	1	0	1	
1	1	1	1	0	0	1	1	0	0	1	0	0	0	0	1	0	0	1	1	1	1	1	0	1	1	1	1	0	0	0	0	0	1	0	0	0	0	2	0	1	2	1	0	2	0	0	0	1	1	1	1	0	0	1	1	1	0	0	1	1	1	1	1	1	1	0	0	1	0	0	0	1	1	1	1	1	0	1	0	1	0	0	0	0	0	0	1	1	0	0	0	0	0	1	0	1	2	0	0	
0	1	1	1	1	1	2	0	0	0	0	1	0	1	1	1	0	2	0	0	0	0	1	0	1	0	2	1	0	0	1	0	0	0	1	1	0	0	0	1	0	2	0	1	1	0	1	0	0	2	0	0	1	0	0	1	1	1	1	0	0	2	0	0	0	0	1	0	1	0	0	0	0	0	0	1	1	0	2	0	1	1	1	0	0	1	1	1	1	0	0	0	0	1	1	1	1	1	1	2	
1	1	1	2	2	0	0	0	0	0	1	0	0	1	0	0	1	0	1	0	1	0	1	0	1	1	2	0	1	1	1	0	1	0	1	2	2	1	1	1	1	0	1	1	0	1	1	0	1	1	0	1	0	2	0	0	1	0	0	1	0	1	1	1	1	1	0	1	0	1	1	0	1	0	0	0	0	0	0	1	1	2	0	0	1	0	0	1	0	1	1	0	1	1	1	1	0	2	2	0	
1	0	1	1	1	1	2	0	0	0	1	1	0	1	1	0	0	0	0	1	1	0	1	2	0	1	1	1	0	1	0	0	0	0	0	0	2	1	1	0	1	0	1	1	1	0	0	2	0	1	0	0	0	0	0	0	0	0	0	1	0	2	0	1	1	0	1	0	0	1	1	1	0	0	1	0	1	0	0	0	0	0	1	1	0	2	1	1	1	0	0	1	0	1	1	1	0	0	0	0	
0	0	0	0	0	0	1	2	0	0	2	1	0	0	0	0	1	1	0	2	1	0	0	0	1	0	0	1	0	0	1	0	0	0	0	0	1	2	0	1	0	1	0	2	1	0	0	1	0	0	1	0	1	0	0	1	0	1	2	1	0	1	1	1	1	0	1	1	0	2	1	0	0	0	0	1	1	1	1	1	0	0	1	0	0	0	0	0	1	1	0	0	1	1	1	0	1	2	0	0	
0	1	0	0	0	0	0	1	1	0	0	0	0	0	1	1	0	1	0	0	2	0	1	1	0	1	0	1	0	0	1	1	1	0	1	1	0	1	2	1	0	0	0	1	1	0	0	0	1	0	1	1	0	1	1	0	0	1	0	0	1	1	2	1	0	0	2	0	0	1	0	1	0	1	0	1	0	1	1	0	0	0	0	0	2	1	0	0	2	1	1	0	0	2	0	1	0	1	1	0	
0	1	1	2	0	1	0	1	0	1	2	1	1	0	1	2	1	0	1	1	0	1	1	0	1	0	1	2	0	0	1	0	1	1	1	0	0	1	0	0	0	0	1	1	0	1	1	0	0	0	0	0	1	0	2	0	1	0	0	1	0	0	0	0	0	0	0	0	1	0	1	1	1	1	0	0	0	0	0	0	2	1	1	1	0	1	0	1	0	0	0	1	0	0	0	1	1	0	0	1	
1	0	1	1	0	1	1	1	0	1	1	0	0	0	0	1	0	0	1	1	1	0	0	0	1	2	0	0	1	0	2	1	2	0	1	0	1	0	0	0	1	0	0	0	0	0	0	1	0	2	1	0	0	0	1	1	1	0	1	2	1	1	1	0	0	1	2	1	1	1	0	0	0	0	0	0	0	1	0	1	0	1	0	1	1	1	0	2	0	1	0	0	0	0	0	1	0	0	1	0	
1	2	1	1	1	1	1	0	1	0	0	0	1	1	0	1	0	1	0	0	1	2	0	0	0	1	1	0	0	0	1	0	0	0	0	0	1	1	1	1	1	1	1	1	1	0	1	1	2	0	1	1	1	0	0	0	1	0	0	0	0	1	1	1	0	1	1	0	0	0	0	1	0	0	1	0	1	1	0	1	0	1	1	0	0	1	2	1	0	0	0	1	0	0	0	1	1	0	1	1	
2	0	1	0	0	1	1	0	2	0	0	1	2	1	0	1	1	0	1	1	1	0	2	0	1	1	1	0	1	0	1	1	0	0	1	1	0	1	0	1	1	1	0	0	0	0	0	1	0	0	0	0	1	0	0	0	0	0	0	1	0	0	1	1	0	1	1	1	0	0	1	0	1	1	1	1	0	1	0	1	1	0	2	0	0	0	0	1	0	1	0	1	0	1	0	0	2	0	1	0	
1	0	0	1	1	0	0	1	0	0	1	1	0	1	1	0	0	0	0	2	1	0	0	1	1	0	0	1	0	1	0	0	2	0	0	0	1	1	1	1	0	0	0	0	0	1	0	0	0	0	1	0	0	1	1	0	1	1	1	2	0	0	1	1	0	0	1	1	1	2	0	0	1	1	1	0	0	0	1	1	1	0	0	0	0	1	1	0	0	1	1	0	1	0	0	1	0	1	2	0	
0	0	0	0	0	0	1	1	1	1	1	0	1	0	1	1	1	0	0	0	0	1	0	0	1	2	1	1	0	1	2	1	0	0	1	0	1	0	1	0	1	0	0	1	1	1	0	1	1	0	1	1	0	0	0	0	1	0	0	1	1	1	0	1	1	1	0	0	0	1	0	0	0	1	0	2	0	0	1	0	0	2	1	0	1	1	1	0	1	1	0	0	1	1	0	0	1	0	1	1	
0	0	0	0	1	1	0	1	0	0	0	0	1	1	0	0	0	1	0	0	1	1	0	1	1	1	1	0	0	0	0	0	0	0	1	1	1	0	1	1	2	1	1	0	0	1	0	0	0	0	0	0	1	0	0	1	1	1	1	1	0	1	0	0	0	0	2	0	0	0	0	1	0	0	0	1	1	2	1	1	0	0	0	1	0	1	0	1	0	0	1	0	0	1	0	1	0	0	0	0	
1	0	1	1	1	0	1	0	1	0	1	1	1	1	1	1	0	1	0	1	0	1	1	0	0	1	1	1	1	0	1	2	0	1	0	0	1	0	1	0	1	0	1	0	0	1	0	0	0	1	1	0	0	1	0	1	1	0	1	0	1	0	1	0	0	0	2	1	1	0	2	1	1	1	0	1	0	0	1	0	1	0	1	1	0	1	0	1	0	0	2	0	1	1	0	1	1	1	0	0	
0	0	1	1	1	1	0	0	1	0	1	0	0	0	0	1	0	0	1	0	0	0	1	0	1	1	0	0	1	0	1	1	0	1	0	0	1	1	1	1	0	0	2	0	0	1	0	1	0	1	1	0	0	1	0	0	2	0	0	0	2	0	1	1	0	1	0	1	1	0	1	2	0	0	2	2	1	1	1	0	1	0	1	0	1	2	0	0	0	0	0	0	2	1	1	1	0	1	1	1	
1	0	1	0	1	0	1	0	1	1	1	2	1	0	1	1	0	1	0	1	0	0	0	1	1	1	1	0	2	1	0	1	0	0	1	1	1	1	0	0	1	1	0	1	2	0	1	0	1	0	0	0	0	1	1	1	0	0	0	1	0	1	1	0	0	0	1	1	1	2	0	0	1	1	0	1	0	0	1	1	1	0	0	0	0	1	1	0	0	0	0	1	1	0	0	0	0	0	0	0	
0	1	1	1	0	0	1	0	0	1	1	0	1	1	1	0	1	0	0	0	1	0	0	0	1	1	0	0	1	1	2	0	1	1	1	0	0	1	0	1	1	0	0	1	1	1	0	0	2	1	1	1	0	1	1	0	0	0	1	0	2	0	0	0	1	0	2	0	0	0	0	1	1	1	0	1	1	0	1	0	1	1	0	1	0	1	1	1	1	1	0	0	0	0	1	0	0	0	0	1	
1	1	1	1	1	0	1	0	2	0	2	0	0	1	1	1	0	0	0	0	0	1	1	0	2	0	1	2	0	0	0	0	1	0	0	1	0	0	1	2	0	0	1	0	1	0	2	0	0	0	2	0	0	2	0	1	1	1	1	1	0	1	1	0	0	1	1	0	0	1	1	1	0	0	1	0	0	0	0	1	1	0	1	0	1	0	1	0	0	0	2	1	0	0	1	0	0	1	0	1	
1	1	1	1	1	1	0	1	0	0	0	1	0	2	0	1	0	0	1	1	0	0	0	1	1	1	0	1	0	1	0	0	0	0	1	0	1	1	2	1	2	0	1	2	0	1	1	1	1	1	0	2	1	0	1	0	0	1	1	0	0	0	1	1	0	0	0	2	0	0	0	1	0	1	1	1	1	2	0	1	1	0	1	1	1	1	1	0	1	0	1	1	0	1	1	1	1	1	0	1	
1	0	0	1	1	0	1	0	1	1	0	1	0	1	2	0	0	1	0	1	1	1	1	0	0	1	0	0	0	1	0	0	0	0	1	0	0	0	0	0	1	1	1	0	0	0	0	0	0	0	0	1	0	0	0	0	1	1	1	2	1	1	0	2	0	1	0	0	1	1	1	1	0	1	0	1	0	0	0	2	0	0	0	1	0	1	0	1	1	0	0	0	0	0	0	0	1	1	1	0	
0	0	0	2	1	1	1	0	0	0	0	0	1	0	1	1	0	0	1	0	0	0	0	1	0	0	0	0	0	1	2	0	1	1	0	0	1	1	0	1	1	1	1	1	1	1	1	0	1	1	1	1	1	0	0	0	1	0	0	0	1	0	0	1	0	0	0	1	0	0	0	0	1	0	0	0	0	1	1	0	0	1	1	0	1	0	0	1	0	0	0	1	0	0	1	0	0	1	0	1	
0	1	0	1	0	1	0	1	1	0	0	1	1	1	0	2	0	0	1	0	0	0	2	1	1	0	0	0	0	0	1	0	2	2	1	0	1	0	1	1	0	0	1	1	0	0	1	0	1	1	0	1	1	0	1	2	1	0	0	0	1	0	1	1	0	0	1	1	2	1	0	0	1	0	1	0	0	1	1	0	1	1	0	0	1	0	1	0	0	0	1	0	0	1	0	1	0	2	0	0	
0	1	0	1	0	0	0	0	0	1	0	0	0	0	1	0	1	1	0	2	1	0	1	0	0	1	1	0	1	1	0	0	0	0	0	0	0	0	0	0	1	0	0	0	0	0	1	0	1	1	1	1	0	0	0	0	0	2	0	0	1	0	1	1	1	1	1	2	0	0	0	1	0	1	1	0	0	1	1	0	1	2	1	1	2	2	2	2	2	0	1	0	1	1	1	0	0	2	2	0	
2	0	0	0	2	0	1	1	0	1	0	1	0	0	0	0	0	1	2	1	2	0	1	1	1	0	0	0	1	0	0	0	0	2	0	1	1	1	1	0	0	0	0	1	1	1	0	0	1	0	0	0	1	0	0	1	0	0	0	1	1	1	1	2	0	0	1	0	0	2	1	2	0	0	1	1	0	1	0	1	0	0	1	2	0	1	1	0	1	1	0	0	1	0	2	0	1	0	1	1	
0	1	1	1	0	1	1	0	0	1	0	1	0	1	1	0	1	1	1	1	1	1	1	0	0	1	1	1	1	2	1	2	1	0	1	2	0	0	1	0	1	0	0	2	1	0	0	1	1	0	1	2	0	0	1	0	1	0	0	0	1	0	0	1	1	2	0	0	2	2	2	1	0	0	0	1	0	0	0	1	0	0	0	0	1	0	0	0	0	1	2	0	0	1	0	1	1	0	1	0	
0	0	1	0	0	1	0	1	1	1	0	2	1	0	0	0	0	1	0	0	1	0	2	0	1	0	1	0	0	0	1	1	2	1	2	1	1	0	0	1	0	0	0	1	1	0	0	0	0	0	0	1	0	0	1	0	1	2	1	1	0	0	1	0	1	0	1	1	0	0	0	1	1	1	1	2	0	2	1	0	2	1	0	0	1	1	0	0	0	0	1	0	1	1	1	0	0	1	0	1	
0	0	1	0	1	0	0	1	0	0	1	1	0	0	2	1	0	1	0	1	1	0	1	0	2	0	0	2	0	0	0	0	1	1	1	0	0	0	1	1	1	1	0	0	0	0	1	1	1	1	1	0	1	1	1	1	1	1	1	1	1	0	1	0	0	1	0	0	0	0	1	0	1	0	0	1	0	0	1	1	0	1	1	0	1	1	0	0	2	0	0	0	1	0	0	1	1	1	0	0	
0	1	0	1	1	0	0	1	0	0	1	2	1	0	2	0	0	0	0	1	1	0	0	2	1	0	1	2	1	1	0	1	0	0	2	0	2	1	0	0	1	0	2	1	1	1	1	1	1	0	2	1	0	0	1	1	1	1	0	1	1	1	1	1	0	1	1	1	1	1	0	1	0	1	1	0	0	2	1	1	1	0	0	0	1	1	0	0	1	1	1	0	0	1	0	0	0	0	0	0	
1	0	1	0	1	1	1	0	0	0	1	2	0	0	0	0	0	1	1	1	2	1	0	1	0	0	1	1	1	1	1	0	0	0	1	1	0	1	0	0	1	1	0	0	0	0	1	1	0	0	1	1	1	1	1	1	0	0	1	2	0	1	1	1	1	0	0	0	1	2	0	1	1	1	0	1	0	1	0	1	0	0	1	1	0	1	1	0	1	1	0	0	0	1	0	1	0	0	1	1	
1	0	0	0	1	1	0	0	0	1	1	1	2	0	1	0	1	0	0	0	0	0	0	0	2	0	0	2	1	0	0	1	0	1	0	0	1	0	0	1	0	0	0	0	0	0	1	0	1	0	1	0	1	0	0	0	2	0	1	0	2	0	0	1	0	0	0	0	0	1	1	0	1	1	1	0	0	0	1	1	1	1	0	0	0	0	1	1	1	0	0	0	1	1	1	1	1	0	1	0	
1	0	0	0	1	1	0	1	1	0	0	1	1	0	1	0	2	1	1	0	1	0	1	2	0	0	0	0	1	1	1	1	0	0	1	1	0	0	1	0	1	0	0	0	0	0	0	0	0	0	1	1	1	0	0	0	1	0	1	0	0	0	0	1	1	0	0	1	0	1	1	1	1	0	0	0	0	1	1	1	0	1	0	0	0	0	1	1	1	0	0	1	1	1	1	0	1	0	0	0	
0	0	1	0	0	0	1	0	0	1	1	1	0	0	0	0	1	1	0	0	0	1	0	0	2	0	2	1	0	0	0	1	0	0	0	0	1	1	2	0	0	0	1	0	1	0	0	0	1	0	0	0	0	1	0	0	0	0	1	1	1	0	2	2	1	1	1	2	0	0	0	1	0	0	0	0	0	1	0	0	0	0	1	1	0	1	1	1	1	0	1	0	1	0	0	2	0	0	0	0	
1	1	0	1	2	1	1	1	2	2	2	1	0	0	0	1	0	1	1	1	0	0	1	0	0	0	1	1	0	1	0	1	0	1	1	1	1	0	1	1	1	1	1	0	0	1	1	1	0	1	1	2	1	1	0	1	1	0	0	0	1	1	1	0	1	0	1	0	2	2	1	0	0	1	2	0	0	1	1	0	0	0	0	1	1	0	0	0	0	1	0	1	0	0	0	1	1	1	0	1	
0	0	0	0	0	1	1	1	0	0	0	1	0	1	0	0	0	1	1	1	0	0	0	1	1	1	0	2	0	1	0	0	1	0	0	0	1	0	2	1	1	0	0	1	0	0	0	0	0	0	2	0	0	1	2	0	1	0	0	0	1	1	1	0	1	0	1	1	1	0	0	0	0	0	1	1	1	0	1	0	0	0	2	0	1	1	1	1	1	1	0	1	0	2	0	0	1	0	2	1	
2	1	1	0	1	0	0	0	0	0	0	0	2	1	0	1	1	0	0	0	0	0	0	0	1	1	1	1	1	0	0	0	2	0	0	0	0	0	1	1	1	1	1	0	1	1	0	0	0	0	1	1	0	0	0	1	1	1	0	0	1	0	1	1	1	1	2	0	1	1	1	1	0	1	0	0	1	0	0	1	1	0	1	1	0	1	0	1	1	0	1	0	0	1	0	1	2	0	2	1	
0	0	1	1	0	0	0	0	0	0	1	0	1	1	1	1	0	0	0	1	0	0	0	0	0	1	0	1	0	1	0	1	0	2	0	1	0	0	1	1	0	0	0	1	0	0	1	0	1	1	1	0	1	0	0	0	0	0	1	0	0	1	1	2	0	0	1	0	0	2	0	0	1	0	1	0	0	1	0	1	0	1	0	1	0	0	0	1	0	1	0	2	0	0	0	0	0	1	1	2	
1	0	0	1	1	1	2	0	0	1	1	1	1	0	1	1	1	0	0	2	0	0	0	1	2	0	1	1	0	1	1	0	1	2	0	1	0	0	2	1	1	1	0	0	0	0	1	0	0	1	0	0	0	0	0	0	2	0	1	0	0	1	1	0	1	1	0	1	0	0	0	0	0	1	1	0	0	1	1	0	0	0	1	0	0	1	0	0	0	1	1	1	0	1	0	0	0	0	0	0	
0	1	2	1	0	1	0	0	0	1	0	2	1	0	2	0	1	1	2	1	1	0	2	0	0	1	1	0	0	0	1	2	0	2	1	1	0	0	1	1	0	1	1	1	1	1	2	1	1	0	1	0	1	0	0	0	0	0	2	1	0	0	1	1	0	1	0	1	0	0	1	0	1	0	1	1	0	1	1	1	2	2	0	0	1	0	0	1	0	2	0	0	1	0	1	1	1	0	0	0	
1	1	0	2	1	0	1	0	1	0	1	0	1	1	1	1	0	0	1	0	1	0	0	1	0	0	0	1	0	0	0	1	0	0	0	0	1	0	0	0	1	1	0	0	1	1	0	0	1	0	1	0	1	0	0	1	0	0	0	2	0	1	1	1	2	0	0	1	0	1	0	0	0	1	1	0	1	1	1	1	1	1	0	0	1	0	0	0	1	0	0	0	1	1	1	2	0	0	0	0	
0	1	0	1	0	0	0	1	0	1	1	0	1	0	0	0	0	1	0	0	1	1	1	1	0	0	0	0	0	0	0	0	0	1	0	0	0	1	1	0	1	0	2	0	0	1	0	0	0	0	1	1	0	0	0	0	1	0	1	1	1	0	1	0	0	1	0	1	1	0	0	0	1	1	0	1	0	0	1	0	0	0	1	0	0	0	1	1	1	0	1	1	1	1	0	1	2	1	0	1	
1	0	0	0	0	1	1	0	0	1	0	0	1	0	1	0	1	2	0	2	0	1	1	0	2	0	1	0	0	0	1	0	1	0	0	1	0	0	1	0	0	1	0	0	1	2	0	2	1	1	1	1	0	0	0	0	1	1	0	0	0	1	1	0	0	1	2	0	1	1	2	1	2	2	0	0	0	0	0	0	1	0	1	1	0	1	0	1	0	0	1	1	0	0	0	2	0	0	0	0	
0	1	1	1	0	0	1	1	0	0	1	2	0	1	1	1	1	1	1	1	0	0	0	2	0	0	0	1	0	0	0	0	1	1	0	1	0	1	1	0	0	0	1	0	0	1	0	1	1	0	0	1	0	1	1	0	1	0	2	1	2	0	1	0	0	1	0	1	1	1	1	0	0	1	1	1	1	1	1	0	0	0	0	0	0	1	0	1	1	0	0	0	1	0	0	0	1	2	1	1	
1	1	1	0	0	1	2	1	0	0	1	1	1	0	0	1	0	1	0	0	0	0	1	0	1	1	2	0	1	0	0	1	2	0	0	0	1	1	0	1	1	0	0	0	1	0	2	0	0	1	1	1	1	0	1	0	0	1	1	0	0	1	0	0	1	0	0	0	1	0	2	1	0	0	1	0	1	0	1	1	0	0	2	1	0	1	0	1	0	2	1	1	0	0	1	1	1	0	0	1	
1	1	0	1	1	0	0	0	0	1	2	0	1	1	1	1	0	0	0	0	1	0	1	0	1	1	0	1	0	0	1	0	1	1	0	0	0	1	1	0	1	1	0	0	0	1	0	0	0	0	2	1	0	1	1	0	1	1	0	1	0	1	0	1	0	0	1	0	0	1	0	1	0	1	1	1	1	0	2	0	0	0	1	1	0	0	0	0	2	1	1	1	0	0	1	2	1	1	2	2	
0	1	1	0	1	0	1	1	1	1	2	1	1	0	1	0	1	2	1	0	1	1	0	0	0	1	2	0	0	2	2	1	1	1	1	1	0	2	0	1	1	1	1	1	0	0	1	0	0	2	1	1	1	2	0	2	1	0	0	1	1	0	1	1	0	0	0	1	0	1	1	1	1	1	0	0	1	1	1	0	0	2	0	0	1	1	0	1	0	0	1	1	1	0	0	0	1	1	1	0	
0	0	0	0	0	0	0	1	0	1	0	1	1	0	0	1	1	0	0	0	0	1	0	1	0	1	2	0	0	0	0	1	0	0	0	0	0	0	1	1	0	1	0	0	1	0	0	1	0	0	1	0	0	0	1	1	1	0	1	1	1	1	2	1	1	0	1	1	1	2	2	1	1	1	1	0	1	0	1	0	1	1	1	0	1	1	1	1	1	1	0	1	0	1	1	0	1	0	1	0	
0	1	1	0	0	0	0	1	1	1	0	0	1	0	1	1	0	2	1	0	1	1	0	0	0	0	2	0	0	1	1	1	1	1	1	1	1	0	1	0	0	0	1	0	2	1	1	0	1	1	0	1	0	1	1	1	1	2	1	0	0	0	2	0	0	0	1	0	0	0	0	1	1	0	1	0	0	0	1	1	0	0	2	1	1	0	1	0	0	2	0	0	0	0	0	1	1	1	0	0	
1	1	0	0	0	0	0	1	1	2	1	1	2	0	1	1	0	0	1	0	0	1	1	0	2	1	0	0	0	0	1	0	0	1	0	2	1	1	2	0	1	0	2	1	0	0	0	0	1	0	0	1	0	1	0	0	1	1	0	0	0	0	0	1	0	0	0	2	1	1	0	0	1	1	1	0	1	0	0	1	0	0	1	0	1	0	0	1	1	1	0	1	0	1	0	1	2	0	0	0	
0	1	0	0	1	2	1	1	0	2	1	1	1	1	0	0	1	1	1	1	0	1	1	0	0	1	0	0	0	0	0	1	1	0	0	1	1	1	0	0	0	2	1	1	1	0	1	1	1	1	1	0	1	1	0	0	1	1	0	1	0	0	0	1	0	0	2	0	1	0	0	0	0	0	1	1	1	0	1	0	0	1	0	1	1	1	0	1	0	0	1	1	1	1	0	1	0	0	1	1	
1	0	1	0	1	1	0	1	1	0	0	0	1	0	1	1	1	1	0	1	0	0	1	1	0	0	1	0	0	0	0	2	1	1	2	0	0	1	2	0	1	1	0	0	1	0	1	0	1	1	1	1	0	0	0	1	1	1	0	1	0	1	1	1	1	0	0	0	1	0	1	0	0	0	1	1	1	0	0	2	2	1	1	0	0	1	0	0	0	0	1	0	0	1	0	1	1	1	0	1	
0	0	1	1	0	1	0	0	1	1	1	1	0	2	1	1	0	2	1	1	1	1	0	0	1	1	1	1	0	1	1	1	0	1	2	0	1	1	0	1	0	1	0	1	0	0	0	1	0	0	0	2	0	1	0	0	1	0	1	1	0	1	0	0	0	1	0	1	2	1	1	0	1	0	0	0	1	2	0	0	0	0	0	0	0	0	0	1	0	1	1	1	0	0	1	2	0	0	0	0	
1	0	1	0	0	1	0	0	0	0	0	1	0	2	0	0	1	0	2	0	0	1	0	0	1	1	0	0	0	1	1	1	1	0	0	0	1	0	0	1	1	1	1	0	1	0	0	0	0	1	0	1	1	1	1	0	0	2	1	0	0	1	1	1	0	1	2	1	1	0	2	1	1	0	0	1	0	1	1	0	0	2	0	1	1	1	1	1	0	1	0	0	1	0	1	0	0	2	1	0	
1	1	2	1	1	0	1	1	1	0	1	1	0	1	1	1	0	0	0	0	0	0	0	0	0	1	0	1	2	1	1	1	0	0	0	1	0	1	1	1	1	0	1	1	1	1	0	1	1	0	0	1	1	0	1	1	1	0	0	0	1	2	0	0	1	1	0	0	0	0	1	1	1	0	1	0	0	1	0	2	0	1	0	1	0	1	0	1	1	1	0	0	2	0	0	0	0	1	1	2	
0	1	0	2	0	0	0	1	1	2	1	1	0	0	0	1	1	1	1	0	1	1	0	0	0	2	0	0	0	0	0	1	0	1	0	0	0	1	0	0	1	1	1	1	0	1	0	1	0	1	2	1	1	1	1	1	0	0	1	0	1	0	0	0	1	0	0	0	1	0	1	1	0	1	1	1	1	1	1	1	0	0	1	0	1	0	1	1	2	1	0	1	0	1	1	0	0	0	0	2	
0	1	1	0	0	1	0	0	1	0	1	1	0	1	0	0	1	1	0	1	1	0	0	0	1	1	2	0	0	1	2	0	0	0	1	1	1	0	0	0	0	0	0	0	1	0	0	0	2	1	1	0	0	0	0	0	0	1	1	0	0	0	0	1	1	0	1	0	1	0	0	0	0	1	1	0	0	1	0	1	1	2	0	0	2	1	0	0	0	0	1	1	0	1	1	1	0	0	0	1	
0	2	1	1	0	0	0	1	0	0	0	0	0	0	1	1	0	0	1	0	1	1	1	0	1	1	1	1	1	1	0	0	1	2	1	0	0	1	0	1	1	1	0	2	1	0	0	1	2	0	1	1	2	2	0	0	0	0	0	1	0	0	1	0	0	1	1	0	1	2	1	0	1	2	0	2	1	0	1	1	1	0	0	0	1	1	1	0	1	0	0	1	0	0	0	1	0	0	0	0	
0	0	0	0	0	0	0	1	1	0	0	1	2	1	0	0	1	1	0	1	0	1	0	0	0	1	1	1	1	1	1	1	1	0	0	0	1	0	1	0	1	0	0	1	0	1	0	1	1	1	1	0	0	0	0	0	1	0	2	0	0	0	0	1	1	0	1	1	1	0	0	0	1	0	2	0	1	0	1	0	0	0	1	0	1	0	0	0	0	0	1	1	0	1	0	0	1	0	1	0	
1	0	0	0	0	0	0	0	1	0	0	0	0	0	2	1	1	1	0	1	0	0	0	1	1	0	1	0	1	1	0	1	0	0	0	1	0	1	2	0	1	1	0	0	0	0	1	1	1	0	0	0	1	0	1	0	0	1	0	1	1	1	1	1	1	0	1	0	0	0	0	0	0	1	0	0	0	0	1	1	0	1	2	1	1	2	0	0	0	2	2	1	0	1	1	1	2	2	1	0	
0	1	1	0	0	0	1	1	0	1	0	1	0	1	0	0	0	0	0	1	2	1	1	0	1	0	0	0	0	2	1	1	0	1	0	0	2	0	1	1	1	0	1	1	1	1	0	0	0	2	0	0	0	2	0	0	0	0	1	0	0	0	0	0	1	0	0	1	1	0	1	0	1	0	0	0	0	2	1	0	0	1	0	1	0	1	1	0	1	0	1	1	1	0	1	0	1	0	0	0	
2	0	1	0	0	0	1	0	0	0	1	0	0	0	2	0	0	1	0	0	1	1	1	0	0	0	1	1	1	0	1	1	0	0	0	1	1	1	0	1	1	0	0	0	0	0	1	0	0	0	0	0	1	0	1	0	0	0	1	0	0	1	0	0	1	1	1	0	1	1	1	0	1	2	1	1	0	1	0	0	1	0	1	0	1	0	1	0	1	0	1	1	1	0	0	0	0	1	1	0	
1	0	0	0	1	0	1	0	0	1	0	0	1	1	0	1	0	0	0	1	0	1	0	1	0	0	0	0	1	0	0	0	0	0	0	1	1	1	0	1	1	0	0	1	0	1	0	0	0	0	1	1	0	1	2	1	1	0	1	0	0	1	0	1	0	1	1	0	0	0	2	0	0	1	1	2	0	0	1	1	1	1	0	1	0	1	0	2	1	1	0	0	1	1	1	0	1	1	1	0	
0	0	1	0	1	0	1	0	1	0	1	1	0	2	2	0	1	2	1	1	1	0	1	0	0	2	1	0	0	1	1	1	0	0	0	0	2	0	1	1	1	0	0	1	1	1	0	1	0	1	1	0	1	0	1	1	1	1	1	1	0	0	0	0	2	0	0	0	1	0	0	1	0	0	0	0	0	0	0	1	0	0	0	1	2	0	1	1	1	1	1	0	0	0	2	2	0	1	1	0	
1	1	2	2	1	1	0	0	1	0	1	1	1	2	0	1	2	0	0	0	0	1	1	2	1	1	1	0	0	1	1	0	1	0	1	0	1	0	2	1	0	0	1	1	1	1	1	0	0	1	0	0	0	0	0	1	0	0	0	0	1	2	1	1	0	1	1	0	1	1	1	0	1	1	1	0	0	1	1	1	1	1	1	0	1	0	1	0	0	0	1	0	1	0	1	0	0	0	0	0	
1	1	0	1	1	1	0	2	0	0	0	0	0	0	0	2	2	1	0	0	1	1	0	0	0	1	1	1	1	0	0	1	0	1	0	0	1	0	1	0	0	1	1	1	1	1	0	2	0	2	1	0	0	0	0	0	0	0	0	0	0	1	2	0	1	0	1	1	2	1	0	0	0	0	1	0	0	0	0	0	1	0	1	0	0	1	1	1	0	1	1	1	0	1	1	0	1	2	0	0	
0	2	1	1	2	2	1	1	1	2	0	0	0	2	1	1	0	0	1	0	1	0	0	1	1	1	0	0	1	0	0	1	1	2	1	0	2	1	1	0	0	2	1	1	0	0	0	0	0	0	0	1	0	0	2	1	1	0	0	1	0	2	0	0	1	2	0	1	1	0	0	1	0	1	1	2	1	0	1	1	1	1	0	1	1	1	0	2	1	1	0	1	0	0	1	1	0	1	0	1	
1	0	0	1	1	0	2	1	1	1	0	0	0	1	0	0	1	0	1	1	0	0	1	0	0	1	0	1	1	1	0	0	1	0	2	1	0	0	1	0	0	0	1	0	1	0	1	0	0	1	0	1	0	1	1	1	1	1	1	0	1	1	0	0	0	0	0	1	2	0	1	1	1	0	2	0	1	0	0	0	1	1	1	1	0	0	0	0	2	1	0	0	1	1	1	1	0	2	1	1	
1	1	1	1	0	1	0	0	0	0	0	1	0	1	1	0	1	0	0	1	1	2	1	0	0	0	0	0	0	0	0	0	1	0	0	0	2	0	1	1	0	1	2	0	1	0	2	0	0	0	0	1	0	2	1	0	1	0	1	1	0	1	0	0	1	1	1	1	1	1	1	1	0	0	1	1	1	0	0	1	2	0	0	1	0	1	0	0	0	0	0	1	1	0	0	0	0	0	0	0	
0	1	1	1	1	1	0	1	0	1	1	1	0	1	1	1	2	0	0	1	0	1	1	0	1	2	0	0	0	1	0	1	0	1	1	0	1	1	1	0	1	1	0	1	1	1	0	1	1	1	1	2	1	1	0	1	1	1	1	1	0	0	0	0	1	2	0	0	0	1	0	1	0	0	0	1	1	1	0	0	0	1	0	1	1	0	2	2	1	1	0	1	0	0	2	1	1	1	2	0	
0	1	1	1	0	1	0	1	0	1	1	1	0	0	0	1	0	2	2	1	0	1	0	1	0	0	0	1	1	0	2	1	1	1	1	0	0	1	1	0	0	1	1	1	0	0	1	0	1	0	1	0	0	0	0	1	0	0	1	2	0	1	1	0	0	0	0	0	0	0	0	1	0	0	0	2	0	1	1	0	1	1	0	2	2	1	1	0	0	1	1	0	1	0	1	0	1	0	1	1	
1	0	0	0	0	1	1	1	0	2	1	1	1	0	1	1	2	0	1	0	0	0	0	0	0	0	2	0	0	1	1	0	0	0	1	1	0	0	0	1	1	0	0	0	1	0	0	1	2	0	0	1	0	0	1	0	1	1	0	0	0	1	1	1	1	1	2	0	0	1	0	0	2	1	0	0	1	1	0	1	1	1	0	0	1	1	0	0	1	2	1	1	1	0	1	0	2	1	1	0	
1	1	0	1	0	2	0	0	0	0	1	0	1	1	1	2	2	0	0	0	0	0	1	1	1	0	1	0	0	0	0	0	1	1	1	0	0	0	0	0	0	1	0	0	0	0	0	1	1	1	1	2	1	0	1	0	2	0	0	0	1	0	0	0	0	0	0	0	0	0	1	0	0	2	1	0	0	1	0	2	0	0	0	1	1	0	0	0	1	0	0	0	1	0	0	0	1	0	0	0	
1	0	0	1	0	2	0	1	1	2	2	1	1	1	1	0	1	1	0	1	0	1	1	0	2	0	1	0	1	0	0	0	1	0	0	0	1	0	0	1	0	0	1	0	0	0	0	2	0	1	0	1	0	0	0	1	2	1	1	0	1	0	1	1	0	0	0	1	0	0	1	0	0	1	1	1	0	1	0	1	0	1	1	0	1	0	1	1	0	1	1	1	1	1	0	0	1	1	0	1	
2	0	1	1	1	0	0	2	1	2	1	0	1	1	1	0	0	0	0	1	1	0	0	0	2	0	1	1	0	0	1	0	0	0	1	1	1	0	1	1	1	0	1	1	1	0	2	0	1	1	0	1	1	0	0	0	1	0	1	0	1	0	1	0	1	1	0	0	0	1	0	0	0	1	1	2	0	0	0	1	0	1	0	2	0	0	0	0	1	1	1	0	0	0	1	0	1	0	1	0	
0	0	0	0	0	1	0	1	0	1	1	0	1	0	1	0	1	1	0	0	0	0	0	1	0	0	0	1	0	2	0	1	1	1	0	0	0	0	0	1	0	2	0	1	1	1	1	0	1	0	1	1	1	0	0	0	0	0	2	0	0	1	1	1	2	1	1	1	0	1	0	1	0	0	1	1	1	0	1	0	0	1	0	0	0	0	0	0	0	0	1	1	1	0	0	0	1	0	0	0	
0	0	0	0	0	0	0	0	0	1	1	1	0	0	1	0	1	1	1	1	0	1	0	0	2	0	0	0	0	1	0	0	1	0	0	0	0	1	0	1	1	1	0	0	1	0	1	1	0	1	0	0	0	0	0	1	1	2	0	0	1	1	0	0	1	1	0	0	0	0	0	1	0	1	0	0	0	1	0	2	1	1	1	0	1	0	0	1	0	0	0	1	0	0	0	0	0	0	1	0	
1	0	0	0	1	0	0	1	0	1	0	0	0	2	1	1	0	0	0	0	0	1	1	0	2	2	0	1	0	0	1	0	1	0	0	1	0	0	1	1	0	1	1	0	0	0	0	0	0	0	1	1	1	0	1	1	0	0	1	1	0	0	0	0	0	1	0	1	0	1	1	1	0	0	1	2	1	0	1	0	1	0	1	0	2	1	1	1	0	0	1	0	1	0	1	1	1	1	0	1	
0	0	0	1	2	0	1	1	0	0	0	0	0	0	1	0	0	1	0	0	0	1	0	0	2	0	0	0	0	1	0	0	1	0	0	1	1	0	1	2	1	1	0	2	0	0	1	1	0	1	1	0	0	1	1	1	1	1	0	1	0	0	0	2	1	1	1	0	0	1	1	1	1	0	1	1	0	0	0	0	0	1	0	0	1	2	2	1	0	1	0	0	1	1	0	1	0	0	1	1	
1	0	1	1	0	0	2	1	0	1	1	0	1	0	2	0	0	0	1	1	1	1	0	0	1	2	0	1	0	0	1	0	1	0	0	0	0	0	0	1	1	1	0	0	0	1	0	1	0	0	1	0	1	1	0	0	0	0	1	0	1	0	0	1	2	1	0	0	0	1	1	0	1	1	1	0	0	1	1	1	0	0	1	1	1	1	1	0	1	1	1	0	0	1	0	0	1	1	0	1	
0	0	0	1	1	0	0	0	0	1	1	0	0	1	1	0	1	1	1	1	1	1	0	1	1	0	0	1	0	0	0	1	0	1	1	0	0	0	0	1	0	0	0	1	0	0	0	1	0	1	1	1	0	0	1	0	1	0	0	0	0	1	2	2	0	0	0	1	0	1	1	1	1	0	2	2	0	1	0	1	1	0	1	0	1	1	1	1	1	0	1	1	0	1	1	1	1	0	0	0	
0	2	2	0	1	0	1	1	0	1	0	1	2	1	1	0	0	2	1	1	0	0	2	0	1	1	1	1	0	0	0	0	1	0	1	1	0	0	0	1	1	0	0	1	1	1	1	1	0	0	0	0	0	0	1	0	1	2	1	0	0	1	0	0	0	0	2	0	0	1	1	0	0	1	0	1	1	1	0	0	1	1	0	0	1	0	1	1	1	1	1	0	0	2	1	0	1	1	0	1	
1	1	1	0	1	0	0	0	0	1	1	1	2	1	0	1	1	1	0	2	0	0	1	1	0	0	0	2	0	1	2	1	1	2	1	1	0	1	0	0	1	1	0	0	1	0	1	0	1	0	0	1	1	0	1	1	0	0	0	2	1	1	1	0	0	2	1	1	0	1	0	0	1	1	1	1	0	0	2	1	0	1	1	1	1	0	0	1	0	1	0	0	0	2	0	1	0	1	1	0	
0	1	0	2	2	2	1	1	1	0	0	0	2	0	0	1	0	1	0	2	1	0	0	0	1	1	1	0	0	2	1	0	1	1	2	0	0	0	0	1	0	0	0	0	0	0	2	1	0	1	0	2	1	1	0	1	1	1	0	0	1	0	1	1	0	1	0	0	1	1	1	0	1	0	1	0	0	1	0	1	1	0	0	1	0	0	0	0	0	0	2	1	0	2	1	2	1	0	1	0	
0	1	1	2	0	0	0	0	1	1	0	0	1	0	1	0	2	0	1	1	1	1	2	0	1	2	1	0	1	0	0	1	1	1	0	2	0	1	0	1	1	1	1	0	0	1	1	1	1	0	2	1	1	0	0	2	0	0	1	1	1	0	1	1	1	0	1	0	0	1	0	0	1	0	0	1	0	0	1	0	1	0	0	1	2	2	0	1	0	0	1	1	0	0	1	1	1	1	1	1	
0	1	1	0	0	1	1	0	1	0	0	1	0	0	1	1	2	1	1	0	1	1	0	1	0	0	1	0	0	0	1	1	1	0	0	0	1	0	1	1	0	2	0	1	0	1	1	1	2	1	0	1	0	1	1	0	1	1	0	2	0	0	1	1	0	1	0	1	0	1	1	0	1	0	1	0	1	1	1	0	0	1	1	1	0	1	1	1	1	0	1	0	2	1	1	0	0	0	0	0	
0	1	1	1	1	0	1	1	1	0	0	1	0	0	0	1	1	1	1	0	0	1	1	0	0	0	1	2	1	0	1	1	2	1	2	0	2	0	0	0	0	1	0	1	1	0	0	1	2	1	1	1	1	0	1	0	1	1	0	0	1	1	0	0	0	0	0	2	1	1	1	1	1	0	2	1	2	1	1	2	0	1	0	0	1	0	0	1	1	1	0	1	0	1	1	1	0	1	1	2	
0	1	1	0	2	0	0	2	2	1	0	0	0	0	0	1	1	0	1	0	1	2	1	0	0	0	1	1	1	0	0	1	0	1	0	2	0	0	0	0	1	1	0	1	0	1	0	0	0	0	1	0	0	0	1	0	0	1	0	2	1	0	1	2	2	2	1	1	0	1	1	1	0	2	0	0	0	0	0	0	1	1	1	0	1	0	0	1	1	1	0	0	1	0	1	0	1	0	1	0	
1	2	1	2	0	1	1	2	1	0	1	0	1	1	0	0	0	0	0	1	0	1	1	1	0	1	1	1	0	0	0	0	0	0	1	1	1	0	1	1	0	2	0	1	0	0	1	0	0	0	0	1	1	0	1	1	0	1	0	0	1	0	1	0	0	1	0	0	0	0	1	1	1	1	1	0	1	1	0	1	0	1	1	0	1	0	0	0	0	1	1	0	1	1	1	0	0	1	0	0	
0	0	1	1	0	1	1	1	0	0	0	0	1	0	1	1	0	0	1	0	0	0	0	0	1	2	0	0	1	1	0	0	0	1	0	0	0	1	0	0	0	2	0	1	1	1	0	0	0	1	0	0	1	0	1	0	1	0	0	1	1	0	0	2	1	0	1	1	1	0	2	0	1	0	0	0	1	0	1	1	1	1	0	1	0	1	1	0	1	0	1	0	0	2	0	1	0	1	1	0	
1	1	0	1	1	1	0	0	2	0	1	0	0	0	0	0	1	1	1	1	1	0	0	0	1	0	1	1	0	0	1	1	0	0	1	0	1	0	1	0	1	1	1	1	0	0	0	1	2	1	1	1	1	1	1	0	0	0	1	0	0	0	0	0	0	1	1	1	1	1	1	1	0	1	1	0	0	1	0	1	0	0	0	0	1	0	1	1	1	0	1	1	1	1	0	0	0	0	0	0	
0	1	2	1	1	0	1	0	1	0	1	0	1	1	1	1	0	1	0	1	1	0	0	0	0	1	1	0	0	1	1	0	0	1	1	1	1	0	1	0	0	1	0	0	0	1	2	1	1	1	0	1	2	1	1	1	1	0	1	0	0	0	1	0	1	0	1	1	1	1	0	0	1	2	1	0	0	0	0	0	0	0	0	2	0	1	0	0	0	2	0	1	0	1	1	0	0	1	0	1	
0	1	1	0	0	0	0	2	0	0	0	0	0	1	0	2	0	0	2	1	0	1	1	1	1	1	2	0	0	1	0	0	0	0	1	1	1	0	1	0	1	1	0	0	0	1	0	0	1	1	0	1	0	0	0	0	0	0	1	0	1	0	1	0	1	1	1	2	0	1	0	0	1	1	0	0	2	1	0	1	0	1	0	1	0	0	0	0	1	1	0	1	1	0	1	0	0	0	1	0	
0	1	1	0	1	0	0	0	0	1	1	0	1	0	1	0	1	0	0	1	0	1	1	0	0	0	0	0	1	1	1	1	1	1	0	1	1	0	0	0	1	1	1	0	0	0	1	0	0	1	0	0	1	0	1	1	1	0	1	1	1	1	0	1	1	0	1	0	0	2	0	0	0	1	1	0	2	2	1	0	0	0	0	1	1	0	0	0	2	1	1	0	1	0	1	0	0	1	1	2	
0	1	1	1	0	0	1	0	0	0	1	1	1	1	1	0	1	0	1	0	2	0	1	1	1	2	1	0	2	1	0	1	1	1	1	1	1	0	0	0	0	0	1	0	0	0	1	0	1	1	0	0	0	2	0	0	1	1	0	0	1	0	0	1	0	0	0	1	2	2	0	1	1	1	1	1	0	1	0	0	2	1	1	1	0	1	1	1	0	1	0	1	1	1	0	2	0	0	1	0	
2	0	1	0	1	1	0	0	0	0	1	2	1	2	0	0	1	1	0	0	1	1	1	0	1	0	0	1	1	1	0	0	0	1	0	0	1	0	1	0	0	0	1	1	0	0	1	0	1	0	0	0	1	0	0	1	2	0	1	0	0	0	0	2	2	1	1	0	0	1	0	0	0	0	0	1	2	0	1	0	0	0	0	1	0	1	0	1	1	0	0	1	1	1	0	0	0	1	2	0	
1	0	0	0	0	1	0	0	0	0	1	0	0	1	0	1	1	1	1	0	0	1	0	1	1	0	1	1	1	1	0	0	0	0	2	1	1	0	1	0	1	1	2	1	0	1	0	0	1	2	0	0	1	0	0	1	0	0	1	0	1	1	2	0	1	1	1	1	0	0	2	0	1	1	0	2	0	1	1	1	2	1	0	1	0	1	2	0	0	0	0	1	1	1	1	0	1	0	0	2	
1	0	0	1	1	0	0	1	1	1	0	0	0	1	0	0	0	1	1	1	0	0	1	0	0	1	1	2	0	2	1	0	0	0	2	0	0	0	0	1	0	2	1	1	1	1	0	0	1	1	1	0	1	1	0	0	0	0	1	1	2	0	0	0	0	1	0	0	1	1	1	1	1	0	0	1	0	0	1	1	0	1	1	0	1	1	1	1	0	0	0	1	0	1	0	1	0	0	0	1	
1	1	0	0	1	0	1	1	1	0	0	0	0	0	0	1	0	1	0	0	0	0	1	1	2	0	0	0	0	1	1	0	2	0	1	0	0	0	0	0	2	0	1	0	1	1	0	1	1	1	0	0	0	0	0	0	0	0	2	1	0	1	2	1	0	0	0	1	0	1	1	1	1	1	0	1	1	0	0	1	1	1	0	0	1	2	1	0	1	1	0	0	0	1	1	0	1	1	2	1	
0	1	0	1	1	0	0	1	1	1	0	0	1	0	0	0	0	1	1	2	1	0	0	0	1	1	0	1	0	1	0	1	0	0	0	1	0	0	0	1	0	0	0	2	1	1	0	0	0	0	0	1	0	0	1	1	1	0	1	0	0	1	2	2	0	0	1	0	1	0	0	0	0	0	1	1	1	1	1	1	0	0	0	1	0	0	1	0	1	2	1	0	1	0	0	0	1	0	1	1	
1	1	0	1	1	0	1	1	1	1	0	1	0	1	1	0	0	2	0	0	1	0	1	1	1	1	0	0	1	1	1	1	1	0	0	1	0	0	0	1	0	0	0	0	0	0	0	2	0	1	0	0	2	1	2	0	0	1	0	1	0	0	0	1	1	0	1	0	0	1	0	2	0	1	0	0	0	1	0	1	0	2	0	0	1	1	1	2	0	2	1	0	0	1	1	1	0	0	1	0	
1	1	1	1	1	1	0	0	1	1	1	1	2	1	0	2	0	0	1	0	1	1	1	0	0	0	2	1	2	1	0	2	0	1	2	0	0	0	0	0	1	0	0	2	1	1	0	1	1	0	0	1	1	0	0	0	1	1	0	0	1	1	1	1	1	0	1	0	1	1	1	1	1	1	1	1	0	0	1	0	1	1	1	2	1	0	0	0	0	0	2	1	0	0	0	1	1	2	1	0	
1	2	0	1	0	0	0	0	1	0	1	2	0	1	0	1	0	0	0	0	0	0	1	0	1	1	0	0	0	1	0	0	1	1	1	0	2	0	0	1	0	0	2	1	0	0	2	1	0	1	0	1	1	0	1	0	0	1	2	1	1	0	1	1	0	0	0	0	0	0	0	0	1	1	0	0	0	1	0	0	0	0	1	0	0	0	0	0	1	0	0	0	1	1	0	2	0	0	0	1	
1	0	1	0	1	1	0	0	1	0	1	1	1	0	1	0	0	1	0	0	0	1	1	1	1	2	0	0	0	0	0	1	1	1	0	0	1	0	1	1	1	0	1	1	1	2	1	1	0	0	0	0	0	2	1	1	0	1	0	1	1	1	0	1	1	0	0	0	1	0	1	1	0	1	1	2	0	0	0	0	1	0	0	1	0	1	0	0	0	1	0	0	1	0	2	1	0	1	1	0	
1	1	0	0	0	1	0	1	1	1	1	1	0	0	0	0	1	0	1	0	0	0	0	2	1	1	1	0	0	1	0	1	0	1	1	1	0	0	2	0	1	0	0	1	1	1	1	1	1	0	1	0	1	1	2	0	0	0	0	0	0	0	1	0	1	0	0	1	1	0	0	0	1	0	1	1	1	0	0	0	0	0	1	0	1	1	1	0	0	1	1	1	1	1	1	0	1	0	1	1	
2	1	2	1	0	0	0	0	2	1	0	1	1	0	1	1	2	1	1	0	0	1	1	1	0	1	0	0	0	0	0	0	1	0	1	1	1	1	0	0	1	1	0	2	1	0	0	0	0	0	0	1	0	0	2	0	0	1	0	0	1	0	1	0	1	1	1	0	0	1	0	1	0	2	1	0	2	0	1	0	1	0	1	0	1	0	0	0	0	0	0	0	1	1	1	1	1	0	0	0	
1	0	0	0	1	1	1	0	1	1	0	1	0	1	1	1	2	1	1	1	1	1	0	0	1	0	0	0	0	1	0	1	0	0	0	0	2	0	0	1	0	0	1	0	0	0	1	0	1	1	0	1	0	0	0	0	0	1	1	2	0	1	0	1	0	0	1	0	1	2	0	0	1	0	1	0	0	1	1	1	1	0	0	1	0	1	0	0	0	2	0	0	1	1	0	0	1	1	0	0	
0	1	1	0	1	1	1	1	1	0	0	0	1	0	0	0	0	0	1	0	0	0	0	1	1	1	0	0	1	1	1	1	1	1	0	1	1	0	0	1	1	0	0	0	1	0	0	1	0	1	0	2	1	0	0	0	0	0	1	0	2	1	0	1	0	1	0	1	1	0	0	0	1	1	0	0	0	0	0	1	1	0	1	0	1	2	0	1	0	1	1	1	1	0	1	1	0	0	1	0	
1	1	1	1	0	1	1	1	0	1	1	0	1	0	0	1	0	0	1	1	1	0	2	1	0	1	1	2	1	2	1	1	0	1	1	0	2	1	0	0	0	0	1	0	0	0	0	1	1	0	0	1	1	0	0	1	1	0	1	1	0	0	0	1	0	0	0	0	0	1	1	2	1	0	1	1	1	2	0	1	0	0	0	1	0	0	0	0	1	1	0	1	1	0	1	0	0	0	0	0	
0	1	0	0	1	0	1	1	0	1	1	1	1	2	0	1	1	1	0	1	0	0	0	2	1	1	1	0	0	1	0	0	1	0	0	2	1	0	1	1	0	1	1	1	0	0	2	1	1	1	1	0	0	1	0	0	0	0	0	1	0	0	0	1	0	0	1	0	1	1	0	1	1	1	1	1	0	1	1	0	1	0	0	0	1	0	2	0	2	0	2	1	0	0	1	0	0	2	1	0	
0	2	0	0	1	1	1	1	0	1	1	0	0	1	1	1	1	0	0	0	1	0	0	1	1	0	1	0	0	0	1	0	0	1	1	1	2	0	0	1	1	0	0	0	1	1	0	0	2	2	0	1	2	0	0	2	1	2	0	0	1	0	2	1	0	1	0	1	0	0	1	1	1	0	1	0	0	1	0	1	1	1	0	1	2	0	2	1	0	1	0	0	1	1	0	1	0	0	0	0	
1	0	0	0	1	0	1	0	1	0	0	1	0	1	1	1	0	1	1	0	1	1	0	0	0	0	0	1	0	0	0	0	1	2	0	0	1	0	1	1	1	0	0	1	1	1	0	0	1	0	1	0	0	1	2	2	0	0	1	1	0	0	0	0	0	0	1	0	0	1	0	0	0	1	1	0	0	0	0	0	0	1	1	1	1	0	0	0	0	0	1	0	0	1	1	2	1	1	1	0	
1	0	0	1	0	1	0	1	0	1	1	0	1	2	2	0	0	2	1	1	2	1	1	0	0	0	1	0	1	1	1	0	0	1	0	0	1	1	0	0	1	0	0	2	1	1	0	1	1	1	0	0	0	1	1	0	0	0	0	0	1	1	1	1	1	0	1	1	0	0	0	2	0	2	1	0	0	0	0	1	0	0	0	2	1	1	1	1	2	0	1	0	0	1	0	0	0	1	2	0	
1	0	1	0	0	2	1	1	1	2	0	0	1	0	0	0	1	0	0	1	0	1	0	0	2	0	1	1	1	1	0	0	0	0	0	0	1	0	0	0	1	0	0	0	0	0	1	1	1	0	0	1	0	0	1	1	0	1	0	2	0	1	1	2	1	1	0	0	1	1	1	0	1	0	1	0	1	1	0	1	1	0	0	1	0	0	0	1	1	0	0	1	1	0	1	1	0	0	1	0	
1	1	1	1	0	0	0	0	0	1	1	1	0	1	1	1	1	1	0	1	1	1	1	0	0	1	1	1	0	1	1	1	0	2	1	0	1	1	0	1	1	1	0	0	0	2	0	0	1	0	1	1	0	0	1	0	1	0	0	1	0	1	0	0	0	0	1	1	0	1	1	0	0	1	0	1	1	0	0	0	0	1	1	0	0	0	0	0	0	1	1	0	0	0	0	0	1	1	1	1	
1	2	0	1	0	0	1	0	1	1	1	0	0	0	1	1	1	0	1	0	0	0	0	2	1	2	0	1	0	1	1	1	0	0	1	0	0	1	0	1	2	1	0	1	0	1	1	1	0	1	1	1	0	0	1	0	2	0	1	1	1	1	1	0	1	0	0	0	1	1	0	1	1	0	0	0	0	1	1	1	0	0	0	0	0	0	1	0	1	0	0	0	1	1	1	1	1	0	0	0	
1	0	0	0	0	1	1	0	0	0	0	0	0	0	1	0	0	1	0	0	0	1	0	0	0	0	1	0	0	0	1	1	0	0	1	0	0	1	0	0	1	0	1	0	0	0	0	0	1	1	0	1	0	0	1	0	0	0	0	2	1	0	1	0	2	1	1	0	0	1	1	1	1	0	0	0	0	1	0	1	1	1	0	1	0	0	2	2	0	1	0	1	1	0	1	1	0	0	0	1	
1	0	0	0	0	0	1	1	1	0	0	1	1	1	0	1	0	0	1	0	0	1	1	0	0	1	1	2	0	1	1	1	0	0	1	2	0	0	1	1	1	0	1	1	1	1	0	1	0	0	0	0	0	1	1	1	0	1	1	0	1	0	2	0	0	0	1	0	1	0	0	1	0	1	0	1	1	1	0	1	0	1	0	0	1	1	2	0	1	1	2	1	0	1	1	1	1	0	0	0	
1	1	0	1	1	1	1	1	0	1	0	1	0	0	1	1	0	1	1	0	1	1	0	0	0	1	0	0	1	0	1	0	1	0	1	1	1	1	1	0	0	0	1	0	0	0	0	1	0	1	1	0	1	0	1	2	1	1	0	2	1	0	1	1	1	0	0	0	0	1	1	0	1	0	0	0	2	1	2	1	0	1	1	0	1	0	0	1	0	1	0	1	0	0	1	0	1	0	1	1	
1	0	1	1	1	0	0	1	0	0	0	1	1	1	0	0	0	1	0	0	1	1	1	1	0	0	0	0	1	1	1	0	0	1	1	0	0	0	0	1	0	0	0	0	1	0	0	1	0	0	1	0	0	0	0	0	0	0	0	1	0	0	1	1	2	0	1	0	1	1	0	1	1	0	1	1	0	1	0	1	0	1	0	1	1	0	1	0	0	0	0	0	0	1	0	0	0	1	0	1	
0	1	0	0	1	0	0	1	1	0	2	0	1	1	1	1	1	0	0	0	0	0	1	0	1	1	2	0	2	0	0	0	0	0	0	1	0	1	0	1	0	1	0	2	0	0	1	0	2	0	0	2	0	0	0	0	0	0	1	1	0	2	0	0	1	1	0	0	0	1	0	1	0	0	1	0	0	0	1	1	0	0	0	0	0	0	1	1	1	1	1	0	1	1	1	1	1	0	2	1	
0	0	1	1	1	1	0	0	0	0	1	1	0	1	1	0	0	2	0	2	1	1	1	0	0	0	2	0	0	0	1	1	0	0	1	1	1	2	0	0	0	1	1	2	0	1	1	1	0	1	1	1	0	0	1	1	0	0	0	1	1	0	1	0	0	1	0	0	1	1	1	0	1	1	0	2	1	0	0	1	0	1	1	1	1	1	1	0	0	1	1	1	0	0	0	0	0	2	1	1	
0	0	1	0	0	0	0	1	0	0	1	2	1	0	2	1	1	0	1	0	0	0	0	0	0	0	2	0	1	0	0	0	1	1	1	1	0	0	1	0	0	0	0	1	0	1	0	1	0	1	2	1	1	0	0	1	0	0	0	1	0	0	1	0	1	0	1	2	0	0	1	1	1	1	2	0	0	0	0	0	1	1	1	1	2	1	0	1	1	1	1	1	0	1	0	0	1	1	1	1	
0	1	1	0	1	2	0	1	0	1	1	1	1	1	2	0	0	1	1	1	0	0	0	1	2	0	1	1	1	1	0	0	0	0	0	1	1	1	0	1	0	2	0	0	0	1	1	0	0	0	0	0	1	1	0	0	0	2	0	1	1	1	0	0	0	1	0	0	0	1	0	1	0	1	0	1	0	1	1	0	0	1	1	0	0	1	1	1	1	0	0	0	0	0	1	1	0	1	0	1	
2	1	0	0	1	1	0	1	1	0	0	1	0	1	2	1	1	0	0	1	0	0	0	0	2	1	0	0	1	1	1	1	1	1	0	0	1	0	0	0	0	0	1	0	0	1	0	0	0	1	1	1	0	0	1	0	0	0	0	0	1	1	0	0	1	1	1	0	1	0	1	0	1	1	0	1	2	1	0	0	0	1	0	1	0	1	0	1	1	0	1	0	1	1	2	1	1	1	1	0	
0	0	0	0	0	1	1	1	0	0	0	0	1	1	0	1	1	0	0	0	1	0	0	1	0	1	0	1	0	2	0	1	0	1	0	0	0	0	1	1	1	1	0	0	0	1	0	2	0	1	0	1	1	1	0	1	1	0	0	0	1	0	0	2	0	0	1	0	0	1	0	0	2	1	2	0	1	1	1	1	0	0	1	2	1	0	1	0	0	0	1	1	0	1	2	0	0	0	0	2	
0	0	0	0	0	1	0	0	0	1	1	1	0	1	1	1	1	0	1	0	0	0	1	0	0	1	0	0	0	2	0	0	1	2	1	0	1	1	0	0	2	1	0	2	1	1	0	0	0	1	0	1	1	0	1	2	1	0	1	1	0	1	1	0	1	0	0	0	1	0	0	1	1	1	1	1	2	1	0	0	0	1	1	2	1	0	0	0	0	0	0	0	1	1	0	0	1	1	0	0	
0	0	2	1	0	0	1	0	0	0	2	1	2	0	1	0	0	0	1	1	1	2	1	1	2	1	0	1	0	0	0	0	0	1	0	1	0	1	2	1	0	0	1	1	1	1	0	1	1	0	0	0	0	0	1	1	0	0	0	1	2	1	0	0	1	0	0	1	1	0	0	1	1	0	0	1	0	1	0	0	0	0	1	1	0	1	1	1	0	0	1	0	0	1	2	0	0	0	1	0	
1	0	1	1	0	0	0	0	0	2	1	1	1	0	1	1	1	0	0	0	0	0	1	2	0	1	0	1	2	1	0	0	2	1	0	0	1	1	0	0	0	0	0	2	0	1	2	0	2	0	1	0	1	1	0	0	0	1	2	0	0	0	0	2	1	1	0	2	0	0	1	1	0	0	1	0	1	1	0	0	0	1	0	0	0	1	2	0	1	1	0	1	2	1	1	1	0	1	1	0	
0	0	1	2	1	1	0	2	1	1	1	0	1	0	0	2	0	1	1	0	1	1	0	1	1	1	0	1	0	1	1	0	0	1	0	0	1	2	1	1	1	0	0	0	1	0	1	0	1	0	0	0	0	0	1	0	1	0	1	0	1	1	1	1	1	0	1	1	0	1	1	0	0	0	0	0	1	0	1	0	1	1	1	0	1	0	2	0	1	1	1	2	0	0	0	0	0	1	1	0	
0	0	0	0	1	1	0	0	0	2	0	2	1	0	0	0	1	1	0	1	2	1	0	2	1	1	1	0	1	0	1	0	1	0	1	1	2	0	1	0	2	0	1	1	1	1	0	0	0	1	1	1	0	0	1	1	1	0	1	0	0	0	0	0	0	0	1	0	0	1	2	2	0	1	0	1	0	0	1	0	2	1	0	2	0	2	1	0	2	0	0	1	0	0	0	1	1	1	1	1	
2	2	0	1	1	1	1	1	0	0	2	1	0	0	1	1	1	1	2	1	1	0	1	2	0	0	0	0	0	1	2	0	0	1	1	1	1	0	2	1	2	0	0	1	0	0	0	1	0	0	0	0	0	1	2	1	0	0	0	0	1	1	2	0	0	1	2	1	0	1	1	0	0	1	1	1	1	0	2	0	1	0	1	0	0	0	0	0	0	1	0	0	1	0	1	1	0	1	0	1	
0	1	1	1	2	0	1	0	0	1	0	1	1	1	1	2	0	1	0	1	1	0	0	0	0	0	1	0	0	0	1	1	0	2	0	1	0	1	0	0	1	0	1	0	1	0	1	1	0	0	0	0	1	1	1	0	1	1	0	1	0	1	1	0	0	0	2	0	1	0	0	1	1	1	0	1	0	1	0	1	1	1	1	0	2	1	1	0	0	0	1	0	0	1	0	0	0	0	1	0	
0	1	0	0	2	2	1	0	0	1	1	0	0	0	1	2	1	0	1	1	0	1	1	0	1	0	0	1	1	1	1	1	1	1	1	2	0	2	1	0	0	0	1	1	0	0	1	1	0	0	2	0	0	0	1	0	0	0	0	0	1	0	1	2	1	2	1	1	0	1	1	1	0	0	2	0	0	1	1	0	1	0	0	1	1	0	1	0	2	0	1	0	0	0	1	1	1	1	0	0	
1	1	0	0	0	1	0	0	0	0	1	0	1	2	1	2	0	1	1	0	0	0	0	0	0	1	0	1	1	0	1	2	1	1	0	0	0	0	1	0	0	1	0	1	1	1	0	1	0	1	0	0	0	1	1	0	1	1	0	2	2	2	0	0	1	1	1	1	1	0	2	1	0	1	1	0	0	0	0	1	0	1	0	0	0	0	1	0	0	0	0	1	1	0	1	1	0	0	2	0	
1	2	0	0	0	1	0	0	0	1	1	1	0	0	0	0	1	0	0	1	0	0	1	0	1	0	1	1	0	0	0	1	1	0	1	0	0	1	1	0	0	1	1	1	0	1	0	0	0	1	0	0	1	0	0	1	1	0	0	1	0	2	0	1	1	2	0	0	1	0	1	0	0	0	1	1	0	0	0	0	0	0	0	0	0	1	1	1	0	1	2	1	1	0	1	1	1	1	0	1	
0	1	0	1	1	0	0	1	1	0	0	0	1	0	1	0	1	1	1	0	1	1	1	1	0	1	1	1	1	1	0	1	0	1	1	1	0	1	0	0	0	2	0	0	1	0	0	0	0	1	1	0	1	1	0	0	1	1	1	0	1	1	1	1	0	0	1	0	1	0	0	1	0	1	1	1	0	1	0	0	0	0	0	0	0	0	1	0	1	0	1	1	0	0	2	0	2	1	0	0	
0	1	1	0	1	0	1	1	2	1	0	1	0	1	0	1	1	0	0	0	0	1	0	1	1	1	1	1	1	0	0	1	1	2	0	1	1	2	0	1	0	0	1	0	0	0	0	1	0	0	1	0	0	0	2	1	0	1	1	0	2	0	1	1	1	0	1	0	0	1	1	1	1	0	2	0	1	0	2	0	1	0	0	0	1	0	0	0	1	0	0	1	1	0	1	0	0	0	1	2	
1	0	1	0	0	0	0	1	1	1	0	0	1	1	1	0	1	0	0	0	1	1	1	1	0	0	1	1	2	0	0	0	0	0	0	0	0	1	1	1	0	1	0	0	1	1	0	1	0	1	1	1	1	2	1	1	2	1	0	1	1	0	1	0	0	1	0	0	0	1	0	0	0	1	1	1	1	0	0	2	2	0	1	2	0	1	2	0	0	1	0	0	1	0	0	1	2	1	2	0	
0	1	0	0	0	1	1	1	0	0	0	0	1	0	1	0	0	1	1	0	0	1	1	0	1	1	0	1	0	1	1	0	1	0	0	0	1	0	0	0	1	0	0	0	0	0	0	1	0	1	0	1	0	2	1	1	2	0	0	1	1	0	1	0	1	0	1	1	0	1	2	0	2	0	0	1	0	1	0	1	0	1	0	0	0	1	0	1	1	1	1	0	0	0	1	0	1	1	1	0	
1	1	0	0	0	0	0	2	1	1	0	1	0	0	0	1	0	2	1	1	0	0	0	1	0	1	0	0	1	1	0	1	0	0	2	0	1	0	0	1	1	0	0	0	0	0	1	0	1	1	1	1	1	0	0	0	0	1	1	0	0	0	1	2	0	1	0	1	1	0	0	1	0	1	1	0	1	0	1	1	0	0	1	0	1	1	0	0	0	0	1	0	0	0	1	1	0	0	1	0	
1	0	0	0	0	1	1	0	0	0	1	2	1	1	0	0	1	2	1	0	1	1	1	0	0	0	1	0	0	0	2	2	0	0	0	2	0	1	0	0	1	0	0	1	1	1	1	1	1	2	0	0	0	2	1	1	2	1	0	1	0	0	1	0	1	0	0	1	0	1	0	0	1	0	0	1	0	2	1	0	1	1	0	0	0	0	0	0	1	0	1	0	1	0	1	1	0	2	0	1	
0	0	0	1	1	0	0	0	0	2	1	1	0	1	0	0	1	2	0	0	0	0	0	0	0	0	1	1	0	1	1	0	0	1	1	1	1	1	1	1	0	1	0	0	0	2	0	0	0	0	1	0	2	1	0	2	0	1	0	1	0	1	0	0	0	1	2	0	1	0	2	0	0	1	0	1	1	0	0	0	1	0	1	0	1	0	0	0	1	0	0	0	0	0	0	1	2	0	0	0	
1	0	0	1	0	1	0	1	0	0	0	0	1	1	0	1	2	2	0	1	1	1	0	0	1	1	1	0	0	1	0	2	0	2	2	0	1	1	0	2	1	0	1	0	0	1	0	0	1	0	1	1	0	1	0	1	2	1	0	1	0	0	0	1	0	0	0	1	1	1	1	0	2	2	1	0	1	1	1	0	0	1	1	0	0	0	1	0	0	0	1	0	0	1	1	1	2	1	1	1	
0	0	0	0	0	0	1	0	1	0	0	0	1	2	1	1	1	1	0	1	0	0	1	0	0	1	1	1	1	1	1	0	1	0	0	1	1	0	1	1	0	1	2	1	0	0	0	1	0	1	0	1	1	0	1	1	1	2	1	1	2	0	0	0	0	0	1	0	0	1	0	1	0	0	1	1	0	0	1	1	0	1	1	1	1	1	0	0	0	1	0	1	1	1	0	0	1	1	1	0	
0	0	0	0	1	0	0	1	1	0	0	0	1	0	0	0	1	0	1	1	1	0	0	0	0	0	1	2	1	1	1	0	0	1	0	1	0	1	1	1	1	1	0	1	0	2	0	1	1	0	0	2	1	1	1	0	2	1	1	0	1	0	0	1	1	1	1	0	1	0	0	0	1	2	1	1	0	0	0	0	0	0	0	1	0	1	1	1	0	1	1	1	1	1	1	2	0	1	2	1	
1	1	0	1	0	0	0	0	0	1	2	1	0	1	1	0	0	0	2	0	0	1	1	1	0	2	0	0	0	0	0	0	1	1	0	1	1	1	1	1	0	1	1	1	0	0	0	0	1	0	1	1	0	0	0	1	0	0	1	1	0	2	0	1	0	1	0	1	0	0	2	1	1	1	1	1	0	0	1	0	1	1	0	0	1	0	1	0	2	1	0	0	0	1	1	0	0	2	0	2	
0	0	0	1	2	1	1	1	1	0	1	0	0	1	0	1	1	0	1	0	2	1	0	1	0	1	0	0	1	1	1	0	0	1	1	1	0	0	0	0	0	0	0	1	1	0	2	0	0	0	1	1	1	1	1	0	1	0	0	1	2	0	1	0	0	1	1	1	0	2	1	0	0	0	1	0	1	0	1	1	1	0	1	1	1	0	1	1	0	0	1	1	0	2	1	1	1	0	1	1	
1	1	0	0	1	2	1	0	0	1	0	2	0	1	0	1	0	0	0	0	0	0	0	1	0	0	1	1	0	0	0	0	1	0	0	0	0	0	0	1	0	1	0	0	0	0	1	1	1	1	0	0	0	1	0	1	1	0	1	0	1	0	1	0	1	1	1	0	1	0	1	1	0	0	0	0	2	0	0	1	0	0	0	2	0	1	1	0	0	1	1	1	0	2	1	0	0	1	1	1	
1	0	1	1	1	1	1	1	1	1	1	0	1	1	0	0	0	0	0	0	0	1	0	1	1	0	0	0	0	0	1	1	0	0	0	1	1	1	1	1	0	0	0	1	0	1	2	0	1	1	0	0	0	1	0	0	1	1	0	0	1	0	0	1	1	0	2	0	2	0	1	0	1	1	0	0	0	2	1	0	1	1	0	1	0	0	1	1	0	0	0	0	0	1	2	0	1	1	2	0	
1	0	1	0	0	1	0	1	2	0	0	1	0	0	1	0	1	0	1	2	1	2	1	1	0	0	1	1	1	0	0	1	1	0	1	0	1	1	0	1	1	1	0	0	1	1	1	0	0	0	0	2	1	2	0	1	0	1	0	0	1	1	1	0	1	1	0	1	0	0	2	0	1	0	0	1	1	0	1	1	0	0	0	0	1	1	0	0	1	1	1	0	1	1	0	1	1	1	1	0	
1	1	1	0	1	2	1	1	2	1	1	2	1	1	0	0	1	1	0	1	0	0	0	0	1	0	0	2	0	0	1	1	1	0	1	0	0	1	0	2	0	1	1	1	1	0	0	0	0	0	0	0	0	1	1	0	1	2	2	0	0	1	2	1	1	0	1	0	0	0	0	1	1	1	0	1	0	0	1	0	1	1	0	1	1	1	1	1	1	0	0	0	1	1	0	1	0	2	0	0	
0	1	0	0	1	0	1	1	1	1	0	1	0	1	0	0	1	0	1	1	0	2	0	1	0	1	0	1	1	0	1	1	0	1	1	0	1	1	0	1	1	0	0	0	1	1	0	0	0	2	0	1	0	0	1	0	1	1	0	0	0	0	1	0	1	0	0	0	0	1	2	1	0	1	0	0	0	0	1	1	1	0	2	1	1	0	0	1	1	1	1	0	0	1	1	1	1	1	1	1	
1	0	1	0	1	1	1	0	1	1	0	1	0	1	0	0	0	0	1	1	0	0	0	1	0	1	2	0	0	0	0	1	1	2	2	1	1	2	1	0	0	0	1	0	1	0	0	0	0	1	1	1	0	0	0	1	1	1	1	0	0	0	1	0	1	0	1	1	1	0	1	0	1	1	0	0	0	0	1	0	0	0	1	1	0	1	0	0	1	0	1	1	1	0	0	0	0	0	0	0	
0	0	1	1	1	1	1	0	0	2	0	2	0	1	1	0	0	1	0	0	0	1	1	1	1	1	0	0	1	0	2	0	0	1	1	1	0	1	1	1	0	1	0	1	2	1	0	1	0	2	0	0	0	0	0	1	0	2	0	1	0	0	0	0	0	0	1	0	0	1	0	0	0	0	0	1	0	0	1	0	0	1	0	0	1	0	0	1	1	0	0	1	0	0	2	0	2	0	1	0	
0	0	0	1	1	0	1	0	0	0	1	1	0	0	1	1	1	0	0	1	1	1	0	0	0	1	1	0	1	2	1	0	0	1	0	2	1	0	1	0	1	0	0	0	0	1	1	0	0	1	0	1	0	1	1	0	0	1	1	0	1	0	0	1	0	1	1	2	0	1	1	0	0	1	0	1	0	1	0	0	0	2	1	0	1	0	0	0	0	0	1	1	0	0	0	0	1	0	2	1	
1	1	0	2	0	0	0	1	0	0	2	0	0	1	1	0	0	1	1	0	1	0	1	1	1	0	1	1	1	0	1	0	1	1	1	0	1	1	1	0	1	0	0	1	1	1	1	1	0	1	0	0	0	0	1	1	0	0	1	2	1	1	1	0	1	0	0	0	1	0	0	0	1	1	1	1	0	0	0	1	1	1	0	0	0	1	1	1	1	1	0	1	0	0	1	1	1	0	1	1	
0	1	0	0	1	2	1	0	0	1	0	1	1	0	2	1	0	0	0	0	1	1	1	1	0	0	0	0	0	0	0	0	1	1	1	0	1	1	1	0	1	0	0	1	0	1	1	1	0	1	0	1	0	1	0	2	0	0	2	0	0	2	0	0	0	1	0	0	0	0	2	0	0	0	0	2	0	1	2	1	1	0	2	1	1	1	1	0	1	0	0	0	0	0	1	1	0	0	0	1	
1	1	0	0	0	0	1	0	1	1	0	1	1	1	1	1	0	1	0	0	1	1	1	0	0	0	1	0	0	1	1	0	0	0	1	0	0	0	0	1	0	0	2	1	2	1	2	1	0	1	1	0	1	0	0	1	0	1	0	0	0	0	0	1	0	1	1	1	0	0	1	1	1	1	1	2	1	0	1	0	1	1	0	1	1	1	1	2	0	1	0	1	0	0	0	0	1	1	2	0	
1	0	1	0	1	2	0	0	1	1	1	0	0	1	0	0	0	1	1	0	0	0	0	0	1	1	1	0	0	0	1	0	1	2	1	0	2	1	0	1	2	1	1	0	0	1	0	1	0	1	1	0	0	0	1	1	0	0	0	0	0	0	1	1	0	1	1	0	0	1	0	1	2	0	1	1	0	1	0	1	2	0	2	1	1	1	1	1	0	0	0	0	0	0	2	2	1	1	1	1	
0	1	0	0	1	1	0	1	1	0	0	0	2	0	2	1	0	0	0	0	1	0	1	0	2	1	0	0	1	0	0	0	2	1	1	1	1	0	1	2	1	1	1	1	1	0	0	1	0	1	0	0	0	1	0	0	0	0	0	1	0	0	1	1	0	0	1	0	0	0	1	0	1	1	0	0	0	2	1	1	0	0	0	1	1	1	2	1	0	1	1	0	0	1	0	0	1	1	2	2	
0	0	2	0	0	2	1	1	0	2	0	0	0	0	2	1	0	0	0	2	0	1	1	1	0	1	1	1	0	0	1	1	1	1	0	2	0	0	0	0	0	0	0	1	1	0	1	1	0	0	0	0	0	1	0	0	0	0	0	1	0	1	0	1	1	1	0	1	0	1	0	1	2	1	0	1	0	2	1	0	1	2	2	1	0	0	0	0	1	0	0	0	0	2	0	1	0	0	0	0	
1	1	1	0	0	1	0	0	0	0	1	1	1	1	0	0	1	1	0	1	0	0	0	1	0	1	1	0	0	1	1	1	0	1	1	1	0	0	0	0	1	0	2	1	1	1	0	0	0	1	1	1	1	1	1	1	0	1	1	1	0	1	1	0	1	0	0	1	0	1	1	1	0	0	0	0	0	0	1	0	1	1	1	0	1	0	2	1	1	0	0	0	0	1	0	1	1	0	1	1	
0	1	1	2	0	0	1	0	1	0	1	1	0	0	0	0	0	0	0	2	2	1	0	1	1	1	0	1	0	1	0	0	0	2	1	0	0	0	1	0	1	0	1	0	1	2	0	1	1	1	0	0	1	0	0	0	1	0	1	1	0	0	1	2	0	1	0	0	0	1	1	0	0	1	1	1	0	0	1	1	0	0	1	0	0	1	0	0	0	0	0	0	0	0	0	1	0	1	1	0	
2	1	0	1	1	0	1	0	0	0	0	0	1	1	0	0	0	0	0	1	1	1	0	0	2	2	0	1	0	0	0	0	1	1	0	1	0	0	0	0	0	0	1	1	0	1	0	0	1	0	1	1	1	1	1	0	0	2	1	1	2	2	1	0	1	0	0	1	0	1	0	1	0	1	0	0	0	1	1	0	1	2	0	1	1	0	1	0	0	0	0	1	0	1	0	0	2	0	1	0	
0	0	0	1	1	0	0	0	1	0	0	1	0	1	1	1	0	1	1	0	0	1	0	0	0	1	0	1	0	1	1	0	0	0	0	0	1	2	1	1	0	0	1	0	0	0	1	1	0	0	1	1	0	1	0	0	0	0	0	1	1	0	1	1	2	2	1	0	1	1	1	1	0	1	1	1	0	1	0	1	1	2	0	2	1	0	0	1	0	1	0	1	1	0	1	0	1	1	0	0	
0	2	1	1	2	0	0	1	1	0	0	1	0	0	0	1	1	1	0	1	1	0	1	1	1	0	1	0	0	0	0	1	0	1	1	0	2	0	0	0	0	0	1	0	2	0	1	1	1	1	0	0	1	0	1	1	1	0	0	1	1	1	0	2	0	1	1	0	0	2	1	0	0	1	1	1	0	1	1	0	0	0	1	0	1	1	0	0	1	1	2	0	0	0	0	2	1	1	0	1	
1	0	0	1	0	0	0	1	1	1	1	0	0	1	0	2	0	0	0	0	1	1	1	1	0	1	0	1	1	1	2	0	0	0	0	0	1	0	0	0	0	2	0	1	0	1	0	0	1	1	0	0	1	0	0	0	2	0	0	1	2	0	0	0	0	1	1	0	1	1	1	1	0	2	0	1	0	0	1	1	0	1	0	0	1	0	0	1	1	0	0	0	0	0	1	0	1	1	2	0	
1	0	0	1	1	1	1	1	1	0	0	0	0	0	1	0	1	1	0	0	1	1	0	1	1	1	0	1	0	0	1	1	1	1	2	0	1	1	1	1	1	1	1	0	1	0	1	1	0	0	0	0	0	0	0	0	0	0	0	1	0	2	0	2	0	0	0	0	1	1	1	1	2	0	0	1	0	1	0	0	1	1	1	1	0	2	0	1	0	0	0	1	0	0	0	0	1	1	0	1	
0	1	1	0	0	1	1	2	0	1	1	0	2	1	1	1	1	0	1	2	0	1	0	0	0	1	2	1	2	0	1	0	0	1	0	1	0	0	0	0	0	0	0	0	0	0	1	1	1	1	0	0	1	0	0	1	0	1	0	1	0	1	2	0	1	0	0	0	0	0	1	0	0	0	1	0	0	0	0	1	2	1	0	1	1	0	0	2	1	0	0	0	2	1	1	0	1	0	0	1	
0	0	0	0	1	1	1	2	1	0	0	1	0	0	1	0	1	0	1	1	0	1	0	1	1	1	0	1	1	2	2	1	0	1	0	2	1	0	1	1	1	1	1	0	0	1	2	0	1	0	0	1	2	2	0	0	1	1	0	1	1	0	0	1	0	0	0	1	1	1	1	0	1	0	1	1	0	1	0	0	1	0	0	1	0	1	0	0	1	1	1	0	0	0	1	0	0	1	1	0	
0	0	1	1	1	1	1	1	0	2	0	1	1	0	1	0	0	0	1	1	1	0	0	1	1	1	2	0	1	0	0	0	1	0	1	0	0	1	1	1	1	0	0	0	0	0	0	1	0	1	1	1	1	0	1	1	0	0	0	2	1	0	0	0	1	0	0	0	1	0	0	1	0	1	1	2	1	0	1	1	0	0	1	1	1	1	0	0	1	0	1	0	0	1	1	0	1	1	0	2	
1	1	2	1	1	0	0	0	1	1	1	0	0	0	1	2	0	1	0	0	1	0	1	1	1	1	1	1	0	1	1	0	0	0	1	1	1	1	0	1	1	1	0	0	1	0	1	0	1	1	1	1	0	1	1	1	1	0	0	2	0	0	0	1	0	1	1	0	0	0	1	1	1	2	1	0	0	0	0	1	0	0	0	1	1	1	1	1	0	0	0	1	1	0	2	0	1	1	0	0	
0	0	0	0	0	1	0	0	2	0	0	2	1	1	1	0	0	0	1	1	1	0	1	1	1	1	1	1	1	0	1	0	0	1	1	0	1	0	0	2	0	0	0	1	1	0	1	0	1	0	0	1	0	1	0	1	0	1	2	1	0	1	0	0	2	0	0	0	0	2	1	0	1	0	0	1	0	1	0	1	0	1	2	1	0	0	1	1	2	1	1	0	0	0	0	0	1	1	0	0	
0	0	0	1	0	0	0	0	0	0	0	1	0	1	1	0	1	1	1	1	0	1	1	0	0	1	0	2	0	0	0	0	1	0	0	0	1	1	1	1	0	0	0	1	0	0	1	1	1	1	0	0	0	0	1	0	1	0	0	0	1	2	1	0	1	0	1	0	1	1	1	0	1	0	1	0	1	0	1	0	1	0	1	0	0	1	0	1	0	0	1	0	1	0	1	2	1	1	0	0	
1	1	0	0	1	0	0	0	0	1	1	0	0	1	0	0	1	1	0	1	2	1	0	0	0	2	1	0	0	1	1	1	1	0	1	0	0	1	0	0	1	0	0	0	1	0	1	0	0	1	1	0	1	0	0	1	0	0	0	1	0	0	0	1	0	0	1	0	0	1	1	1	1	1	1	1	0	1	1	1	0	0	1	0	0	1	0	0	0	1	1	1	1	1	0	0	1	0	0	0	
1	1	0	0	2	0	0	1	2	2	0	2	1	1	2	0	1	1	0	0	0	1	0	0	1	0	1	1	0	0	0	0	0	1	1	0	0	0	0	1	1	1	0	0	2	1	0	1	0	1	1	0	1	1	0	1	1	2	1	0	1	0	1	2	2	0	0	1	0	0	0	1	1	1	0	0	1	1	1	0	1	0	0	0	1	0	1	0	1	1	0	0	1	1	0	1	1	0	1	1	
1	1	0	0	2	1	0	0	1	0	1	0	1	0	0	1	2	0	1	0	2	0	1	0	0	0	2	1	1	1	0	1	1	1	0	2	1	0	1	0	1	1	1	0	0	0	0	1	0	0	2	0	0	0	2	0	1	0	1	1	1	1	0	1	0	0	0	1	0	0	0	2	1	0	0	0	0	0	0	1	2	0	0	0	0	0	0	0	1	1	1	1	0	1	1	0	0	0	1	1	
0	0	2	0	1	2	1	1	0	0	0	1	1	1	0	0	1	0	0	2	0	1	1	1	1	0	0	1	0	1	1	0	0	0	2	0	2	0	0	0	0	0	0	0	0	1	1	1	0	0	1	1	0	0	1	0	0	0	0	0	1	0	2	1	1	0	1	0	1	0	2	0	0	0	0	1	1	0	1	2	1	0	0	1	1	0	1	0	0	1	0	1	0	1	1	0	0	1	0	2	
0	0	1	1	0	0	0	1	0	1	0	1	0	1	0	1	1	1	0	0	0	0	1	0	0	0	0	2	0	1	2	1	0	0	1	2	0	0	0	1	1	0	1	0	1	0	1	0	2	2	1	1	1	1	1	1	0	1	0	1	0	1	0	1	0	1	1	0	0	1	0	0	0	0	0	1	1	1	0	1	2	0	0	1	0	1	0	0	0	1	0	1	0	0	0	1	0	0	0	0	
1	1	1	0	1	1	1	1	1	0	1	0	0	2	1	1	0	0	0	0	1	0	0	0	1	1	0	0	0	0	0	1	0	1	1	1	0	0	0	0	1	1	1	1	2	1	2	1	0	0	1	1	1	1	0	1	2	0	0	1	0	1	2	1	2	1	1	1	0	0	1	1	1	1	1	1	1	1	0	0	0	1	2	2	0	0	1	0	1	1	1	1	1	0	1	1	1	0	1	1	
0	1	0	0	0	1	1	1	0	0	0	0	2	0	1	2	1	1	1	0	1	0	0	0	1	0	0	1	1	0	0	0	1	1	0	0	1	0	0	0	1	1	0	0	2	2	1	0	0	1	1	1	1	1	0	1	0	2	0	0	0	1	1	1	1	2	1	1	1	0	1	0	0	0	0	1	1	0	1	0	1	1	0	1	1	1	0	0	0	0	0	0	1	0	0	1	1	0	0	0	
0	0	0	1	1	1	1	2	1	1	1	1	0	0	0	1	0	1	1	1	0	1	0	0	0	0	0	1	0	0	0	0	0	0	0	1	1	1	0	1	1	0	0	1	0	2	0	0	1	1	1	1	0	1	1	1	1	1	1	1	0	0	1	0	0	0	1	0	0	0	2	1	1	1	0	1	1	1	0	1	2	0	0	1	1	1	1	1	0	0	2	0	1	1	0	0	0	0	2	1	
0	1	0	0	0	1	0	0	1	1	0	1	0	0	0	0	1	1	1	0	1	1	0	0	0	1	0	0	1	0	1	0	1	0	1	0	0	1	0	2	1	0	1	0	1	0	1	0	0	1	1	0	1	1	1	0	0	0	0	1	2	1	1	1	2	0	1	1	0	1	2	0	1	0	0	1	1	0	1	0	1	0	1	1	1	0	1	0	1	1	2	2	0	1	1	1	0	0	0	1	
1	2	2	0	0	0	1	0	2	0	1	0	0	0	0	1	1	0	1	1	1	0	0	0	2	0	0	1	2	1	0	1	1	0	1	1	1	1	0	1	0	0	2	1	1	1	1	1	0	0	1	0	1	0	0	1	0	0	0	1	0	1	0	0	1	1	1	0	1	0	1	0	0	1	0	0	0	1	1	2	1	0	1	0	2	1	1	2	0	1	0	0	1	0	0	0	0	1	0	1	
0	1	1	0	0	1	0	0	0	1	0	0	1	0	0	0	1	1	0	0	0	1	1	1	1	1	0	1	0	0	0	2	1	1	1	2	1	1	1	1	1	1	0	0	0	1	0	1	0	0	2	1	1	0	0	0	0	1	1	1	1	1	1	1	1	1	0	0	1	2	0	2	0	0	0	1	1	0	0	1	0	0	1	0	0	0	0	1	0	0	0	2	0	0	2	0	1	0	0	1	
0	0	1	0	1	1	1	1	1	0	0	0	0	0	1	0	0	2	0	0	0	0	1	0	0	2	0	1	0	1	0	0	0	0	1	0	1	0	0	0	1	1	0	0	0	1	0	0	0	1	0	1	0	0	0	1	1	0	0	0	0	1	0	0	0	0	0	0	0	0	0	1	0	1	0	0	0	0	0	1	1	0	1	1	0	0	1	0	0	1	0	1	0	1	0	0	0	1	0	0	
0	0	0	0	1	1	0	2	1	0	0	1	1	0	1	0	1	1	0	1	1	0	1	0	1	0	1	1	0	0	0	0	1	1	1	1	2	0	1	1	0	1	0	2	1	2	0	0	1	1	0	1	1	0	2	1	0	2	1	1	0	1	1	1	1	1	1	2	1	1	0	1	0	1	1	1	1	0	0	1	1	0	0	0	0	0	0	1	1	1	1	1	1	1	0	0	1	0	0	0	
2	1	0	1	0	0	1	1	1	1	1	0	1	0	1	2	0	0	1	2	1	1	0	0	0	0	1	1	0	0	0	1	0	0	0	0	1	1	1	0	2	1	0	1	1	0	0	0	1	0	0	1	1	0	0	1	1	1	0	1	1	0	0	0	1	1	1	1	1	0	2	0	1	2	0	0	0	2	0	1	1	0	0	2	1	0	0	1	0	0	0	0	1	1	0	1	1	0	1	0	
0	0	1	1	0	1	1	1	0	1	1	0	0	1	2	0	0	0	2	0	1	0	0	1	0	0	1	0	0	0	0	0	1	1	2	0	1	1	1	0	1	0	0	0	1	0	1	1	1	0	1	0	0	1	0	1	0	0	0	1	1	1	1	0	0	0	0	2	1	0	2	1	1	0	1	1	1	0	0	1	0	1	0	0	1	1	1	1	1	0	0	1	1	1	0	1	0	1	1	1	
0	1	1	0	1	1	0	1	0	0	1	1	1	0	1	1	0	2	0	0	0	1	1	0	1	0	0	2	1	0	1	0	1	2	0	1	1	0	1	0	0	0	1	0	1	0	1	0	0	1	0	1	0	0	0	0	0	0	1	0	2	0	1	1	0	0	1	0	0	1	1	1	0	1	0	1	1	0	0	1	1	1	0	0	1	0	0	1	2	1	1	1	0	0	1	0	1	0	0	0	
0	1	0	0	2	1	0	0	0	0	1	1	1	1	0	1	0	1	1	0	2	0	1	0	1	0	1	1	0	0	0	1	0	1	0	0	1	0	1	0	0	0	1	1	0	2	0	1	1	1	0	1	0	0	0	0	2	0	2	1	0	1	0	0	1	0	0	1	0	1	1	0	0	0	1	1	1	0	1	2	2	2	0	1	0	1	1	1	1	0	0	0	0	0	0	2	1	1	0	0	
0	1	0	0	1	0	1	0	1	1	2	0	0	0	1	0	1	0	1	1	1	1	0	0	1	0	0	0	0	0	1	0	0	0	2	0	1	0	0	1	0	0	0	0	1	0	0	0	1	1	1	1	0	1	0	0	0	1	1	0	1	0	0	0	1	0	0	1	1	0	0	0	0	1	1	0	1	0	0	0	2	1	1	0	1	0	2	1	1	1	0	1	1	0	0	0	0	1	2	0	
0	1	1	1	0	1	0	1	1	2	0	1	0	1	0	2	0	1	2	1	0	1	0	0	1	1	2	1	0	0	2	0	0	0	1	0	0	1	0	2	1	0	0	0	0	0	0	1	0	0	0	0	1	0	0	2	0	2	1	0	1	0	0	0	0	1	1	1	0	2	0	0	2	1	0	0	0	2	1	2	2	0	1	1	0	1	0	0	2	0	0	1	1	0	0	0	0	0	1	0	
0	1	1	0	2	1	0	0	0	0	0	1	0	0	0	0	1	1	0	0	0	1	1	1	2	1	1	0	0	1	1	0	1	1	1	1	0	0	1	0	0	0	0	1	1	0	2	0	1	2	0	0	0	0	1	0	2	0	0	0	0	1	1	1	1	1	0	0	1	1	0	1	0	1	0	0	0	0	2	0	0	1	1	1	2	0	0	1	1	0	1	1	0	1	0	0	1	0	0	1	
1	2	2	0	0	0	1	0	2	0	1	1	0	1	1	1	0	1	0	1	0	1	2	0	0	1	1	0	0	1	0	0	1	1	1	0	0	1	0	1	0	0	0	1	0	2	1	0	0	2	1	0	1	1	0	1	1	1	1	2	0	1	0	0	1	1	1	0	0	1	1	1	0	0	1	0	0	0	1	0	1	0	1	1	0	1	0	0	0	0	0	0	1	2	1	0	0	1	0	1	
0	0	0	0	0	0	1	0	0	0	0	0	1	0	0	0	1	1	1	0	1	1	0	1	1	1	0	0	0	1	1	0	0	0	1	1	1	1	1	0	1	1	0	0	0	1	0	0	0	1	1	1	0	1	1	1	0	0	0	0	0	0	0	1	1	0	0	1	0	0	0	0	1	1	1	0	1	0	1	0	2	0	0	0	1	0	1	0	0	0	0	0	1	0	0	0	0	1	0	0	
0	0	0	0	1	1	0	0	0	1	1	0	0	1	0	1	0	0	1	1	1	0	1	1	0	0	0	1	0	2	1	0	0	2	0	1	0	1	1	0	0	0	0	0	1	0	0	2	2	1	0	0	2	0	0	0	0	1	1	0	1	1	1	1	1	0	0	0	1	1	1	1	1	0	1	2	1	1	2	0	1	1	0	0	1	1	1	0	1	2	0	1	0	0	2	0	0	0	0	1	
1	1	0	1	1	1	1	1	0	0	1	0	1	0	1	0	0	0	1	0	0	0	0	1	0	1	0	0	0	1	1	1	0	1	0	1	0	1	1	1	1	0	1	1	0	0	0	1	1	0	1	0	0	1	0	1	2	1	0	1	1	1	0	0	1	1	0	0	0	1	1	0	0	1	1	1	0	0	0	1	1	0	1	1	0	1	1	1	1	1	1	0	1	0	1	0	1	0	0	1	
0	1	0	1	0	0	0	1	1	1	0	1	1	0	0	1	1	0	1	0	0	0	2	1	2	0	1	1	0	1	1	0	0	2	0	0	1	0	0	1	0	1	1	0	1	1	2	1	1	0	0	0	1	0	0	0	0	0	0	0	0	1	1	1	1	0	0	0	1	0	1	1	0	1	1	0	0	1	0	2	0	1	0	1	0	1	1	1	0	0	1	1	0	0	2	2	0	1	1	1	
0	1	1	0	1	0	1	0	0	0	0	1	2	2	1	2	0	1	0	1	0	0	1	0	1	0	2	1	1	1	0	0	0	0	0	1	1	0	0	0	1	1	1	1	0	1	0	1	0	0	0	1	1	1	1	1	0	1	1	2	0	0	0	1	0	1	1	1	1	1	1	0	1	1	0	0	1	1	1	0	0	2	1	1	1	0	0	1	1	2	1	0	2	0	0	1	0	0	0	0	
0	1	0	0	2	1	0	1	0	0	0	1	0	0	1	0	0	0	0	1	0	0	1	0	0	0	1	0	1	0	0	1	0	0	1	1	0	0	1	0	1	0	0	0	1	0	1	0	0	1	1	0	1	1	1	0	0	0	1	2	0	2	0	0	1	0	0	0	1	0	0	0	1	1	1	2	0	1	1	0	1	0	0	1	0	0	0	0	2	0	0	0	1	2	1	0	1	1	1	0	
0	1	0	0	0	1	1	0	1	1	0	1	1	1	1	1	1	1	0	0	0	0	1	1	0	0	1	1	0	1	0	0	0	1	1	0	0	1	0	0	1	0	0	1	1	0	1	2	1	0	1	0	1	0	2	0	1	0	0	1	0	1	1	2	0	1	1	0	0	0	0	0	0	1	2	0	1	1	1	1	1	0	0	0	0	1	0	0	1	1	2	0	0	1	0	0	1	0	1	1	
1	1	1	0	0	1	1	0	0	1	1	0	0	0	1	0	1	1	1	1	0	0	1	0	0	1	0	2	1	1	1	0	0	1	0	1	0	1	0	0	0	0	1	0	0	0	0	0	0	0	0	1	1	0	1	1	0	0	0	0	0	0	0	1	1	1	0	1	1	0	0	1	1	1	0	0	1	0	1	0	0	0	0	0	1	1	1	0	0	0	1	1	1	0	2	0	0	1	1	0	
0	0	0	0	0	0	1	1	1	1	0	2	1	1	1	1	1	1	0	1	2	0	1	0	0	0	0	0	0	1	2	1	0	1	0	0	1	1	0	0	0	2	0	0	0	1	0	1	0	0	0	0	1	1	1	0	0	1	0	0	0	0	1	1	0	1	0	2	2	1	0	0	0	0	0	0	1	0	0	0	1	0	1	1	0	0	1	1	1	1	0	0	0	1	0	0	1	0	1	1	
1	0	1	1	0	1	1	1	0	0	1	1	1	1	1	0	1	0	0	0	2	0	0	1	1	1	1	0	1	0	2	0	1	0	1	1	0	0	1	0	0	1	0	1	0	1	1	0	2	0	0	1	1	1	0	0	1	0	0	0	1	0	1	0	1	0	1	1	2	1	0	2	0	1	1	1	0	1	0	1	1	0	1	0	2	1	1	0	0	0	0	0	1	0	0	0	0	0	0	1	
1	1	0	1	0	1	0	1	1	0	0	1	1	1	0	0	0	0	0	1	0	1	1	0	1	1	1	1	0	1	1	0	0	0	1	0	1	1	1	1	0	2	1	1	1	1	2	0	0	1	1	2	1	0	0	1	1	2	0	1	0	0	0	1	1	0	0	1	1	0	1	0	1	0	0	0	0	0	1	0	0	1	0	1	0	0	1	0	1	0	0	2	0	0	0	0	0	0	1	0	
2	0	1	0	0	0	0	1	0	0	0	0	1	2	1	0	0	1	1	1	0	1	0	2	0	0	0	1	0	1	1	1	0	1	0	0	0	1	1	1	1	0	0	0	0	0	0	1	0	1	0	0	1	1	0	1	0	1	0	0	1	0	1	1	0	0	1	1	0	1	0	0	0	1	1	0	1	0	1	0	0	1	0	1	1	1	1	1	1	0	0	2	0	0	0	1	1	0	1	0	
0	0	1	1	0	0	1	1	0	1	0	1	1	0	1	0	1	0	0	0	1	1	1	0	1	1	0	1	1	1	0	1	0	1	0	1	0	0	2	0	1	1	0	1	1	0	1	1	2	0	1	1	1	1	1	0	0	1	1	0	1	1	0	0	1	2	0	1	0	0	1	0	2	0	0	1	0	1	0	1	0	1	0	0	1	0	2	1	1	1	0	1	0	0	0	0	1	0	0	1	
0	1	1	0	0	0	0	1	0	0	0	2	0	0	1	0	0	1	1	1	1	0	0	1	1	0	0	1	0	0	0	0	1	0	1	0	2	1	0	1	0	0	0	0	0	0	0	0	1	0	1	1	0	0	0	1	1	1	1	1	0	1	0	0	1	1	1	0	1	0	0	1	1	1	1	0	0	1	1	1	0	0	1	0	1	0	0	0	0	0	1	0	1	0	1	1	1	0	0	0	
1	1	0	1	0	1	1	1	0	1	0	0	0	0	1	1	1	1	0	1	1	0	1	1	0	0	0	1	1	1	1	1	2	1	0	0	0	2	1	0	1	1	0	1	1	0	1	0	1	1	1	1	1	0	1	0	0	1	0	0	0	0	2	1	1	0	1	1	1	0	0	0	0	1	1	0	1	0	1	2	2	0	0	1	1	2	2	0	0	0	1	1	1	0	2	1	1	1	0	0	
0	0	0	1	2	1	0	2	1	1	2	1	1	1	0	0	1	0	1	0	1	0	0	1	1	1	0	1	0	1	1	1	2	1	0	1	0	0	1	0	1	0	0	1	1	0	1	1	0	0	1	1	1	1	0	1	1	1	1	1	0	0	1	1	0	0	0	1	0	1	0	1	0	0	1	0	0	0	0	1	2	1	1	0	2	1	1	0	0	0	0	0	1	1	0	2	0	0	0	1	
1	1	1	0	0	0	0	0	1	0	1	0	0	0	0	1	0	1	1	1	1	0	0	1	1	2	0	1	0	1	0	1	1	0	0	0	0	1	0	0	0	0	1	0	0	0	0	0	0	0	0	1	1	1	0	0	0	1	0	0	0	0	0	1	1	0	2	1	0	1	0	0	0	0	1	0	1	0	1	1	0	1	0	1	0	0	2	0	1	1	1	1	1	0	0	0	0	0	0	1	
2	1	1	0	0	0	1	1	0	0	0	1	1	0	0	1	1	0	0	1	1	0	1	0	2	0	0	0	1	1	1	0	0	0	0	1	0	0	0	0	0	1	2	1	0	1	1	0	1	1	0	0	0	0	0	0	0	1	1	1	0	0	1	0	1	1	0	0	2	1	2	1	1	0	1	0	0	1	0	0	1	0	0	2	0	0	0	0	1	0	1	0	0	0	0	0	0	0	1	1	
0	1	1	0	1	0	0	1	0	0	1	0	1	0	1	1	0	1	1	1	0	1	1	2	0	1	0	1	0	0	1	0	1	0	1	1	1	1	1	0	0	0	1	0	1	1	0	1	0	0	0	0	1	1	1	0	1	1	1	0	1	0	1	0	0	0	1	1	1	1	0	0	1	1	0	0	0	0	1	1	1	0	0	0	1	2	1	0	2	0	0	1	1	1	0	1	0	0	1	1	
1	0	0	0	1	0	1	0	1	1	0	1	1	0	1	1	0	1	0	0	0	0	0	1	0	1	1	0	2	1	0	1	0	0	1	1	0	1	0	1	1	0	1	0	0	1	1	0	1	0	1	1	2	2	1	1	1	0	0	1	0	0	1	1	0	1	1	0	1	0	2	0	0	0	0	1	0	0	2	0	0	0	0	1	1	1	0	1	1	1	1	0	0	0	1	0	2	1	0	0	
0	1	1	1	1	0	0	1	1	0	0	1	1	0	0	0	1	1	0	0	1	1	1	1	0	1	1	1	0	1	1	1	1	1	0	1	1	0	0	1	1	0	0	1	1	0	0	1	1	1	2	1	2	1	1	0	2	0	1	2	0	0	0	1	1	2	0	0	1	0	0	0	0	2	1	0	1	0	1	0	0	1	0	0	1	0	0	1	1	0	1	0	0	0	1	0	1	2	2	0	
1	0	1	0	1	2	0	0	1	1	1	0	1	0	1	1	0	2	1	0	0	0	1	1	0	2	0	2	0	1	2	2	0	0	1	2	0	0	0	0	0	1	1	1	1	0	0	0	1	0	0	0	1	0	1	0	0	2	1	0	1	1	1	1	0	0	0	0	0	0	0	0	1	0	0	0	1	1	0	0	1	0	0	0	0	1	1	1	1	0	1	0	0	0	0	1	1	1	1	0	
1	1	1	1	1	0	0	0	1	1	0	0	0	0	1	1	0	0	1	1	0	0	1	0	1	0	1	1	1	1	2	0	0	0	0	1	0	0	0	0	1	0	1	0	0	1	0	1	0	1	1	1	0	1	0	1	0	0	0	1	1	1	1	1	0	0	2	1	1	1	0	0	0	1	0	0	1	0	0	1	0	0	1	1	1	1	0	1	1	1	1	0	0	1	0	0	0	0	1	0	
1	1	0	1	0	1	0	1	1	0	1	0	1	1	1	1	1	1	0	1	1	0	1	0	1	0	0	0	1	0	1	1	1	0	1	2	1	0	1	0	1	0	0	0	1	0	2	0	0	1	1	0	0	1	0	2	2	1	1	2	1	1	1	1	0	0	0	1	1	0	1	0	0	2	1	0	0	0	1	0	1	0	1	1	0	1	1	0	0	1	1	0	0	1	0	1	1	0	0	2	
0	1	1	0	1	0	0	1	1	0	2	1	0	1	1	2	1	1	1	0	1	0	1	0	0	1	0	1	0	1	1	1	1	1	0	0	0	2	0	0	1	0	0	0	1	0	1	1	0	0	1	0	0	1	1	0	1	0	0	1	0	0	0	1	0	1	0	0	0	0	1	0	1	1	0	1	0	0	0	0	1	1	0	0	1	1	0	1	1	0	0	0	1	0	0	1	0	0	1	0	
1	1	0	1	1	0	0	1	0	1	0	0	1	0	1	1	0	0	1	0	1	1	2	0	0	0	1	1	2	0	1	0	1	0	0	0	0	0	2	1	0	1	0	1	0	0	0	0	0	2	2	0	1	0	1	1	2	1	1	1	0	1	0	0	0	1	0	1	0	0	1	0	0	1	0	0	0	0	1	0	0	0	1	0	0	0	1	0	1	0	0	0	0	0	2	0	1	0	1	0	
0	0	1	1	0	1	0	1	0	0	2	0	1	1	0	1	1	0	0	0	0	0	1	1	1	1	0	0	1	1	0	0	1	0	0	0	1	1	0	0	1	0	0	0	0	1	1	2	0	1	0	1	1	0	0	1	0	1	0	0	0	0	0	1	1	1	0	1	1	0	0	1	0	0	1	0	0	0	1	1	0	0	0	1	0	0	1	0	0	1	0	1	1	2	2	1	1	0	1	1	
1	1	1	1	0	1	0	0	0	0	0	1	0	1	0	0	0	0	1	0	0	0	0	0	1	1	2	1	2	0	0	1	1	0	0	1	1	2	1	1	0	0	1	1	1	0	0	1	0	0	1	2	2	0	1	2	0	1	0	0	0	1	0	1	1	0	0	0	2	0	0	1	0	0	1	0	1	0	1	0	1	0	1	1	0	1	1	1	0	0	1	0	0	0	1	1	0	2	1	1	
0	0	0	0	0	1	0	0	1	1	1	1	0	0	1	0	0	1	0	0	0	0	1	1	0	1	1	1	1	1	1	0	1	1	1	1	0	1	1	0	1	0	0	1	1	1	0	1	0	1	1	1	0	2	1	1	2	1	1	0	1	1	0	0	0	1	0	0	1	0	0	0	0	1	1	0	1	0	0	1	1	0	2	0	1	1	1	0	1	0	1	1	0	0	0	0	0	0	0	0	
2	0	1	1	1	1	1	0	1	0	0	0	1	0	0	1	0	0	1	1	0	0	0	0	0	1	1	1	1	1	1	0	0	0	1	0	1	0	0	0	1	0	0	0	0	2	0	0	0	0	0	1	1	1	1	1	0	2	1	2	0	0	1	0	0	0	1	1	1	0	0	0	0	0	0	0	0	0	0	1	1	1	0	2	1	0	1	0	0	0	0	1	0	1	0	2	0	0	1	1	
0	0	1	0	1	1	0	1	1	1	1	1	1	0	1	1	0	1	0	0	0	1	0	1	0	1	0	0	1	0	1	0	1	1	0	0	1	1	1	1	1	0	0	1	1	0	0	2	1	0	0	0	1	1	0	1	0	1	0	1	1	0	1	0	0	1	1	0	0	0	0	1	0	1	1	0	0	0	1	0	0	0	1	1	1	0	0	1	0	0	0	0	2	1	0	2	0	0	1	0	
1	2	1	0	1	1	0	1	0	1	0	1	0	0	0	0	0	1	0	1	1	0	0	1	0	1	1	1	1	0	0	1	0	1	0	0	1	0	1	1	0	0	0	0	1	1	1	1	0	1	0	1	0	1	1	0	1	0	0	0	1	0	0	0	1	0	1	0	0	1	0	1	1	0	0	1	0	1	0	0	1	1	1	2	0	0	1	1	0	1	0	0	1	0	1	0	1	0	1	0	
1	0	1	0	0	0	0	1	0	1	0	1	2	1	0	0	1	0	0	1	0	0	1	1	0	1	1	1	1	0	1	1	2	0	0	0	0	1	1	1	0	0	0	0	0	1	1	1	0	1	1	0	1	1	1	1	0	1	0	1	0	1	1	0	0	2	0	0	0	0	0	0	0	2	0	1	1	2	0	1	1	1	0	2	0	1	0	0	0	0	0	1	1	0	0	0	0	0	0	1	
1	1	1	1	0	0	0	1	1	0	0	0	0	0	0	1	0	0	0	2	0	0	0	0	0	2	0	1	0	1	0	0	0	0	1	0	1	0	1	1	0	0	2	1	1	1	1	1	1	0	1	0	0	0	0	2	0	1	2	1	0	0	0	0	1	2	1	0	0	0	0	1	0	0	0	1	1	0	1	1	2	0	1	1	1	2	0	0	0	0	0	1	0	1	1	0	1	0	2	1	
1	1	0	2	1	0	1	0	1	0	1	2	1	0	0	0	1	1	1	1	1	1	0	0	0	1	0	1	1	1	0	0	0	0	0	1	1	1	1	2	1	1	1	1	1	0	1	1	0	2	1	1	0	1	0	0	1	1	1	0	0	0	0	1	2	1	0	1	1	0	0	1	0	1	0	1	0	0	0	0	0	0	1	1	1	0	0	0	1	0	1	1	1	0	1	0	1	1	0	1	
1	1	0	1	1	1	1	0	0	0	1	1	1	0	1	0	0	0	1	0	0	1	0	0	0	0	2	1	0	1	1	1	1	1	0	2	1	0	0	0	1	1	1	0	0	1	0	1	1	1	1	1	2	0	1	0	0	0	1	1	1	0	0	0	0	2	0	0	0	0	0	0	1	1	0	1	0	0	1	0	0	0	0	1	0	0	1	1	0	1	1	0	1	0	2	0	0	0	0	0	
1	0	2	0	0	0	2	0	1	0	0	1	0	1	0	0	1	0	0	1	2	0	2	2	0	0	0	1	2	0	1	1	0	0	1	0	1	1	1	0	0	2	0	0	1	0	1	1	0	1	0	1	2	1	0	1	0	1	1	0	1	0	1	0	0	0	1	0	1	1	0	1	0	0	1	0	1	0	0	0	1	0	0	1	1	0	0	1	0	1	1	0	1	0	1	0	1	1	1	2	
1	1	0	1	2	1	0	1	1	2	0	0	1	1	1	0	1	0	1	0	0	1	0	0	0	1	0	1	1	1	0	1	1	0	0	1	2	1	1	0	2	0	2	0	0	0	1	1	0	1	1	0	0	1	1	0	0	0	0	0	1	0	1	0	2	2	1	1	1	1	1	0	0	0	1	1	0	1	1	0	1	0	1	1	0	0	0	0	1	0	2	1	1	1	0	1	0	1	1	2	
1	0	1	0	1	0	0	0	1	1	0	0	1	0	1	0	1	0	1	1	0	1	2	0	1	1	1	1	1	2	1	0	1	0	0	2	0	1	0	1	0	2	1	0	0	1	1	0	0	0	0	0	0	0	0	2	0	1	0	1	0	1	0	1	0	1	1	0	1	0	1	1	1	1	1	0	2	0	1	1	1	0	1	1	2	2	0	1	0	1	1	1	1	0	0	2	1	1	1	0	
0	1	1	1	1	0	1	0	0	0	0	0	1	1	0	0	2	0	1	1	1	0	0	0	1	1	1	1	0	0	0	0	0	1	0	1	1	0	1	1	0	1	1	1	1	1	0	1	0	0	0	1	0	0	1	1	1	0	2	1	1	1	1	1	0	1	0	1	0	1	0	0	1	1	0	0	0	1	0	0	1	1	0	1	0	1	0	1	1	1	0	1	1	0	0	1	1	1	1	1	
1	0	0	1	1	2	1	0	1	0	0	2	0	1	1	0	0	1	1	0	1	0	0	0	0	0	0	0	1	0	1	0	0	1	1	1	0	0	2	1	1	0	0	1	0	1	0	0	0	1	1	1	1	0	0	0	0	1	1	0	0	0	1	1	0	1	1	0	1	1	1	0	1	1	0	1	0	0	0	0	2	1	0	1	0	1	0	0	0	1	0	2	0	1	0	1	0	1	0	2	
0	0	1	1	1	0	0	0	0	2	0	1	1	0	1	0	0	0	1	0	0	0	0	0	0	1	0	1	0	0	1	1	1	0	0	0	1	0	0	1	0	1	0	1	1	0	0	1	0	1	0	1	1	1	0	0	1	0	0	0	1	0	0	0	1	0	1	1	0	2	2	0	0	0	0	1	1	0	1	1	1	0	0	0	1	0	1	1	0	0	0	0	1	1	1	0	1	1	0	0	
1	0	2	0	0	0	0	0	1	0	1	0	1	0	0	2	1	2	1	0	1	0	1	0	1	0	0	0	1	1	1	0	2	0	1	1	0	0	0	0	0	0	1	1	1	1	1	1	0	1	0	1	0	0	0	0	1	1	0	0	0	1	0	0	0	1	0	1	1	0	0	2	0	0	1	0	1	0	1	1	0	2	0	0	1	1	1	1	2	1	1	0	0	0	2	2	0	1	1	0	
0	1	1	1	1	0	0	1	0	1	1	0	1	1	0	0	0	1	1	0	0	2	0	0	0	1	0	0	1	1	1	0	0	2	1	1	1	0	0	1	0	1	2	0	1	1	0	0	0	1	0	1	1	1	2	1	0	0	1	1	1	0	0	0	0	0	1	0	1	0	1	1	0	1	0	0	1	2	0	0	2	1	0	0	1	1	0	0	0	1	2	0	1	0	1	1	1	0	0	0	
1	1	1	1	0	0	1	0	1	0	0	0	1	1	0	0	1	1	2	1	1	0	0	0	1	1	1	0	1	1	0	0	0	1	0	1	1	0	1	1	0	1	1	1	1	0	2	1	0	0	0	1	0	1	1	1	1	0	1	1	0	0	0	0	0	1	0	0	0	1	1	0	0	1	1	1	1	0	1	0	1	0	0	1	1	2	1	1	1	0	1	1	1	1	0	0	1	1	1	0	
1	0	0	0	0	0	0	1	0	0	1	1	1	1	0	0	0	0	1	0	0	0	2	0	0	0	0	2	1	0	1	0	0	1	0	2	0	0	0	1	1	1	1	1	0	1	1	1	1	0	1	0	0	1	0	0	1	1	1	1	1	0	0	2	1	0	0	0	1	0	1	1	2	1	1	0	1	1	0	0	1	0	1	0	0	0	0	0	0	0	1	0	1	0	0	0	2	1	0	0	
0	0	1	0	0	2	0	0	1	1	2	1	1	1	0	1	0	0	1	1	0	0	1	1	0	1	0	0	0	1	1	0	0	1	1	1	0	0	1	0	0	1	1	0	2	0	1	0	1	0	0	0	1	2	2	2	1	1	1	0	0	0	0	2	1	0	1	2	0	1	0	0	2	1	0	0	0	0	0	2	1	1	0	0	0	0	0	0	1	0	0	1	0	0	1	0	0	1	0	1	
1	0	1	0	1	1	0	1	0	1	1	1	0	1	0	2	0	0	1	1	0	1	0	1	0	1	0	1	0	1	1	1	1	1	0	0	1	0	0	0	0	1	0	0	0	1	1	1	1	0	0	0	0	1	0	2	1	0	0	0	1	0	1	1	1	0	1	1	0	0	0	0	1	0	2	1	1	0	1	0	1	0	1	0	1	0	1	1	1	1	1	1	1	1	1	1	1	2	1	0	
1	0	1	0	1	0	0	0	1	1	1	0	2	0	0	0	0	1	1	0	0	0	2	0	1	1	1	2	1	0	0	1	1	0	0	0	1	0	0	2	2	1	0	0	0	1	0	1	1	0	0	1	2	1	2	0	0	0	0	0	0	0	0	0	0	0	0	1	1	0	1	1	1	1	1	2	1	2	1	1	1	0	0	0	0	1	1	1	2	1	1	0	1	1	0	0	0	2	2	1	
0	2	0	0	0	2	1	0	0	0	1	1	0	1	0	0	1	1	1	1	2	2	1	2	0	0	0	2	1	2	1	0	0	1	1	1	1	1	0	0	0	1	1	0	1	1	1	1	2	2	1	1	1	1	0	0	1	1	0	0	0	0	1	0	0	1	0	1	0	1	1	1	0	1	0	2	0	0	1	1	0	0	1	1	0	0	0	1	1	1	0	1	0	2	1	1	1	1	0	0	
0	2	0	1	1	0	0	0	0	0	1	1	0	0	0	0	0	0	0	0	0	0	2	0	1	0	1	1	0	0	0	0	0	0	1	1	0	0	1	0	2	1	1	0	1	1	1	1	0	0	2	1	0	1	0	1	0	1	2	0	0	0	0	0	1	0	1	0	0	1	0	0	0	0	0	1	0	0	0	1	1	0	0	1	1	0	1	1	0	0	1	0	0	0	0	0	0	0	2	0	
1	1	0	0	1	0	1	1	0	0	0	1	0	0	1	0	0	0	2	1	1	2	1	1	0	2	1	0	1	0	0	0	0	1	1	1	1	1	0	1	1	0	1	1	1	1	0	0	0	1	1	0	0	0	1	1	1	1	0	0	1	1	0	0	1	0	0	2	0	1	1	1	0	0	1	0	1	0	1	1	0	0	0	1	1	1	0	0	1	0	1	0	1	0	1	0	0	1	1	1	
0	0	1	0	1	2	1	0	1	1	0	1	1	0	0	2	0	0	1	1	0	0	1	1	1	1	1	0	1	0	2	0	1	0	0	1	0	1	1	1	1	1	2	0	0	0	1	1	1	1	0	0	0	0	0	0	0	1	0	1	1	1	1	1	1	0	1	1	2	0	1	0	0	0	1	1	1	1	1	1	1	1	0	0	0	1	1	1	2	1	2	1	0	1	0	0	1	0	2	0	
1	2	0	0	0	0	0	1	1	0	2	1	1	1	1	1	0	0	1	0	2	2	1	2	0	0	1	0	1	0	0	1	1	1	0	0	0	1	1	0	1	0	0	0	1	0	1	0	0	1	0	1	1	1	0	0	0	1	0	0	0	0	0	2	0	0	1	1	2	0	1	0	0	0	0	0	1	0	0	1	0	1	0	1	1	1	1	1	0	0	0	0	1	2	1	0	1	0	0	2	
1	1	0	0	1	0	1	1	0	1	1	1	1	0	1	0	0	0	0	1	0	0	0	1	1	1	0	1	1	0	0	1	1	2	2	0	0	0	1	0	0	0	1	1	2	0	1	0	2	1	0	1	0	0	1	0	1	1	1	1	1	0	1	2	0	0	1	1	1	1	0	0	0	0	0	1	1	0	0	1	1	1	0	0	0	1	1	0	1	0	1	2	1	0	0	1	0	1	1	0	
0	1	1	0	1	0	1	0	0	0	0	1	1	0	1	0	1	0	1	0	1	0	2	1	1	1	1	0	0	0	0	1	0	0	0	0	0	2	0	1	0	1	0	2	0	1	2	0	0	2	0	0	1	0	2	0	0	0	0	0	1	0	1	1	0	0	0	0	1	1	0	0	2	1	1	0	0	1	1	0	0	1	1	0	2	1	1	1	1	1	0	0	0	1	1	0	1	0	1	1	
1	0	1	1	0	0	2	1	0	1	1	1	0	0	0	0	0	1	0	1	1	1	1	1	1	0	1	1	0	0	1	0	0	0	0	1	0	0	0	0	0	1	1	1	1	1	1	0	1	1	1	0	1	0	0	0	0	1	1	1	1	0	0	1	0	0	0	1	1	0	0	0	0	1	1	0	1	0	0	1	1	1	0	2	0	0	0	0	1	0	1	0	1	0	0	0	0	2	0	0	
0	0	1	1	1	1	0	0	1	0	1	0	2	1	1	1	1	0	0	1	0	0	1	0	0	1	1	2	1	0	1	1	0	1	0	0	1	1	0	1	2	0	0	0	0	1	1	0	2	1	1	0	0	2	2	1	0	1	0	0	0	0	1	1	0	1	1	0	2	0	0	0	0	0	1	0	0	0	1	1	0	1	1	1	0	0	0	0	0	1	1	1	0	0	1	0	1	1	1	0	
1	2	1	0	0	2	0	0	0	1	1	1	0	1	1	1	0	0	0	0	1	0	0	1	1	0	1	1	1	2	1	1	0	1	2	1	1	0	0	0	1	1	1	0	0	0	0	1	0	0	0	1	1	1	1	0	1	1	0	0	1	2	0	1	1	0	1	0	1	0	0	0	0	1	0	0	1	0	0	1	0	0	2	1	0	1	0	1	0	0	1	2	1	0	1	1	1	0	1	1	
1	0	2	2	1	1	1	1	0	1	1	1	1	1	1	0	1	0	1	1	0	0	0	0	1	1	2	1	0	0	1	0	0	0	0	0	1	1	1	0	0	1	1	1	0	1	1	1	1	1	0	0	0	0	1	0	0	0	0	0	1	1	1	1	1	0	0	1	0	1	0	0	1	1	1	0	0	1	1	1	0	1	0	1	1	1	2	2	0	0	1	0	0	2	0	0	1	1	1	1	
0	0	0	1	0	0	2	0	1	1	1	0	0	1	1	1	0	0	0	0	0	0	1	0	0	1	1	1	1	1	0	0	2	0	0	1	0	2	0	1	0	1	0	1	1	0	0	1	1	0	2	2	1	1	1	2	0	1	1	2	1	0	2	0	0	0	0	0	0	0	2	1	1	1	1	0	0	0	1	1	1	1	1	0	0	0	2	0	0	0	1	0	1	0	0	0	2	0	0	1	
0	0	1	0	1	0	1	1	1	0	0	1	0	1	1	2	0	0	1	1	1	0	1	1	0	0	1	0	0	0	1	0	0	1	1	1	1	0	1	1	0	1	1	1	1	0	0	1	0	1	0	1	0	1	0	0	1	0	1	0	1	1	1	0	1	1	0	1	2	0	1	1	0	1	1	1	1	1	0	0	1	0	1	1	0	1	0	1	0	0	0	1	1	1	0	0	0	0	0	0	
0	1	0	0	0	1	0	2	1	1	1	0	0	1	1	0	0	1	0	0	0	1	0	0	1	1	1	1	1	2	1	0	0	1	1	0	0	1	0	1	0	0	1	1	0	0	0	0	0	0	0	0	1	1	0	1	0	0	0	0	0	0	1	1	0	0	0	1	1	1	1	0	0	1	1	2	0	0	1	0	0	1	0	1	0	0	0	0	0	0	0	0	1	0	0	1	0	0	0	0	
0	1	1	1	1	1	1	1	1	1	1	1	2	1	1	1	1	1	1	1	0	0	1	0	0	0	2	2	0	0	1	0	0	0	0	1	1	0	0	0	0	0	1	0	0	1	2	1	1	1	0	1	2	1	1	2	0	1	0	0	0	1	2	0	1	1	0	1	1	2	1	1	0	0	1	1	1	1	0	1	1	0	1	2	0	1	0	0	0	0	1	0	0	1	0	0	0	1	2	0	
2	1	0	0	1	0	1	1	0	2	0	1	0	0	1	1	1	0	1	0	0	0	0	2	0	0	0	1	1	1	0	1	0	1	1	1	1	1	1	1	1	0	2	1	1	0	1	0	0	1	1	0	1	2	0	2	1	0	1	0	0	0	0	0	0	0	0	1	0	0	1	1	0	1	0	1	1	1	1	0	1	0	2	0	1	1	1	0	0	0	1	1	0	1	0	0	2	1	1	0	
1	1	1	1	0	1	1	0	2	1	1	0	0	1	1	1	0	1	1	1	0	1	0	0	2	0	1	1	0	1	1	0	2	1	1	1	0	0	1	0	0	1	1	1	0	2	0	0	1	1	1	2	1	0	0	1	0	0	0	1	0	0	1	0	1	0	1	1	0	1	1	1	1	0	1	0	0	0	0	1	2	1	0	0	0	2	0	0	1	0	1	2	0	0	1	1	0	1	0	0	
1	0	0	0	0	0	1	1	1	0	0	1	2	0	0	1	0	0	0	1	0	0	1	0	1	1	0	1	1	0	1	1	1	1	1	0	1	1	0	1	1	1	1	1	0	0	1	0	1	0	1	1	1	1	1	0	1	1	1	1	1	1	0	0	1	1	0	1	1	0	0	2	0	1	1	2	2	1	0	1	1	0	1	1	0	0	0	2	1	0	1	1	2	0	1	2	0	1	0	0	
2	2	0	0	0	0	0	1	0	1	0	1	0	0	0	0	0	0	0	0	1	1	2	1	1	1	0	2	0	0	0	1	2	0	1	1	1	0	1	1	0	1	2	0	0	1	0	1	1	1	1	1	0	0	1	0	1	1	0	0	0	0	0	0	2	0	1	1	1	2	1	1	1	0	1	0	1	1	0	1	0	1	2	1	1	0	0	1	1	2	0	0	0	0	0	1	1	1	1	0	
2	2	0	0	0	0	1	0	0	0	1	2	0	1	2	0	1	1	1	0	0	0	2	0	1	0	1	0	0	1	0	0	1	0	1	1	1	0	0	1	0	0	1	0	1	1	2	0	1	1	0	1	0	0	1	1	1	1	1	1	1	0	0	0	0	1	1	1	1	1	1	1	1	0	1	0	1	0	0	1	1	1	0	0	0	2	0	0	2	0	1	0	0	0	1	1	2	0	0	0	
2	0	0	1	0	1	0	1	0	0	0	0	1	0	0	0	0	1	1	1	0	1	1	0	2	0	1	0	1	0	2	1	0	0	1	0	1	1	0	0	0	1	1	1	0	0	0	2	1	0	1	1	1	0	0	1	1	0	1	0	1	1	1	0	0	0	0	1	1	1	0	0	2	0	1	0	0	1	1	0	1	1	2	1	0	0	1	1	1	0	0	0	0	1	1	0	0	0	1	0	
0	0	0	0	1	1	0	1	0	1	1	0	2	1	1	0	0	1	0	0	1	2	0	0	0	0	1	0	1	1	0	0	1	1	0	0	0	1	1	0	0	2	1	1	1	0	2	0	1	0	1	0	0	0	1	2	1	0	0	1	1	1	0	0	0	0	0	0	1	1	0	1	0	1	1	0	0	0	0	1	1	1	1	0	1	1	0	0	1	1	0	1	0	1	0	0	0	0	1	0	
1	1	0	1	0	1	0	0	0	1	0	1	1	1	0	0	0	1	1	1	0	0	0	1	0	0	0	0	0	2	0	0	1	0	0	1	0	1	0	0	2	2	2	0	0	1	2	1	0	0	0	1	0	0	0	1	1	0	1	1	0	1	0	1	0	0	0	1	0	0	2	0	0	1	1	1	1	2	1	0	1	0	0	0	1	0	0	1	1	0	0	0	0	0	0	0	2	1	1	1	
0	2	1	0	2	0	2	2	0	0	1	0	2	0	0	0	2	1	1	0	1	1	0	2	1	0	2	0	1	1	0	0	0	0	0	1	0	0	0	0	1	1	0	1	1	0	0	1	0	0	1	0	1	2	1	1	1	0	0	2	1	0	1	0	1	0	1	0	0	1	2	1	0	1	0	0	0	0	1	0	1	0	0	0	0	0	0	0	0	0	1	0	0	1	0	1	1	1	1	0	
0	0	0	0	1	0	0	1	0	0	1	0	1	2	1	0	1	2	1	1	1	0	1	1	0	0	0	1	0	2	0	1	2	2	0	1	1	2	0	0	0	0	0	1	1	0	0	0	1	0	2	1	1	0	1	1	1	1	1	1	1	0	0	0	0	0	0	0	0	2	1	1	0	1	1	0	1	1	2	0	0	2	0	1	0	0	0	0	1	0	0	1	1	0	0	0	2	1	1	1	
2	1	0	0	0	0	1	2	2	1	0	0	0	2	1	1	0	0	0	1	0	1	1	1	0	0	0	2	1	1	0	0	0	1	0	2	0	1	1	1	1	0	0	1	0	1	1	0	0	1	0	0	0	1	0	0	0	0	0	0	1	0	1	1	0	2	1	0	0	0	0	0	0	0	1	1	0	2	1	0	0	0	0	0	0	0	0	1	0	0	0	0	1	0	1	0	0	1	1	0	
1	0	0	0	0	0	0	0	2	2	0	1	0	0	1	1	2	1	1	0	1	1	0	0	1	0	2	1	0	0	0	0	1	0	0	0	0	0	0	1	1	1	0	0	1	0	1	0	1	0	0	0	0	1	0	0	1	0	0	1	0	1	0	1	1	0	1	0	1	0	1	1	2	0	0	1	0	0	0	0	0	0	1	0	0	0	0	0	2	0	0	0	0	0	1	0	1	0	0	0	
2	1	0	0	0	0	2	1	0	0	0	1	1	1	1	0	0	0	1	0	1	0	1	0	1	1	0	1	0	1	0	0	0	1	1	0	1	0	0	1	1	0	0	1	0	1	0	0	0	1	0	1	1	1	0	0	1	0	0	0	0	0	0	2	0	1	1	0	1	1	0	0	0	1	0	1	1	0	0	1	0	0	0	0	0	2	1	0	1	0	1	0	2	0	0	2	0	0	1	1	
0	0	0	0	1	0	1	1	0	1	1	1	0	1	0	0	1	0	1	0	1	1	0	1	1	0	1	1	0	1	2	0	0	0	0	0	1	0	1	1	0	0	0	1	0	1	1	1	0	1	1	2	0	0	0	2	1	0	0	0	1	0	2	2	0	1	1	1	1	1	0	0	1	0	0	0	1	0	0	2	0	1	0	0	1	1	0	0	1	2	0	0	0	1	1	0	2	1	1	1	
0	0	0	0	1	2	1	0	1	2	1	2	0	0	1	1	0	2	0	1	0	0	0	1	1	0	1	1	1	0	1	0	1	1	1	0	0	0	1	0	0	0	2	2	0	0	1	0	1	1	2	1	0	1	1	1	1	1	0	1	1	0	0	0	0	1	1	0	1	0	0	2	0	0	1	0	1	1	1	0	1	2	2	2	1	1	0	1	1	1	0	0	0	0	0	0	0	1	0	0	
1	0	0	2	1	0	0	1	1	0	0	1	0	0	0	2	1	0	2	1	1	1	0	0	2	1	0	0	1	0	1	2	0	0	0	1	0	1	1	0	2	1	0	0	2	0	0	0	1	1	0	2	1	1	0	1	0	1	0	0	0	0	0	1	1	0	0	1	1	0	0	1	0	0	1	0	1	0	1	0	1	1	0	0	0	0	0	1	0	0	0	1	0	1	0	2	1	1	1	0	
0	0	1	1	0	0	1	1	1	0	1	1	1	0	0	0	0	0	1	0	1	1	0	0	2	0	1	0	1	0	0	0	1	1	0	1	1	0	0	1	1	1	0	0	1	1	0	1	1	1	1	1	1	0	1	0	1	1	1	0	0	0	0	0	1	1	0	0	0	0	1	0	1	1	1	1	0	1	1	0	0	0	0	0	0	0	1	0	1	1	0	1	2	1	1	1	1	0	1	1	
1	0	0	0	1	0	0	1	0	0	1	1	0	0	0	2	0	0	0	0	1	0	0	0	2	0	0	1	0	1	0	2	0	0	0	1	1	0	0	1	0	1	1	0	1	1	1	1	0	1	1	1	0	0	1	0	0	0	2	0	0	1	0	0	0	0	1	1	0	0	2	0	0	0	0	0	0	1	2	0	0	0	0	0	0	0	1	0	0	1	1	1	0	0	0	0	2	1	0	1	
0	1	0	1	0	0	0	0	0	1	1	1	0	1	0	1	2	0	0	0	0	0	0	1	0	0	1	0	1	0	0	1	0	0	1	1	0	0	1	1	0	0	0	0	0	1	2	1	1	0	0	1	0	1	0	0	0	1	0	1	1	0	0	0	0	0	0	0	1	1	1	2	0	1	1	2	1	1	0	1	1	1	1	1	1	0	1	1	1	0	0	1	0	0	1	1	0	1	0	0	
0	1	1	1	0	0	2	1	1	0	0	1	0	1	0	0	0	1	0	2	0	0	0	0	1	0	0	0	0	0	0	0	0	0	1	0	1	0	1	2	0	1	0	1	0	0	1	1	0	1	0	0	0	1	0	0	2	1	1	0	1	0	0	2	1	1	0	0	1	0	0	1	1	0	0	1	1	0	1	1	2	0	2	0	1	1	2	1	1	0	0	0	1	1	0	0	2	0	0	0	
0	1	1	1	1	1	1	0	1	1	1	1	1	0	0	1	0	0	1	0	0	2	0	0	0	0	1	0	1	0	1	1	1	1	0	1	1	0	1	0	0	0	2	0	0	1	0	1	1	0	1	0	1	0	1	0	1	2	1	0	1	1	0	0	0	1	1	0	1	1	2	0	1	0	1	2	1	1	0	0	0	1	0	0	0	0	1	0	0	0	1	1	0	1	0	1	1	0	1	0	
1	1	1	1	1	1	1	1	2	0	1	1	2	0	1	1	0	1	0	1	1	0	0	1	1	0	1	2	0	0	1	1	1	0	0	0	0	1	0	0	1	0	0	0	1	0	1	1	0	1	1	0	1	0	1	1	2	0	1	0	0	0	2	0	2	2	1	1	1	0	0	0	0	0	1	0	0	0	1	0	1	2	1	2	0	0	0	0	0	1	0	1	2	0	2	0	0	0	1	0	
0	1	0	0	0	1	1	0	0	0	1	0	1	0	1	1	0	0	0	1	0	2	0	0	1	1	0	1	0	2	0	1	1	1	2	1	2	1	1	0	0	0	1	1	0	0	0	1	0	0	1	2	0	0	0	1	0	1	0	0	0	0	2	0	0	1	1	2	0	0	2	2	0	0	1	0	0	1	1	0	0	1	1	0	0	0	1	0	0	0	1	1	0	0	0	0	2	1	0	0	
0	0	0	0	1	0	0	1	2	1	0	1	0	1	2	0	0	0	0	0	0	2	1	0	1	1	1	2	0	0	1	0	1	0	0	0	0	0	1	0	1	1	0	0	0	0	1	0	0	1	1	0	2	1	0	1	1	0	0	1	0	1	1	0	1	1	0	1	0	0	0	2	0	1	0	1	0	0	1	0	0	1	0	0	0	1	1	1	0	0	0	1	0	1	0	1	0	0	1	1	
0	0	0	1	1	1	1	0	1	1	0	1	1	1	1	2	0	1	1	0	1	1	1	2	0	1	0	0	0	0	1	0	1	1	0	1	1	0	0	0	1	1	0	1	0	1	2	0	1	0	2	1	1	1	0	1	1	0	1	0	1	0	0	0	0	1	0	0	1	1	0	0	0	2	1	1	1	1	1	1	1	1	1	0	1	1	0	0	1	1	0	0	1	0	0	0	1	1	0	0	
1	1	2	1	1	0	0	1	0	0	1	0	1	1	0	0	1	1	1	0	1	1	0	0	0	0	1	1	1	1	2	1	0	1	0	0	1	2	0	0	0	1	0	1	1	0	0	1	1	0	2	0	0	1	1	0	1	0	1	0	0	0	0	0	1	1	0	0	0	1	0	0	0	0	0	1	0	0	1	1	2	0	2	0	0	0	2	1	1	1	1	1	1	1	0	0	1	0	1	0	
2	1	1	0	1	1	1	1	1	0	0	0	1	0	1	1	1	1	1	1	0	1	1	1	1	1	1	1	0	0	1	1	1	0	0	1	1	0	0	1	0	0	0	0	2	1	1	2	0	0	0	1	0	1	0	1	2	0	1	0	2	1	2	0	0	0	1	1	2	1	0	0	0	1	0	0	0	2	0	2	0	1	0	1	0	0	0	1	1	0	0	0	1	1	1	1	0	1	2	0	
0	2	0	0	0	1	0	0	1	0	1	1	0	1	0	2	0	0	1	1	2	0	1	0	1	1	0	1	0	0	0	1	1	0	0	0	1	0	0	0	1	1	0	1	0	0	0	0	1	1	0	0	1	2	0	0	0	0	0	2	0	0	0	1	1	2	1	0	0	0	1	0	0	1	1	0	0	0	0	2	0	0	0	0	2	0	0	0	1	0	1	1	1	0	1	1	0	0	1	0	
0	1	1	1	0	0	2	1	1	0	0	1	1	0	1	0	1	2	1	1	0	0	0	0	1	0	1	1	0	1	1	1	1	0	0	1	0	0	1	1	1	0	0	1	0	1	0	0	1	1	0	1	0	1	0	2	0	1	1	0	1	2	1	1	0	0	2	0	1	1	0	0	0	1	0	0	0	0	1	0	1	1	1	1	0	0	1	0	2	1	1	1	0	0	1	0	0	1	0	2	
1	1	1	0	0	0	1	1	0	1	0	0	0	0	1	0	0	1	1	0	0	0	1	0	0	1	1	1	0	0	1	0	1	1	2	1	0	0	1	1	0	1	1	1	1	1	1	1	0	0	1	0	1	0	0	0	0	0	0	2	1	1	0	1	1	1	0	0	0	0	2	1	0	1	0	1	0	0	1	1	0	0	2	1	0	1	1	1	0	0	0	0	1	0	1	0	1	0	1	1	
1	1	1	1	1	0	0	2	0	1	1	2	0	1	0	1	1	0	0	1	1	1	0	0	1	0	1	1	0	0	1	1	1	1	0	1	0	1	0	0	1	1	0	0	0	0	1	1	0	0	1	0	1	0	1	0	2	0	1	0	1	2	0	1	1	0	0	0	1	0	0	0	1	1	1	1	0	0	0	1	0	0	0	1	0	0	0	1	1	0	0	0	1	0	0	0	0	2	1	0	
0	0	0	0	1	1	1	2	0	1	1	1	0	1	1	0	0	0	0	2	0	1	0	1	1	2	1	1	0	0	1	0	0	0	0	0	1	0	1	0	0	1	1	0	1	0	2	0	1	2	1	2	0	0	0	0	2	1	0	0	1	1	1	2	0	0	0	2	0	0	0	1	1	1	0	1	1	1	0	0	0	0	0	0	1	1	2	0	1	1	0	1	1	0	1	1	0	0	0	0	
1	1	1	0	0	0	1	0	1	1	1	1	1	0	1	1	1	1	0	1	1	0	0	1	1	0	1	1	1	2	0	0	0	0	0	0	0	0	0	0	0	0	0	1	1	0	0	1	1	0	0	1	1	0	0	1	1	1	1	1	1	0	1	0	2	2	2	0	0	0	0	0	0	0	1	1	1	1	1	0	0	0	2	0	1	1	0	1	1	0	0	1	1	1	0	0	1	2	1	0	
2	0	0	1	1	1	1	0	1	1	1	1	1	1	1	1	1	0	1	0	0	1	1	1	1	0	0	0	0	0	0	0	0	2	1	0	1	1	0	0	1	0	0	0	0	1	1	1	2	0	1	1	0	1	0	0	0	0	1	0	0	0	0	0	0	1	0	0	1	1	1	0	1	1	0	0	1	0	1	1	1	1	0	0	1	1	2	1	0	2	0	0	1	1	2	2	1	1	0	0	
0	0	0	0	0	2	0	0	0	1	1	1	0	1	1	1	1	0	1	1	0	0	0	0	0	1	1	0	1	0	0	0	1	0	0	0	0	0	0	1	0	1	0	0	2	0	0	0	0	1	1	0	0	0	0	0	1	0	0	0	1	1	1	0	1	0	1	0	1	1	0	0	0	1	1	0	1	0	0	1	1	2	0	1	1	1	1	0	1	1	0	0	1	0	0	0	1	0	0	1	
0	1	1	1	0	1	0	1	0	0	0	0	1	0	1	0	0	1	0	1	1	0	1	1	1	0	1	0	1	0	0	1	0	0	0	0	1	0	0	1	0	1	1	1	0	1	1	1	1	0	0	0	1	0	1	1	0	1	1	1	1	0	0	0	0	2	0	1	0	0	1	1	2	0	1	0	1	1	2	0	0	0	1	1	1	1	1	0	1	0	1	2	1	0	1	1	1	1	0	1	
0	0	0	1	1	1	1	0	0	1	1	1	0	2	0	2	1	0	1	0	1	1	0	1	0	0	0	0	0	0	0	0	1	0	1	0	0	1	0	1	1	0	1	0	0	0	0	0	0	0	2	0	1	0	1	0	1	1	0	1	0	1	0	0	1	0	1	0	0	0	1	0	1	0	1	1	1	0	1	1	0	1	0	0	0	1	0	1	1	1	1	1	1	1	1	2	1	1	1	1	
1	0	1	1	0	2	1	2	1	0	2	0	1	1	2	1	1	0	0	1	1	0	0	0	1	0	0	1	0	1	1	0	0	0	1	0	0	0	0	1	0	1	0	1	1	1	0	0	0	0	0	0	0	0	1	1	1	1	0	0	1	0	1	1	1	0	1	0	1	1	1	1	1	0	2	0	0	1	0	2	1	0	0	0	1	0	0	0	1	1	0	2	1	0	1	1	0	0	0	1	
1	0	1	1	1	2	0	1	1	1	1	0	2	1	0	2	0	0	0	1	1	1	1	0	1	0	1	0	1	1	0	0	2	0	1	2	1	1	1	0	2	2	0	1	0	0	0	0	0	0	0	2	1	1	1	1	0	0	1	0	0	0	1	2	0	1	0	0	0	0	1	1	1	1	0	0	1	0	0	0	1	1	1	0	1	0	0	1	0	1	0	1	2	0	1	1	1	0	1	0	
1	0	0	0	1	1	0	1	0	1	0	1	0	1	1	0	1	1	1	1	1	2	1	1	1	0	1	0	1	0	0	0	1	1	0	1	1	0	0	0	0	0	1	1	0	1	1	1	0	0	2	0	0	0	1	1	0	1	2	1	0	0	1	1	0	0	1	1	1	0	0	1	0	0	1	1	1	1	0	1	1	1	1	0	2	1	0	0	0	1	1	0	0	0	0	0	0	1	0	1	
1	1	1	0	0	0	0	1	2	1	0	1	0	0	0	0	0	0	1	1	0	1	1	1	1	1	0	1	0	0	1	0	0	0	0	0	1	2	1	0	0	1	1	0	0	1	1	2	0	1	1	1	1	1	2	0	0	1	1	0	0	0	0	0	1	1	1	0	0	0	1	0	0	1	0	0	2	0	0	0	1	0	0	2	1	0	1	0	1	0	0	0	1	1	0	0	0	0	1	0	
0	0	0	1	0	0	1	0	0	0	1	0	1	1	1	0	0	0	1	0	0	1	1	0	1	1	0	0	0	0	1	0	1	0	0	1	0	0	1	0	0	1	2	0	1	2	1	1	1	2	0	0	1	0	0	0	1	1	0	2	0	1	0	1	0	2	1	1	1	1	0	1	0	1	0	1	1	0	1	2	0	0	0	1	2	1	0	1	0	0	0	1	1	0	0	1	0	1	1	0	
1	1	1	1	1	0	0	1	0	0	2	0	0	1	0	1	1	0	0	1	0	0	0	1	1	1	0	1	1	0	0	1	0	1	0	1	1	0	1	1	0	0	1	0	0	0	0	2	0	0	0	1	0	1	1	0	1	0	0	2	0	1	1	1	0	0	1	2	1	1	0	1	0	2	1	1	1	1	1	1	1	0	1	0	1	1	0	1	1	1	0	1	1	0	1	1	0	0	0	2	
1	0	1	1	0	1	0	0	0	1	0	1	1	1	0	0	1	0	0	1	1	2	1	2	0	1	0	2	1	0	1	0	0	0	1	1	1	0	1	1	2	1	1	0	0	1	1	0	1	1	0	0	0	1	0	0	1	1	0	1	0	0	0	0	1	1	0	1	1	1	1	1	1	0	1	1	0	0	1	1	0	0	0	0	1	1	1	1	0	1	0	2	0	0	0	0	1	1	0	1	
0	0	1	1	0	0	0	0	1	0	1	0	1	2	0	0	1	0	0	0	1	1	1	0	0	2	2	1	0	0	1	0	1	0	1	0	0	0	1	0	2	0	0	0	1	1	0	0	0	0	0	0	0	1	0	0	1	0	0	0	0	0	0	0	0	1	0	1	2	1	1	1	0	2	0	0	0	1	1	1	0	1	0	1	2	0	1	1	0	1	0	1	1	0	1	0	0	1	0	1	
1	0	1	1	0	1	0	0	2	0	1	0	1	1	0	0	1	0	0	0	1	0	0	1	2	1	0	1	0	1	0	1	0	0	1	1	1	1	1	0	1	0	1	0	0	0	1	0	1	0	1	0	0	0	1	0	1	1	0	0	2	0	0	2	1	1	0	0	1	1	1	1	0	0	1	0	0	0	0	1	0	0	0	0	0	0	1	0	1	0	0	1	0	0	0	0	1	1	0	0	
0	0	0	0	0	1	2	0	1	1	1	1	0	0	1	0	0	1	1	0	1	0	0	0	1	0	2	1	0	1	0	0	0	0	0	1	1	0	0	1	0	0	1	0	1	1	1	2	2	0	0	0	0	0	1	0	0	1	1	0	1	0	1	1	1	1	0	0	0	1	0	0	0	1	2	0	1	1	1	0	0	0	0	0	1	0	1	0	0	0	0	0	1	1	0	2	0	0	0	1	
1	0	0	1	1	1	0	1	1	1	0	0	1	0	0	1	1	0	1	1	0	0	1	0	1	1	1	0	1	0	1	1	1	2	0	1	0	1	1	2	0	1	0	0	1	0	0	1	1	0	1	0	0	0	0	2	1	0	0	1	0	0	0	0	0	0	1	1	1	1	0	1	1	1	0	0	1	1	0	0	2	1	0	2	0	0	1	1	1	1	0	0	1	1	1	0	1	0	0	0	
1	0	1	1	1	2	1	1	0	0	0	1	0	1	1	0	0	1	0	1	0	0	1	2	0	1	0	1	0	0	0	0	0	1	1	1	0	2	1	1	1	0	1	0	0	0	0	0	1	1	0	0	0	0	0	1	1	0	0	0	1	1	0	2	1	1	1	1	1	0	1	1	1	0	0	0	2	0	1	0	1	1	0	2	1	1	1	1	0	0	1	0	0	1	0	0	0	1	1	0	
1	1	1	0	0	1	1	0	0	1	2	1	0	0	0	1	1	0	0	0	0	0	0	0	0	0	0	0	1	0	1	0	1	0	0	1	1	2	1	1	1	0	0	1	2	0	0	2	1	0	1	0	0	0	0	0	1	1	2	1	1	1	2	0	1	1	1	0	1	0	0	0	1	1	0	2	0	0	2	1	0	0	0	0	2	0	1	0	0	0	1	1	1	2	0	1	1	0	1	1	
1	1	0	0	1	2	1	1	0	1	0	2	0	1	1	1	0	0	0	1	1	0	1	1	2	1	1	1	0	1	0	0	0	0	0	0	0	0	0	0	1	0	2	0	1	1	1	1	0	1	0	0	1	0	1	0	1	2	0	1	0	1	1	1	0	0	1	1	1	0	0	0	1	1	0	1	0	1	1	0	1	0	0	2	0	2	0	1	0	1	0	1	1	0	0	1	0	2	1	1	
0	0	0	1	0	0	0	0	1	2	1	1	1	1	0	1	0	2	0	0	1	0	0	0	2	1	2	1	0	0	1	1	0	0	1	0	0	0	1	1	0	0	1	1	0	0	0	0	1	0	0	0	1	0	0	0	0	1	0	1	0	1	1	0	0	0	2	1	1	1	0	1	0	2	0	1	1	0	0	0	0	1	1	0	0	1	0	0	0	1	1	0	0	0	1	0	0	1	1	1	
1	1	1	1	1	1	1	1	1	0	1	1	0	2	0	0	0	1	0	0	1	0	0	1	1	1	1	0	1	0	1	0	0	0	2	0	1	0	1	1	1	0	1	1	0	1	0	0	0	1	1	1	1	1	2	1	1	0	0	1	1	0	1	2	2	1	1	1	0	1	0	0	1	0	0	0	1	0	1	0	1	1	0	0	0	1	0	0	0	0	0	1	0	1	1	0	1	1	1	0	
1	0	0	0	0	2	0	1	2	1	1	0	1	1	1	0	1	0	0	0	0	2	0	1	1	0	0	0	0	1	1	2	0	1	0	0	0	0	1	1	0	0	0	1	1	0	0	0	0	0	1	1	0	1	1	0	0	1	0	0	0	1	0	0	0	1	0	1	1	0	1	1	1	1	0	0	1	1	0	0	1	0	1	2	0	2	1	0	0	0	0	0	0	1	0	1	1	0	1	1	
0	0	0	1	1	2	1	0	0	0	0	0	0	1	0	0	0	0	0	0	0	1	0	0	2	0	1	0	1	0	0	0	0	0	0	0	2	1	0	2	0	0	0	2	0	1	0	0	1	0	1	1	0	0	0	0	1	0	1	2	0	1	2	1	1	1	1	1	1	1	0	1	0	1	1	1	0	0	1	0	0	2	2	1	1	1	1	1	0	1	0	0	1	0	0	0	0	0	0	1	
0	1	1	0	0	1	1	0	0	1	1	0	1	0	1	1	0	0	1	0	0	1	1	1	0	0	0	0	1	1	0	1	0	0	0	0	2	0	2	1	0	1	0	0	1	0	1	0	0	0	0	0	1	0	0	0	0	0	0	1	0	1	1	1	0	0	0	1	1	1	1	0	0	1	0	1	0	1	0	0	0	1	1	1	1	0	0	2	1	1	0	1	1	0	1	1	0	1	1	2	
1	1	0	0	0	2	0	1	1	0	0	1	1	0	1	2	1	1	0	1	1	0	0	1	0	0	1	1	0	0	0	0	0	0	1	0	1	2	0	0	0	0	0	0	0	1	0	0	1	1	1	1	1	1	1	0	0	1	0	0	0	1	1	0	1	1	0	2	0	1	1	0	0	1	1	0	0	0	1	1	0	0	1	0	1	0	2	1	0	1	0	2	1	2	1	0	0	0	0	0	
0	1	2	0	1	1	0	0	1	1	0	1	1	1	1	0	1	1	0	0	1	0	0	0	0	0	0	0	0	2	0	1	0	1	1	1	0	1	1	0	1	1	0	0	0	0	1	0	1	0	1	1	0	0	1	2	2	0	1	1	0	1	1	1	1	1	0	0	1	0	2	0	0	0	0	0	1	0	0	0	0	0	1	1	0	0	1	2	0	1	0	1	1	0	0	0	0	1	1	1	
0	0	2	0	0	1	0	1	1	0	1	0	0	0	0	1	0	1	1	0	0	1	2	1	0	0	0	1	1	0	1	1	0	0	1	0	1	1	1	0	1	1	1	1	0	1	0	0	0	1	0	2	1	0	0	0	1	0	1	0	2	0	1	2	0	0	0	0	0	0	0	0	2	0	1	0	0	1	0	2	1	1	0	1	0	0	1	0	0	1	1	1	0	0	0	1	1	1	0	1	
0	0	0	0	1	0	1	1	2	0	0	1	1	0	1	1	0	1	1	1	1	1	0	0	1	0	0	0	0	1	2	0	1	1	1	1	1	1	0	0	0	0	1	2	0	0	1	0	1	0	1	0	1	0	0	2	1	1	0	0	0	1	1	0	1	0	1	0	1	0	1	1	1	0	0	1	1	1	1	0	0	0	0	1	0	1	1	0	0	2	2	0	1	1	0	0	0	0	0	2	
0	0	0	0	1	1	0	0	1	0	1	1	0	1	1	1	0	0	0	0	2	0	0	1	2	0	0	0	1	1	1	1	1	0	1	0	1	0	1	1	0	1	2	1	1	0	0	2	0	1	0	0	0	1	1	2	2	0	0	1	0	0	0	1	0	2	0	0	1	1	1	1	0	0	0	1	0	1	0	1	1	2	1	0	0	1	1	0	1	0	2	1	0	0	1	2	1	1	1	0	
1	0	0	1	0	0	0	1	1	0	1	0	1	0	1	0	1	0	1	1	0	0	0	1	1	0	0	0	1	2	1	0	0	1	0	1	1	1	1	0	1	1	1	1	0	1	0	0	1	0	1	1	1	1	1	0	1	0	0	1	0	1	1	1	0	0	0	0	1	1	0	1	0	0	1	1	1	1	1	0	0	0	0	0	1	0	0	0	2	1	0	0	0	1	2	1	1	0	0	1	
1	1	0	2	1	1	1	1	1	1	1	0	1	0	0	1	1	1	1	0	1	2	1	0	0	1	1	1	0	0	0	0	1	1	1	0	2	0	2	0	1	1	1	0	1	1	1	0	1	1	2	0	2	0	1	1	1	0	0	1	1	2	1	0	0	0	1	2	1	0	0	1	0	1	0	1	1	0	2	0	2	1	0	1	1	2	1	2	0	1	0	1	0	1	0	0	1	0	1	0	
0	1	1	1	0	1	1	0	1	1	1	1	0	0	0	0	1	1	0	2	0	0	0	0	0	0	0	1	0	1	0	1	0	1	0	0	0	0	1	1	0	0	0	0	0	1	2	1	0	0	1	1	0	0	1	1	0	1	0	0	0	0	0	1	1	1	1	0	1	0	0	0	1	0	0	0	1	0	0	0	2	0	0	1	1	1	1	1	1	1	0	1	1	0	0	0	2	1	0	1	
2	0	1	0	0	1	1	1	1	0	0	1	0	0	0	1	0	1	1	1	1	0	0	1	0	1	0	0	2	0	0	1	0	1	2	1	1	0	1	0	1	0	0	0	1	0	0	0	1	0	1	2	1	0	2	0	2	1	0	0	1	0	0	0	0	0	0	1	1	1	2	1	0	1	0	1	0	1	0	1	0	0	1	1	0	0	0	0	1	0	1	2	0	1	1	1	0	1	1	0	
0	1	0	0	1	0	2	0	0	1	0	1	1	1	1	0	0	1	1	1	2	1	1	0	0	0	0	0	0	1	1	0	1	2	1	0	1	2	1	0	1	0	1	0	0	0	1	0	2	0	1	1	0	0	1	0	1	0	1	0	0	0	0	0	0	0	1	0	1	1	1	1	0	1	1	0	0	0	1	1	0	0	0	0	1	0	0	1	1	0	0	1	1	1	1	0	2	0	0	0	
0	1	2	0	0	0	1	1	1	2	0	0	2	1	1	1	0	0	1	1	0	2	2	1	1	0	1	1	0	0	0	1	1	0	1	0	0	0	1	0	0	0	1	0	1	0	1	1	0	1	1	1	1	1	1	0	0	0	1	0	1	0	1	1	1	0	1	0	1	0	2	1	0	1	1	0	0	1	0	1	0	0	0	0	1	1	1	1	0	1	0	0	0	1	0	0	1	1	1	0	
1	2	0	1	0	0	1	1	0	0	1	1	1	1	0	0	0	0	0	1	0	2	0	0	2	1	1	0	1	1	0	1	0	1	1	0	0	0	0	1	1	0	0	1	1	0	0	0	0	0	0	0	1	1	1	0	1	1	1	0	1	0	1	1	1	1	0	0	0	0	0	1	0	0	0	1	0	0	0	0	1	0	0	0	2	0	0	0	0	0	1	0	0	1	1	1	0	1	0	0	
0	0	1	0	1	1	0	0	1	1	2	0	0	1	0	1	1	2	0	0	1	0	0	1	1	1	1	0	1	1	1	0	0	0	0	0	0	2	2	1	1	1	1	1	1	0	1	0	2	1	0	0	0	1	1	1	0	1	0	0	0	1	0	0	1	1	0	2	1	1	1	1	0	1	0	0	1	0	0	0	0	1	2	1	1	1	0	0	1	0	1	1	1	2	0	0	0	0	1	0	
0	1	1	1	1	0	0	1	0	1	0	1	1	0	1	1	0	1	0	0	2	0	1	0	0	1	0	1	0	1	0	1	0	1	0	2	2	0	0	0	1	0	2	1	1	0	1	1	1	1	0	0	0	1	1	2	0	1	1	1	0	1	1	0	1	0	0	0	1	2	0	1	1	1	0	1	0	0	0	0	1	1	0	0	2	0	0	0	0	0	1	0	0	0	1	0	0	0	0	1	
0	1	2	0	0	2	2	1	2	0	1	0	0	2	0	2	1	0	0	1	1	1	1	2	0	0	1	1	2	0	1	0	0	0	0	0	2	2	1	0	1	1	1	0	1	1	0	0	0	0	2	0	1	0	0	0	2	1	0	0	0	0	0	0	0	1	0	1	1	0	0	1	0	1	0	1	1	0	1	2	0	1	2	0	0	0	0	0	1	0	0	1	0	1	0	0	0	0	0	0	
0	0	1	1	0	0	0	1	1	0	1	1	2	0	1	1	0	1	1	0	0	0	1	0	0	1	0	1	0	0	0	0	0	0	0	1	2	0	2	0	0	0	0	0	1	1	0	0	0	0	0	1	1	1	1	1	2	1	1	0	0	1	0	1	0	1	0	1	1	2	0	0	1	1	1	1	0	0	1	0	0	0	0	0	0	1	2	0	0	0	0	0	0	1	0	1	1	1	2	1	
0	0	0	1	0	1	1	1	0	0	0	1	0	1	0	2	1	0	0	0	0	0	1	0	0	0	2	0	2	1	1	0	1	1	1	1	1	0	0	1	0	0	1	0	0	0	1	2	0	1	1	0	1	1	1	0	1	0	0	0	0	0	0	0	1	1	2	0	0	0	0	1	0	0	0	0	0	1	1	1	0	1	1	0	0	2	0	1	1	1	2	1	0	0	0	0	2	0	1	1	
0	0	1	0	0	2	0	0	1	0	1	0	0	0	0	1	1	0	1	0	2	0	0	0	1	1	0	0	0	1	1	1	1	0	1	0	0	0	0	0	0	0	0	0	1	0	0	0	1	1	0	2	0	1	0	0	0	1	1	0	0	1	0	0	1	1	0	0	2	0	2	1	0	0	0	1	1	1	0	0	0	0	0	1	0	0	1	0	0	0	0	1	0	0	1	0	0	0	0	0	
0	0	1	2	0	0	0	1	1	0	1	2	0	2	1	0	2	0	0	0	0	2	0	0	0	0	2	1	1	0	1	2	1	1	1	1	0	1	0	0	1	0	1	2	0	0	1	0	1	1	0	0	1	2	1	2	1	1	1	0	1	0	2	0	0	1	1	1	0	0	0	2	0	1	0	1	0	2	1	0	1	0	1	0	0	0	0	0	0	0	1	0	0	1	1	0	1	1	0	0	
1	1	0	1	1	0	0	1	0	0	1	1	2	2	0	0	1	2	0	0	0	1	2	1	2	0	1	0	0	1	2	1	1	0	1	0	1	1	2	0	1	1	0	0	1	1	0	1	0	0	0	0	1	2	0	0	1	1	0	1	0	0	0	0	0	0	0	0	0	1	2	0	1	1	1	1	0	0	0	0	1	0	0	1	0	0	1	0	0	0	0	0	0	1	1	0	0	0	0	0	
1	0	1	1	0	1	0	0	0	1	2	1	1	1	0	0	2	0	0	0	1	2	0	1	0	1	1	0	1	0	0	0	1	0	1	2	1	0	0	0	1	0	1	0	0	1	0	1	1	1	0	1	0	0	0	0	1	1	1	0	2	1	0	1	0	0	0	1	0	0	0	1	0	0	0	1	0	0	0	1	1	0	1	1	1	0	0	1	1	0	0	1	1	1	0	0	1	1	1	1	
1	2	0	1	0	1	0	0	0	1	0	2	0	1	2	1	1	1	1	1	1	0	1	1	1	1	0	0	0	1	0	1	0	0	1	0	0	1	0	1	2	0	0	1	1	0	0	0	0	1	1	1	0	1	0	0	0	1	2	0	0	0	1	0	1	0	1	1	1	1	2	1	0	1	0	1	1	0	1	1	0	1	1	0	1	1	0	0	0	1	1	1	1	0	0	2	2	0	1	0	
1	0	1	0	1	2	0	0	0	1	0	1	0	1	1	0	1	2	0	0	1	1	0	1	0	0	1	2	0	0	0	1	0	0	1	0	0	1	1	1	0	0	0	1	1	0	0	0	0	1	1	1	1	1	0	0	0	0	1	0	1	1	1	0	0	1	0	1	1	1	2	1	0	2	0	2	0	1	2	1	1	1	0	0	1	1	1	0	1	1	1	0	0	1	1	1	0	1	0	1	
0	1	1	0	0	0	1	2	0	1	0	0	0	0	2	2	0	2	0	0	0	0	2	0	1	1	1	0	1	1	0	0	0	1	0	1	0	0	0	1	2	1	0	0	0	1	1	0	0	0	1	0	0	0	1	0	1	1	0	0	0	0	0	0	0	0	1	0	1	0	1	1	2	0	1	2	1	1	2	1	0	1	0	0	1	1	0	0	1	1	0	1	0	0	0	0	1	0	0	1	
0	0	0	0	1	0	0	0	0	0	0	0	0	2	1	0	0	1	0	1	0	0	0	0	0	1	0	1	1	0	0	0	0	1	1	1	0	2	1	1	0	0	1	0	1	0	0	1	0	1	0	0	0	0	0	1	1	0	1	1	0	1	0	1	2	1	1	0	1	0	1	0	1	0	0	1	1	1	1	2	0	0	0	1	2	0	0	0	0	0	0	0	0	0	0	0	0	1	0	0	
0	2	1	0	0	1	1	1	2	0	0	1	0	1	0	0	0	0	1	1	1	0	1	1	0	0	1	1	0	0	1	0	0	1	1	0	0	0	1	2	0	0	0	1	0	1	0	0	1	1	0	1	0	1	1	2	1	0	1	1	1	0	1	1	0	0	1	1	0	1	1	0	0	0	1	1	1	0	0	0	1	0	1	1	0	1	1	0	1	0	1	0	1	0	1	1	1	2	1	0	
1	1	1	0	1	2	0	0	1	2	1	0	1	2	0	2	1	1	0	0	0	1	1	0	1	0	1	0	1	0	0	1	0	1	1	0	0	1	2	1	2	0	1	1	1	0	1	0	0	0	0	1	1	0	0	1	0	1	0	2	1	0	0	0	0	1	1	0	1	1	1	0	1	1	0	1	1	1	2	0	1	1	1	0	0	2	0	0	1	0	1	0	0	1	0	0	1	1	0	1	
1	2	1	0	0	0	1	1	0	1	1	1	1	0	0	1	0	2	0	0	0	1	0	1	0	0	0	0	0	0	1	0	1	0	0	0	1	0	0	1	0	1	2	2	0	0	0	1	0	0	0	0	0	1	0	0	0	1	0	0	1	0	0	1	1	0	0	0	1	0	0	2	1	1	1	0	0	1	0	1	0	0	0	0	1	0	0	1	1	1	2	2	1	0	1	0	1	0	1	0	
0	0	1	0	1	0	1	1	1	1	1	0	0	1	1	0	1	0	1	2	0	0	1	0	0	1	0	1	1	1	0	0	0	1	0	0	1	1	0	0	0	0	0	0	0	1	1	1	1	0	0	1	0	0	1	1	0	1	0	0	1	0	0	0	1	0	1	1	1	1	0	0	0	0	0	0	1	0	1	1	0	0	1	1	0	0	0	1	0	0	1	0	0	1	0	1	0	1	2	1	
0	0	1	0	1	0	0	1	0	0	1	1	1	1	1	0	1	1	1	1	2	1	1	0	1	0	0	1	0	1	1	1	0	1	0	0	1	1	0	1	0	1	0	1	1	1	0	0	1	0	1	0	2	0	0	1	1	1	1	0	1	1	1	0	1	0	2	1	1	2	1	0	1	0	1	2	0	1	1	0	1	0	1	0	0	0	0	1	0	0	1	1	0	1	1	2	0	0	0	0	
1	1	0	0	1	0	0	0	0	0	2	1	1	1	2	1	1	1	1	0	0	1	0	0	1	1	1	1	1	1	0	0	1	1	0	1	2	0	1	1	1	1	0	1	1	0	1	1	0	1	1	1	0	1	0	1	1	0	0	0	0	0	1	1	1	0	0	0	1	1	0	1	0	1	2	0	0	0	1	0	2	0	0	2	0	1	1	1	0	1	0	0	1	1	0	0	0	1	1	1	
2	1	0	0	0	1	0	1	0	1	1	0	1	0	1	1	0	0	0	0	1	2	1	1	1	1	0	1	0	0	0	1	0	0	0	1	1	1	0	1	0	0	1	1	0	1	1	1	0	1	0	0	1	1	2	0	0	1	1	1	0	0	0	1	1	2	1	1	1	0	0	0	1	0	0	0	0	1	0	0	1	0	0	1	0	2	0	0	1	1	1	0	0	0	2	0	1	0	1	1	
0	2	0	1	0	1	1	0	1	1	1	1	0	0	1	1	1	0	0	1	0	0	0	1	2	1	0	1	0	0	1	1	0	0	1	1	2	0	1	1	1	0	0	0	1	0	1	1	0	0	0	0	0	0	0	0	1	0	1	0	1	0	1	1	0	0	1	0	1	0	1	1	0	0	1	1	0	0	0	1	0	1	1	1	1	0	0	0	1	0	1	0	0	1	1	1	2	0	1	0	
2	1	0	1	0	2	1	0	0	1	0	1	1	1	1	0	0	1	0	0	2	0	0	0	0	1	0	0	0	0	0	0	1	0	1	0	0	0	1	0	2	1	0	0	1	0	0	1	0	0	0	0	0	0	0	1	1	0	1	0	1	0	1	1	0	1	1	1	0	0	1	1	0	1	0	1	2	1	0	0	1	1	1	2	1	0	1	0	0	2	0	1	1	0	0	0	1	1	0	0	
0	1	0	0	1	1	1	1	1	0	0	0	0	1	0	2	1	1	1	0	0	0	1	0	1	0	0	0	0	1	1	0	1	1	2	0	1	1	1	0	2	1	0	1	1	0	0	1	0	1	1	0	1	0	0	1	0	1	0	1	0	1	1	0	2	0	0	1	1	0	1	1	0	0	2	1	0	0	0	1	1	0	1	1	0	0	0	0	1	0	1	1	1	0	0	1	0	0	1	0	
1	0	0	0	0	1	0	0	0	1	1	0	1	1	2	1	1	0	0	0	0	1	1	1	1	1	0	1	0	0	1	1	1	1	1	1	1	1	1	1	1	0	2	0	1	0	0	2	1	0	1	1	0	1	1	1	1	1	0	0	1	0	1	2	1	2	0	1	1	1	1	2	0	1	1	0	0	0	1	0	0	1	0	1	0	0	0	1	0	2	1	0	0	1	1	0	0	1	0	1	
0	2	0	1	1	1	1	0	0	0	0	1	0	0	0	0	0	1	2	2	1	0	1	1	0	0	0	0	0	1	0	1	0	0	0	0	0	0	1	0	1	0	0	0	1	0	1	1	0	0	1	1	1	0	1	1	1	0	1	0	1	1	1	0	0	1	1	0	2	0	0	0	1	0	0	0	0	1	0	2	1	1	1	2	0	1	0	0	0	1	1	1	0	0	1	1	1	1	1	0	
1	1	0	1	0	0	0	2	1	1	1	1	1	0	0	1	1	0	1	1	1	1	0	0	1	0	0	1	1	0	1	0	1	0	1	0	1	0	0	1	1	0	1	0	1	1	1	0	0	0	0	0	1	2	0	1	1	0	0	1	1	1	0	1	2	0	0	1	0	1	2	0	0	2	2	0	1	1	1	0	0	1	0	1	0	0	1	1	0	0	2	1	0	0	0	1	1	1	0	0	
2	2	0	1	2	0	2	0	1	0	0	0	1	1	1	0	0	2	0	0	0	1	1	0	0	0	1	0	0	0	1	1	0	0	1	0	0	0	1	1	0	0	1	1	2	0	1	0	1	1	1	0	0	0	0	0	1	1	1	1	1	0	0	0	0	2	0	1	2	1	1	0	0	0	0	1	1	1	1	1	1	1	0	0	0	0	0	1	0	1	1	1	0	0	0	0	0	2	0	1	
0	0	2	0	1	1	0	0	0	0	0	1	0	0	0	0	1	0	0	1	0	1	0	0	1	0	2	0	0	0	2	0	0	1	1	1	1	0	1	1	2	0	1	1	0	0	1	1	1	1	0	0	1	1	1	0	1	0	0	0	1	0	0	0	1	1	0	0	0	0	0	1	1	1	0	1	2	1	0	0	0	1	0	0	1	1	0	1	0	0	1	1	1	0	2	1	1	0	0	1	
1	0	0	1	0	0	1	0	0	2	2	2	0	2	0	1	0	0	0	1	0	0	1	1	0	1	0	0	1	0	2	0	0	1	1	0	0	2	0	1	0	0	1	0	0	1	1	1	0	2	0	0	0	1	1	1	0	1	1	1	1	1	1	0	1	0	0	0	0	0	0	0	2	0	0	1	1	1	1	1	1	1	1	0	0	1	0	1	0	0	2	1	1	1	1	0	0	0	0	0	
2	0	0	0	0	0	1	0	0	0	0	2	0	0	0	0	2	0	1	1	1	0	0	1	0	0	1	0	0	1	1	1	1	0	0	1	1	0	0	0	0	1	0	0	0	1	0	1	1	1	0	0	0	0	0	1	2	1	0	1	1	0	0	1	1	1	1	0	0	2	0	2	0	1	0	1	0	0	0	0	1	1	0	0	1	2	1	1	1	0	0	0	0	0	1	0	1	0	1	0	
0	2	0	1	0	1	0	0	1	2	1	0	1	1	0	0	0	1	2	0	1	0	0	1	0	0	1	1	0	1	1	0	1	0	0	0	0	0	0	0	1	0	1	0	0	1	0	2	0	1	1	1	0	0	0	0	0	0	2	0	0	1	1	0	0	0	1	0	1	1	1	0	1	0	0	1	0	1	0	1	1	2	1	0	1	0	1	0	1	0	1	1	1	0	0	1	0	2	1	1	
1	1	1	1	1	1	0	1	0	1	0	0	1	2	0	0	0	1	1	1	0	1	0	0	1	0	1	1	0	0	1	0	0	1	1	0	1	0	1	1	0	1	0	1	0	0	1	2	0	0	0	0	0	1	1	2	1	0	0	0	1	1	0	1	2	0	0	0	0	1	0	0	0	1	1	1	0	2	0	0	0	1	1	1	1	1	0	1	0	0	2	0	0	1	0	2	1	1	1	0	
1	1	0	1	1	1	1	1	0	2	1	2	0	1	0	1	1	0	1	0	0	1	1	0	0	1	1	1	0	0	0	0	0	1	1	1	1	0	1	1	0	1	2	0	1	1	1	2	1	0	0	0	0	1	0	1	0	0	0	0	1	0	2	0	1	1	0	2	0	0	1	2	0	0	0	1	0	1	1	0	0	1	1	0	1	0	0	1	0	1	0	0	2	0	0	0	0	1	1	1	
0	1	1	0	0	0	0	0	0	2	1	1	0	0	1	0	0	0	1	0	0	1	0	1	0	0	0	1	0	0	1	1	0	0	2	0	2	0	1	0	0	0	0	1	1	0	0	1	0	1	2	0	1	0	1	0	1	0	1	1	1	0	1	0	2	1	0	1	0	0	0	0	0	1	1	1	0	1	0	0	1	0	0	0	0	1	1	1	1	0	0	2	1	2	1	0	1	0	0	0	
1	0	0	0	1	1	2	0	0	0	0	0	1	0	1	0	0	0	1	1	0	0	0	1	0	1	0	1	1	0	0	1	1	0	0	1	1	1	0	1	1	1	1	0	1	1	1	0	0	0	1	0	0	1	1	1	1	1	1	0	0	1	1	0	1	1	0	1	0	1	1	2	0	1	0	2	1	0	1	1	1	1	1	1	2	1	0	0	1	0	0	0	0	1	0	0	1	2	0	2	
0	0	0	0	0	0	1	0	1	0	0	0	0	0	1	1	0	0	1	0	0	1	0	2	0	0	1	0	0	0	2	0	1	0	1	0	0	0	1	1	1	0	0	0	1	0	0	0	0	0	1	1	1	0	1	1	1	1	2	0	0	0	0	1	0	1	0	1	0	1	0	0	0	0	0	0	2	0	0	1	0	0	1	0	0	1	1	0	1	1	0	0	2	0	1	1	0	2	1	0	
0	0	1	0	0	1	0	0	0	0	1	0	1	0	0	0	1	0	2	1	1	0	1	1	1	1	1	0	1	0	1	0	0	0	1	0	0	0	1	0	0	0	1	2	1	0	0	0	1	1	1	1	0	2	2	1	0	0	0	0	1	1	0	0	0	0	1	0	2	1	1	1	0	0	1	0	1	2	1	0	1	0	0	0	1	0	1	1	0	1	0	0	0	1	0	0	1	2	1	1	
1	2	0	1	1	1	0	0	1	1	0	1	1	0	1	1	0	1	1	0	2	2	2	1	1	1	2	1	1	1	0	0	0	0	0	1	0	0	1	0	1	1	0	0	0	0	2	0	0	0	1	0	0	0	1	0	0	0	1	2	2	0	1	1	1	1	0	1	0	0	1	0	1	1	1	1	0	0	1	1	1	1	1	1	1	1	0	0	0	1	2	1	0	0	0	1	0	0	1	0	
2	1	1	1	1	2	0	1	0	1	1	2	2	1	1	1	0	0	1	0	0	1	1	0	1	0	1	0	2	0	1	0	1	1	1	1	0	0	1	0	1	2	0	0	0	0	1	0	1	1	1	1	0	1	1	0	1	1	0	1	0	0	0	0	0	1	2	1	0	0	1	0	1	1	1	0	0	0	1	1	1	1	1	0	2	0	0	0	0	1	1	1	1	1	0	2	0	0	0	1	
0	0	0	1	0	0	1	1	2	0	0	0	1	1	0	1	1	2	0	0	0	0	0	0	1	0	1	1	0	2	0	0	0	1	0	1	0	0	0	0	1	1	0	0	1	0	1	1	1	0	1	0	0	0	0	1	0	0	1	1	2	0	1	1	0	1	0	1	0	0	0	0	0	0	0	1	1	0	1	1	0	0	1	0	0	0	0	1	1	0	2	0	0	1	1	1	0	0	1	1	
0	0	0	0	1	0	1	1	1	1	1	1	0	1	1	1	1	1	0	1	1	1	0	0	0	0	0	0	1	0	1	2	1	1	0	0	1	0	1	0	1	1	0	0	0	1	1	1	0	1	1	0	0	0	0	1	2	0	0	1	1	0	1	1	1	1	1	1	1	1	0	1	0	2	2	1	2	0	1	2	2	0	1	0	2	0	1	0	0	1	1	0	0	0	1	0	1	0	0	1	
1	1	2	2	0	0	1	1	1	1	0	1	1	1	1	0	1	0	1	1	1	1	1	0	0	0	1	1	0	0	1	1	1	0	1	1	1	2	1	0	0	0	1	0	1	1	0	1	0	0	2	0	1	1	1	1	0	0	1	1	1	1	0	2	1	1	1	0	0	1	1	1	1	1	0	0	1	1	2	1	1	0	1	0	1	1	0	0	0	0	0	1	0	1	1	1	1	0	1	1	
1	1	0	1	2	0	1	1	0	0	0	0	0	0	1	0	0	0	1	0	1	2	1	0	0	0	0	0	0	0	0	0	0	1	2	0	1	1	0	0	0	1	0	1	1	1	1	1	0	1	1	1	1	0	0	0	1	0	2	0	1	0	0	1	0	2	0	2	2	1	1	0	1	0	1	0	0	0	1	0	0	0	2	0	0	0	0	0	0	1	0	0	2	2	0	1	0	0	1	0	
1	0	0	0	0	0	1	2	2	0	1	2	0	2	0	1	0	0	1	1	1	1	1	1	0	0	0	0	1	0	1	1	0	0	0	0	2	1	0	0	0	2	1	1	0	1	1	0	1	1	1	0	1	0	0	1	1	0	0	0	0	0	0	0	1	0	0	2	2	1	0	1	0	0	0	1	1	1	1	1	1	1	1	0	1	1	0	1	1	1	1	1	0	1	0	0	0	0	1	0	
1	0	2	1	2	0	0	1	1	1	0	1	1	0	0	0	1	0	1	2	1	0	0	2	0	0	0	1	0	1	0	1	0	1	1	1	0	0	0	1	2	2	0	1	1	0	0	1	0	0	0	1	0	0	2	2	0	1	0	1	0	1	0	1	2	1	0	1	0	0	0	0	1	0	1	0	0	0	0	1	0	0	0	0	1	0	1	1	1	0	0	2	1	0	0	1	0	1	1	0	
0	0	1	0	1	0	1	1	0	1	1	0	2	0	0	0	2	1	0	1	0	0	0	1	0	0	1	0	0	0	0	0	0	0	0	1	0	0	0	0	1	0	2	1	1	1	1	2	1	2	2	0	0	0	0	1	0	0	0	0	1	0	1	0	0	1	1	0	1	1	0	1	0	2	1	0	0	1	0	1	1	1	0	0	1	0	0	0	1	1	0	0	1	1	1	0	0	1	0	1	
1	2	0	0	1	0	0	1	0	1	2	1	0	1	2	0	0	1	2	0	0	0	1	0	0	0	1	1	1	0	0	2	0	1	1	0	0	0	0	1	0	0	1	2	0	0	0	0	0	2	1	0	0	0	0	1	0	0	1	1	2	1	0	0	1	0	1	1	1	1	0	0	1	0	0	1	0	1	0	0	0	1	1	1	0	0	1	1	0	2	1	0	1	1	1	1	0	1	1	1	
1	0	0	2	0	0	1	0	0	1	1	0	0	0	0	1	0	1	0	0	0	1	1	1	0	1	0	0	0	1	1	1	1	1	1	1	1	1	0	1	0	0	1	0	1	1	2	0	0	0	0	1	1	0	1	1	0	1	0	0	0	0	0	1	1	1	0	0	0	0	0	0	1	0	1	1	0	1	1	1	1	0	0	2	1	1	1	0	1	1	0	1	1	1	0	0	1	1	1	0	
1	1	1	1	0	1	0	1	1	0	2	1	0	0	0	0	0	0	0	0	1	1	2	1	0	1	0	1	1	0	1	0	1	0	0	2	2	0	1	0	0	1	0	0	1	2	1	0	0	0	2	0	1	1	0	1	0	2	0	1	0	0	0	2	1	2	0	1	0	0	0	1	0	1	1	1	0	1	1	1	1	1	0	0	0	1	1	0	1	1	0	1	0	0	1	1	0	1	0	1	
0	1	0	0	1	0	1	1	2	0	1	1	0	0	2	0	0	0	1	1	1	1	1	1	1	1	1	0	0	0	1	1	0	0	1	0	1	1	1	0	1	0	0	0	0	2	1	0	1	0	1	2	1	0	0	0	1	1	1	1	1	0	0	0	1	1	0	2	1	1	0	1	0	0	1	0	0	0	0	1	1	2	1	0	0	0	1	2	0	0	1	1	1	0	0	1	1	0	0	1	
0	1	1	1	1	1	0	0	0	1	0	2	0	0	0	1	1	0	1	0	0	1	0	1	1	0	2	1	0	1	0	0	1	0	1	0	0	0	0	2	0	1	0	1	0	0	0	0	1	0	0	2	0	1	1	1	1	1	0	1	0	1	1	1	1	1	0	1	1	1	1	0	1	0	1	0	0	1	0	0	0	1	0	1	0	1	0	0	1	1	1	0	0	0	0	0	0	1	1	2	
1	1	0	2	1	0	0	0	2	1	0	1	0	0	0	0	0	1	1	2	0	0	1	1	0	1	0	0	1	1	0	1	0	0	0	0	1	0	0	1	0	0	0	1	0	1	1	1	0	1	0	1	1	0	1	0	0	2	1	0	1	0	1	1	0	0	0	0	1	1	0	0	1	1	0	0	0	1	0	0	2	2	0	1	1	0	1	1	0	0	1	1	0	1	0	1	1	0	1	1	
0	1	0	0	1	1	1	1	0	0	0	0	0	1	2	0	0	0	1	0	0	0	0	0	1	1	0	0	0	0	0	0	1	1	1	1	1	0	1	2	1	2	1	0	0	1	1	0	0	0	1	1	1	0	0	1	1	1	0	1	1	2	1	0	0	0	0	0	0	0	1	1	0	0	1	1	0	0	2	0	0	1	0	0	1	0	0	1	1	0	1	1	1	1	0	1	0	1	1	1	
1	1	1	1	1	1	1	1	0	0	1	0	1	0	1	0	0	0	0	1	0	1	0	0	0	1	1	1	0	0	1	1	1	0	1	0	0	0	0	0	2	2	0	1	2	1	1	0	1	0	1	0	0	0	1	1	1	1	0	1	1	1	0	1	0	0	1	2	0	0	0	1	1	0	0	0	1	1	0	2	0	1	0	0	0	1	0	1	1	1	0	1	1	0	0	0	1	0	1	0	
1	1	1	0	0	2	0	0	2	1	1	0	0	0	0	1	0	0	0	1	1	1	0	0	0	0	0	1	0	0	1	0	1	0	1	1	0	0	1	2	0	0	0	1	1	0	0	0	0	0	1	1	0	0	0	0	0	0	2	1	1	0	1	1	0	0	0	0	0	0	0	1	1	1	1	1	1	1	1	0	0	1	0	1	1	1	1	2	0	1	0	1	1	0	1	1	1	0	0	1	
1	1	0	1	0	0	1	0	1	1	1	0	0	1	1	1	1	0	1	1	0	1	0	1	0	2	0	1	0	1	1	0	1	0	1	0	1	0	2	1	0	1	1	1	1	1	0	0	1	1	1	0	0	1	0	1	0	0	0	0	1	0	0	1	1	1	1	0	0	1	0	0	1	0	0	0	0	0	1	0	0	1	1	1	0	1	1	1	1	0	1	0	1	1	1	1	1	1	1	1	
1	0	0	1	1	0	0	1	0	2	1	0	0	1	1	0	0	1	0	1	1	0	0	0	1	1	1	1	0	2	0	1	1	2	0	2	2	1	1	1	0	0	2	1	1	0	2	1	1	0	1	1	1	1	0	1	0	0	2	0	0	0	0	0	1	0	1	1	0	1	1	0	0	0	0	1	1	1	0	0	1	1	1	0	1	0	0	1	1	1	1	0	2	0	0	0	1	0	0	0	
0	2	2	1	0	0	0	2	2	0	1	1	0	0	0	2	0	0	1	1	1	1	1	0	0	1	0	0	0	0	1	0	0	1	0	1	0	2	1	0	1	1	2	1	1	1	0	0	0	0	0	0	0	1	0	1	1	0	0	1	0	1	1	1	0	0	0	0	0	1	1	0	0	0	0	0	0	1	0	1	1	1	1	2	0	0	1	1	2	1	0	1	1	0	0	1	0	2	2	1	
1	0	1	0	1	1	1	1	1	1	1	2	0	1	0	0	0	2	0	0	0	1	1	2	1	0	0	2	0	1	0	0	0	0	1	0	1	1	2	0	0	0	1	0	2	0	1	0	0	0	1	0	1	1	0	0	0	0	0	0	0	1	1	0	0	2	1	1	1	1	1	1	0	1	0	0	1	0	0	0	0	0	1	0	1	1	1	0	0	0	0	1	1	1	0	1	0	0	1	1	
0	1	1	0	0	0	0	1	1	1	0	0	0	1	1	0	1	0	0	2	0	1	1	1	0	1	0	1	0	0	0	1	1	1	0	1	0	0	1	0	2	2	1	0	1	1	1	0	0	0	1	0	1	1	1	1	1	1	2	1	0	0	1	1	0	0	1	1	1	0	0	1	0	0	1	1	1	2	1	0	1	0	0	2	0	0	1	0	1	1	1	1	0	0	1	1	1	1	0	1	
0	1	1	0	0	2	0	1	1	0	0	0	0	1	0	0	0	0	0	1	1	0	1	0	0	0	0	1	1	0	1	0	0	2	1	0	1	0	0	1	0	1	0	2	0	0	1	1	0	1	0	0	0	2	1	0	1	0	1	2	0	1	0	0	1	1	0	0	1	0	2	2	0	1	0	0	0	2	1	0	0	0	0	0	0	0	2	2	0	1	1	1	1	1	0	2	1	1	2	0	
0	1	0	0	1	0	2	0	0	2	0	1	1	1	0	1	0	0	0	1	0	0	1	1	0	0	0	2	0	1	2	1	0	0	0	0	0	0	0	1	0	0	1	1	0	0	0	2	1	0	0	1	0	1	1	2	0	0	0	0	1	0	1	1	2	1	0	1	1	2	1	0	1	1	2	0	1	1	1	0	0	1	1	0	0	0	1	2	0	1	0	0	1	1	0	2	1	1	0	1	
1	1	0	0	0	0	1	1	1	0	0	1	0	2	1	0	1	0	0	1	1	0	1	0	0	1	0	2	0	0	1	0	1	2	1	1	1	1	0	1	0	0	0	0	0	0	1	0	1	1	0	0	2	0	1	0	1	0	1	0	0	0	1	0	1	0	0	1	1	1	1	0	0	0	0	0	1	0	0	0	0	0	0	0	1	0	1	1	0	1	2	1	1	0	1	1	0	0	0	1	
0	1	0	0	0	1	2	1	1	1	1	0	0	1	2	0	0	1	0	1	1	0	1	1	1	1	0	0	2	0	0	1	0	0	1	1	1	0	0	0	1	0	2	0	0	1	1	1	1	0	0	1	0	1	1	0	0	1	0	1	0	0	1	0	1	1	1	1	0	0	0	1	0	1	0	1	0	0	2	0	0	0	1	0	1	1	0	0	1	2	0	0	0	2	1	0	2	0	0	0	
1	1	1	0	1	0	0	1	1	0	0	0	1	0	0	0	2	1	1	1	1	0	1	1	0	1	1	1	1	0	1	1	2	0	1	0	1	0	0	0	1	0	0	1	0	1	0	0	0	0	0	1	0	0	1	2	1	2	0	0	1	1	0	0	0	0	0	1	0	1	2	0	1	0	0	0	0	1	0	0	0	1	1	1	0	1	1	0	1	0	1	1	0	1	1	0	1	1	0	1	
0	1	0	0	1	0	1	1	1	1	1	0	0	0	1	1	1	1	0	1	1	1	1	0	1	2	0	0	1	1	0	1	0	0	1	1	0	1	0	2	2	0	0	1	0	2	0	0	0	1	0	1	0	0	1	1	0	0	1	0	1	0	1	0	1	0	0	0	1	0	0	0	2	1	1	1	0	0	1	2	1	0	0	0	0	0	0	1	0	0	1	0	1	1	0	0	1	0	0	1	
1	0	0	1	0	2	1	1	0	1	1	0	1	0	0	0	0	1	0	0	0	0	1	1	0	1	0	1	0	1	0	0	2	1	0	0	2	0	0	0	1	1	1	1	0	0	0	0	0	1	0	1	0	0	1	0	1	1	0	2	1	0	1	1	0	1	1	1	0	1	0	1	0	0	0	0	2	1	0	2	1	2	1	1	0	2	1	2	1	0	1	0	0	1	1	0	0	0	0	0	
0	1	1	1	0	0	0	0	0	1	0	0	1	0	0	0	0	1	1	0	1	0	1	0	0	1	1	0	1	1	1	1	0	0	0	2	2	0	0	0	1	2	0	1	1	0	1	1	1	0	0	1	0	0	1	1	0	1	0	0	0	1	0	0	0	0	1	0	0	1	1	1	0	1	2	0	0	1	0	0	0	1	1	1	0	0	1	1	0	0	0	0	0	0	0	1	0	0	0	1	
1	1	1	0	0	1	1	1	1	1	0	0	1	1	0	2	0	2	1	1	1	1	0	0	1	0	1	0	2	0	0	1	1	0	1	0	1	2	0	1	0	1	1	0	0	0	0	0	0	1	1	1	0	0	1	1	1	0	0	1	0	0	0	0	0	0	1	0	1	0	0	0	1	1	0	1	1	1	1	1	0	1	0	1	0	1	1	1	1	1	2	0	1	1	0	0	2	0	1	0	
0	0	1	1	2	1	1	1	0	1	1	1	1	1	1	1	0	1	1	0	1	0	1	0	0	1	1	1	1	0	1	1	1	0	1	0	1	1	1	0	0	1	0	1	0	1	1	0	0	1	0	0	1	0	1	0	1	1	1	1	0	0	1	0	0	0	0	0	1	1	0	1	0	0	0	1	0	2	2	0	1	0	0	1	0	1	0	1	0	1	0	1	0	0	1	1	1	0	1	0	
1	1	2	1	1	0	2	1	0	0	0	0	1	1	1	0	1	0	2	0	1	2	2	1	0	1	0	0	1	1	1	0	0	0	1	2	2	0	0	1	1	2	1	1	1	0	1	1	0	0	1	1	0	1	1	1	1	0	0	2	1	0	1	0	0	1	0	0	0	1	0	1	2	1	0	0	1	0	0	1	0	1	0	0	0	0	1	0	0	1	1	0	2	0	0	0	1	1	2	1	
1	0	0	0	1	0	0	1	0	0	0	1	0	2	0	0	1	1	1	0	1	1	1	1	0	1	0	1	0	2	1	0	1	1	0	1	1	1	0	1	0	0	0	1	0	0	1	1	1	0	1	0	0	0	0	1	0	0	0	1	1	1	1	0	2	0	2	2	1	0	1	1	0	1	0	1	0	0	0	0	1	0	1	0	0	0	0	1	1	0	0	0	2	0	1	0	1	2	1	0	
0	1	1	0	2	1	2	1	1	1	1	0	0	0	1	1	1	0	1	1	1	0	2	0	0	1	0	0	0	1	1	0	1	1	1	1	0	0	1	1	2	0	0	1	1	0	0	1	0	0	1	0	0	2	1	1	1	0	0	1	0	1	0	0	1	1	0	0	1	0	0	1	1	0	0	1	0	1	0	1	1	0	2	0	0	0	1	0	0	1	0	1	0	0	0	1	0	1	1	0	
1	1	0	1	0	1	1	1	1	1	1	2	0	0	0	1	1	1	0	1	1	0	1	1	1	2	0	1	1	0	0	0	0	1	0	1	1	0	1	1	1	1	1	0	1	1	1	1	0	0	1	0	1	0	1	0	0	0	0	0	0	1	0	1	0	0	0	0	1	0	0	1	0	1	2	0	1	1	1	1	0	2	1	0	2	1	0	2	0	1	1	0	1	1	1	1	0	0	1	0	
0	0	0	0	0	1	0	0	1	1	0	0	0	1	0	1	1	0	2	0	0	0	1	1	2	0	1	1	1	1	0	2	0	0	0	0	1	0	0	1	0	0	0	2	0	0	0	1	0	1	1	1	0	0	0	1	0	1	0	0	0	1	1	1	2	0	0	0	0	2	1	0	0	1	0	0	0	0	0	1	0	0	0	0	1	0	1	1	0	1	0	0	1	1	1	0	1	1	2	0	
1	1	0	0	1	1	0	1	1	0	0	1	0	0	1	1	1	1	0	0	1	1	1	0	1	1	0	0	0	0	1	0	1	1	0	1	1	1	0	1	1	1	1	2	2	0	0	0	0	0	0	1	1	0	1	1	1	0	0	0	1	0	0	1	1	0	0	1	0	0	2	0	0	2	0	0	0	0	0	0	0	0	0	1	1	1	1	0	0	1	1	1	2	0	0	1	1	1	0	1	
0	1	1	0	0	0	1	1	1	1	1	1	0	1	0	1	1	0	1	0	1	1	0	0	1	0	1	2	2	0	0	1	0	0	0	0	2	1	1	1	0	0	1	1	0	0	0	1	0	0	1	1	0	0	1	2	0	1	0	1	1	1	0	1	1	1	0	1	0	1	0	0	0	0	2	1	1	1	0	1	1	1	1	1	0	1	0	0	1	0	2	1	0	1	1	1	0	1	1	0	
1	0	0	2	1	0	0	0	0	2	0	2	0	1	0	1	0	1	1	1	0	0	2	1	0	1	2	2	1	1	0	0	1	1	0	0	1	1	0	1	0	0	0	0	0	1	1	1	1	1	1	2	0	1	0	0	0	0	1	2	0	0	0	0	1	0	2	0	0	1	0	0	1	0	1	1	1	1	1	1	1	1	1	1	0	0	1	0	1	1	0	0	0	0	1	1	0	0	1	0	
0	0	0	1	1	2	1	1	0	0	0	1	1	0	1	1	0	1	1	0	1	0	1	0	0	1	0	1	0	0	0	0	0	0	1	0	0	1	1	1	0	0	0	0	1	0	0	0	1	0	0	1	0	0	0	0	0	0	1	1	1	1	1	0	0	0	1	0	1	1	0	0	0	1	1	1	1	0	0	0	1	0	0	1	1	0	0	1	0	1	0	0	1	2	1	1	2	0	1	0	
0	0	1	0	0	1	1	2	0	0	2	1	1	0	0	0	1	1	0	1	1	0	0	1	0	0	2	0	0	0	1	0	0	0	1	0	1	0	1	1	1	0	1	0	0	1	0	0	0	1	1	0	0	1	0	1	0	1	0	0	1	1	1	0	0	0	1	2	0	1	1	2	0	0	0	0	0	2	1	1	1	0	0	2	1	0	1	1	1	0	1	1	1	0	0	0	0	1	2	0	
2	2	1	0	1	0	0	2	0	0	1	1	1	0	0	1	1	0	1	1	1	1	0	0	0	0	0	1	0	1	1	0	1	0	2	1	0	1	0	1	1	1	1	0	1	0	1	1	1	0	0	0	0	1	2	0	0	0	1	1	0	1	0	0	0	0	1	1	1	1	1	1	1	0	0	0	1	1	0	1	1	1	0	1	0	0	0	0	1	0	0	0	0	0	0	0	1	1	1	0	
0	1	0	0	1	0	2	0	0	1	1	0	1	1	0	1	0	2	1	0	0	0	1	1	1	1	1	1	1	1	2	0	0	0	0	1	0	0	2	1	1	1	0	0	1	1	1	0	0	1	0	0	0	1	2	1	0	0	1	1	1	0	1	0	0	0	1	1	1	1	1	0	0	1	2	0	0	0	0	0	0	0	2	0	1	1	2	1	1	0	0	1	0	1	1	0	0	1	0	1	
0	1	1	0	0	1	1	1	0	2	0	0	1	1	0	0	1	0	0	1	0	0	0	1	0	1	1	1	0	2	1	0	2	1	1	1	0	1	0	0	0	0	0	0	1	0	0	0	0	0	2	1	2	1	1	0	0	0	1	1	1	0	1	0	0	1	1	0	0	0	1	0	1	0	1	1	1	0	0	0	1	1	1	1	0	1	0	1	0	1	0	2	0	0	1	1	0	0	0	1	
1	0	0	1	2	1	1	1	1	1	0	0	1	2	0	0	0	1	0	0	0	0	0	1	1	1	0	0	0	1	0	1	0	1	0	0	1	1	0	0	1	1	2	0	0	0	1	1	0	1	1	1	0	0	0	0	1	1	2	1	2	0	1	0	0	1	1	0	1	0	2	0	0	1	1	0	2	1	1	1	2	2	0	0	1	0	0	1	1	0	0	0	1	0	0	1	0	0	1	1	
0	1	1	1	1	1	1	1	1	1	1	1	0	1	1	0	1	0	0	1	2	0	0	0	0	1	0	1	1	1	1	2	0	1	1	1	1	0	0	2	0	1	1	0	0	0	1	1	1	1	1	0	2	1	2	0	0	0	0	0	1	0	0	0	0	0	0	2	0	0	0	1	1	1	0	1	1	0	0	0	1	1	2	0	1	0	0	1	1	0	1	2	0	0	1	1	1	1	1	1	
0	1	0	1	0	0	0	1	0	1	0	0	0	1	1	0	1	1	0	1	0	0	0	0	0	1	0	0	1	0	0	1	1	0	1	0	0	0	0	0	0	1	0	1	1	2	0	0	0	2	0	1	0	0	0	1	1	1	1	1	0	0	0	1	0	0	0	0	0	1	0	0	1	0	0	0	2	2	1	0	1	1	0	0	1	0	0	0	0	0	2	0	0	1	0	1	2	0	1	1	
1	0	0	1	1	1	0	1	0	0	0	2	1	0	1	0	1	0	0	1	0	0	0	1	0	1	1	1	1	0	1	0	0	1	1	1	0	1	0	1	0	1	0	0	0	0	1	0	0	2	1	0	1	0	1	0	0	0	1	0	0	0	1	0	0	2	0	0	1	1	0	1	0	0	1	0	0	0	1	0	0	0	2	0	1	0	1	2	1	0	0	0	1	1	1	1	0	0	0	0	
1	0	1	0	0	0	1	1	0	1	0	0	0	0	0	1	2	0	0	0	1	1	1	1	0	1	0	1	1	2	1	1	1	0	1	1	0	0	1	0	0	1	0	0	0	0	0	1	0	0	1	1	1	1	1	1	1	1	0	0	1	0	1	1	0	0	0	0	0	0	0	0	1	0	1	1	1	0	1	0	0	1	1	0	0	0	1	0	0	1	1	0	1	1	0	0	1	0	0	0	
0	0	0	1	1	1	0	0	0	0	1	0	1	0	0	0	0	1	0	0	1	0	1	2	1	0	0	0	1	1	2	2	0	1	0	2	0	2	1	1	1	1	0	1	0	2	1	1	1	1	0	1	0	0	1	1	0	0	0	1	1	1	1	1	0	0	0	1	1	1	0	0	1	0	0	0	0	0	0	0	0	0	0	0	1	1	0	1	0	2	0	0	0	1	1	1	0	0	1	2	
1	1	1	1	0	0	0	1	0	2	0	0	0	0	1	1	0	1	1	1	0	1	0	0	0	1	1	1	1	2	1	2	0	1	2	0	1	1	1	1	0	0	0	2	0	0	1	0	1	0	0	0	1	0	1	2	2	2	0	0	0	2	2	1	1	0	0	2	0	0	0	1	0	0	1	1	1	1	0	1	0	0	0	1	0	0	1	0	0	0	1	0	1	2	0	0	1	0	0	0	
0	1	1	0	0	0	0	0	0	1	0	0	0	1	0	0	0	1	0	0	0	0	1	1	0	1	0	0	0	1	1	1	0	1	0	1	0	1	0	0	0	0	0	1	0	0	1	0	1	0	0	0	1	2	1	0	1	0	1	0	2	0	0	0	0	0	0	0	1	0	1	1	0	1	2	0	0	1	0	0	0	1	0	1	0	2	1	2	0	0	0	1	1	1	1	0	0	2	1	0	
0	0	1	1	0	2	1	2	2	0	0	1	0	1	1	0	0	0	1	1	1	1	1	1	0	0	0	0	0	1	0	0	1	0	0	0	0	0	1	1	1	2	1	0	1	1	1	1	0	1	0	1	0	0	1	0	1	0	1	0	0	2	1	1	1	1	0	0	0	1	0	1	1	0	0	1	0	1	0	1	0	1	1	1	0	1	1	0	2	1	0	0	0	0	0	1	0	2	1	0	
1	1	0	0	0	2	0	1	0	1	0	0	0	1	0	0	1	0	0	1	0	1	0	0	0	1	0	1	1	2	0	0	1	1	2	0	0	1	1	0	0	1	1	0	0	0	0	1	0	1	0	1	1	1	0	1	1	1	1	1	0	1	0	1	0	0	2	0	1	0	1	0	0	0	0	0	1	0	1	0	0	1	1	0	0	1	1	0	0	0	1	0	1	1	0	0	0	1	0	1	
1	0	0	1	0	1	0	1	0	0	1	0	0	1	0	0	0	1	1	1	0	0	0	0	0	0	1	1	0	0	0	0	0	2	0	1	0	1	0	0	0	1	1	0	1	0	1	0	0	0	0	1	1	1	0	0	0	0	1	0	1	1	1	1	1	2	1	1	1	0	1	0	0	0	1	1	1	1	2	1	0	0	0	0	1	1	0	0	0	0	0	0	0	1	0	1	1	1	1	0	
0	1	0	0	1	1	1	1	1	0	1	0	1	1	1	1	0	2	0	0	2	0	1	1	1	0	1	0	1	1	1	1	0	1	0	0	1	1	1	0	0	0	1	1	0	2	0	0	1	1	0	0	0	0	0	1	0	1	0	0	0	0	0	1	0	0	0	0	1	0	0	0	0	0	0	1	0	2	1	1	0	1	2	0	1	1	1	1	1	0	1	0	0	0	0	1	1	0	2	0	
1	1	1	1	0	0	1	0	0	1	0	0	0	0	2	0	0	1	1	0	1	0	1	1	1	2	0	0	0	0	1	0	2	1	1	0	0	1	0	1	1	1	1	0	1	0	1	2	1	2	0	0	1	1	1	0	0	1	0	0	1	0	1	0	0	0	0	1	0	1	1	0	1	1	1	1	0	1	1	0	1	1	1	1	0	0	1	0	0	1	0	0	1	1	1	0	0	0	0	0	
1	1	0	0	0	0	0	2	1	0	0	0	1	1	1	0	1	1	0	1	0	1	0	1	1	2	0	0	1	1	0	1	2	0	1	1	0	1	1	0	1	1	1	0	0	0	0	2	1	1	1	0	0	0	0	0	0	2	0	0	1	1	0	1	0	0	0	0	1	1	0	0	0	1	0	0	0	1	1	1	0	1	0	1	1	2	0	0	0	0	1	0	1	0	1	0	0	1	0	0	
1	0	0	1	0	2	1	0	0	0	0	0	1	1	0	2	1	0	0	1	0	1	1	1	1	1	1	0	2	1	0	1	0	1	2	1	0	0	1	0	1	1	0	1	1	0	2	0	0	0	0	1	1	1	0	1	0	0	0	0	0	1	1	0	2	1	0	1	0	0	1	0	0	2	1	0	1	1	1	1	0	1	1	1	1	1	1	1	0	1	1	1	1	2	1	0	0	0	0	0	
1	1	0	0	2	1	1	0	1	0	0	1	1	0	1	1	2	0	0	1	0	0	0	1	1	1	0	1	1	0	0	0	1	1	1	0	0	0	0	0	1	0	0	0	1	0	0	0	0	1	1	1	1	0	0	0	0	0	0	1	0	0	1	1	1	0	0	0	1	1	0	0	1	1	1	0	1	1	0	2	1	1	0	1	1	0	1	1	1	0	1	0	0	1	0	2	0	1	1	1	
1	2	1	0	1	2	1	1	0	2	0	0	2	2	1	0	1	2	0	1	0	0	1	2	1	0	0	0	0	0	0	0	1	0	0	0	1	0	0	1	1	0	1	2	0	1	1	0	0	0	0	0	0	1	1	0	0	1	0	1	1	1	0	0	0	0	0	0	1	0	0	1	0	0	1	0	1	2	0	0	0	0	0	1	0	0	1	0	1	0	0	0	0	1	1	1	1	0	0	0	
1	0	0	0	1	1	1	2	2	1	0	1	0	0	1	1	1	0	0	1	0	1	1	2	1	0	1	1	1	1	0	1	0	0	1	0	2	1	1	0	1	0	2	0	0	1	1	0	1	1	0	1	0	1	0	1	0	1	0	0	0	0	1	1	0	1	0	1	0	1	1	1	0	0	1	1	1	0	1	1	0	0	1	2	1	0	2	0	0	0	2	0	1	1	0	1	0	1	1	1	
0	1	0	1	0	0	0	0	0	0	1	1	1	1	1	0	0	1	0	1	1	0	0	1	1	0	0	0	0	1	1	0	0	0	1	1	1	0	2	1	0	1	0	1	0	1	2	1	0	1	1	0	0	0	1	0	1	1	0	1	1	1	0	1	0	0	0	2	1	0	0	0	0	1	0	0	0	0	0	0	0	1	0	0	0	1	0	1	0	1	0	0	1	1	0	1	1	1	0	1	
1	0	0	1	0	1	0	1	0	0	0	0	0	2	1	1	0	1	1	0	1	0	0	1	0	0	0	1	1	0	0	1	1	0	0	0	2	1	1	0	1	0	0	0	0	1	0	1	1	0	1	1	1	0	0	2	1	0	0	1	1	0	2	0	1	1	0	0	1	0	0	1	0	2	1	0	1	0	1	1	0	1	0	0	1	1	0	1	1	0	2	0	1	0	1	0	0	1	0	1	
0	0	1	0	1	1	0	2	1	2	1	0	0	2	0	1	1	0	0	0	2	0	1	0	1	0	0	1	1	0	0	0	1	0	1	1	1	1	0	1	0	1	0	1	1	0	1	0	0	0	0	1	0	0	0	0	1	1	0	2	0	0	1	1	1	0	0	1	0	1	1	1	0	0	0	0	0	1	0	0	0	1	1	0	0	0	1	0	0	0	0	0	1	0	0	1	0	0	1	0	
1	1	0	1	0	0	1	2	1	1	0	1	1	0	1	0	1	1	1	0	1	1	0	2	0	0	1	0	0	1	1	0	1	1	1	0	2	1	2	0	0	1	0	0	0	1	1	0	2	0	1	0	2	2	0	0	0	0	0	1	1	2	1	0	1	1	0	1	1	1	2	0	0	1	0	1	1	0	2	0	0	0	1	1	2	0	0	0	1	0	0	2	0	0	1	1	0	1	1	0	
1	0	0	0	1	0	0	1	0	0	0	0	0	0	0	0	0	0	0	1	0	1	0	1	0	0	0	1	1	0	0	1	0	0	1	0	1	1	1	1	0	0	2	1	1	1	0	2	0	0	1	0	0	0	1	0	1	1	1	1	0	0	1	0	1	2	0	0	0	1	0	1	1	1	2	0	0	1	1	0	0	1	1	1	1	2	1	0	2	1	2	0	1	2	0	0	0	1	1	1	
0	0	0	0	0	0	0	0	0	1	1	1	0	1	0	1	1	1	1	0	1	0	1	0	0	0	0	1	0	1	1	0	2	1	0	1	1	0	0	0	1	1	1	1	0	1	1	0	1	0	0	1	1	1	1	0	0	1	0	0	0	0	1	1	1	1	1	1	1	0	1	0	0	1	0	1	0	0	1	1	0	1	1	0	1	0	0	1	1	1	0	1	0	0	0	1	1	2	0	1	
0	0	1	1	1	0	0	0	0	0	1	0	1	0	1	1	0	0	1	0	1	2	1	0	1	1	1	0	0	0	0	0	0	0	0	1	0	0	0	2	1	1	0	1	1	0	0	1	0	1	1	0	0	1	0	0	0	1	0	1	0	1	0	0	0	0	2	1	0	0	0	1	0	1	1	2	1	0	0	1	0	1	0	0	1	0	2	0	1	0	1	0	0	0	1	0	1	1	0	0	
1	1	1	2	0	0	0	1	2	0	1	1	1	1	0	1	0	0	0	0	0	1	1	0	1	0	1	0	1	1	0	1	0	1	0	0	1	0	0	0	1	0	1	0	0	1	0	1	1	1	0	0	1	1	2	0	0	0	1	0	0	1	1	1	1	1	1	2	1	0	1	0	0	0	0	1	0	1	0	1	1	0	1	1	0	1	1	0	0	0	0	0	0	1	0	1	1	2	1	2	
0	0	1	1	0	0	0	2	0	1	0	0	1	0	0	1	1	1	1	0	0	0	0	2	0	1	1	1	1	0	1	1	0	1	0	0	1	1	1	0	1	0	2	0	1	1	1	1	2	1	0	1	1	0	0	1	1	0	1	0	0	0	1	0	1	2	0	1	0	0	0	0	1	1	0	0	1	0	0	1	1	0	1	1	0	2	0	1	0	1	1	1	0	0	0	1	1	0	1	0	
1	1	1	0	2	0	1	0	0	1	0	2	1	0	1	0	0	2	0	1	0	1	0	0	2	1	0	1	1	0	1	0	1	1	1	2	1	0	0	1	0	0	1	0	0	1	0	1	0	0	2	0	1	0	0	0	0	1	1	0	0	1	0	0	1	0	0	0	1	0	0	0	0	1	0	1	0	0	0	1	1	1	0	1	0	1	1	1	0	1	2	1	0	0	0	1	1	1	0	1	
0	0	1	0	1	1	1	0	0	0	1	1	1	1	0	0	1	0	0	1	0	1	0	1	1	0	1	1	0	1	1	1	1	0	1	0	1	2	1	1	2	0	1	0	1	0	1	1	0	0	0	2	0	0	2	0	1	1	0	1	1	0	1	1	0	0	1	0	0	0	0	0	1	1	1	0	1	0	0	1	1	0	1	1	0	0	0	0	1	2	1	2	0	0	1	0	0	1	2	1	
2	0	1	2	1	0	1	0	1	0	0	2	0	1	0	1	1	2	1	0	0	0	0	0	1	1	1	0	0	1	1	1	1	1	0	1	1	0	0	0	0	0	1	1	0	1	1	1	0	1	0	1	1	1	1	0	2	0	0	0	1	0	0	1	2	2	0	2	0	0	0	0	1	1	0	1	0	0	0	0	0	1	1	1	2	1	0	0	0	0	1	0	2	0	0	0	1	1	1	0	
1	0	0	0	0	0	1	1	1	2	1	0	0	0	1	0	0	0	1	0	1	0	1	1	0	1	1	1	1	0	1	1	1	1	0	1	1	0	0	0	0	2	0	0	1	1	0	1	0	0	1	1	1	0	0	1	1	0	1	1	1	0	2	1	1	1	1	2	0	1	1	2	1	0	1	1	0	2	0	0	2	0	0	0	1	1	2	1	0	0	1	0	1	1	1	0	0	0	2	0	
0	0	1	0	1	1	0	1	0	1	1	1	2	1	1	1	0	0	2	1	1	1	1	0	2	0	0	0	0	1	2	0	0	1	1	1	0	1	1	0	1	0	1	1	1	0	0	0	1	1	1	1	1	2	2	1	1	0	1	0	1	2	0	0	1	0	1	0	0	0	1	1	1	0	1	0	1	1	1	1	0	1	0	1	1	0	1	1	0	1	1	0	0	0	2	2	1	1	0	0	
2	1	0	2	1	1	0	1	1	1	0	1	2	1	1	0	1	0	0	1	1	1	1	1	1	1	0	0	0	1	1	1	2	0	0	1	0	0	0	1	1	0	0	1	1	0	1	1	1	1	1	0	2	0	0	0	1	0	0	1	0	0	1	0	0	0	1	0	0	0	1	0	0	0	1	0	1	1	1	0	1	0	1	1	0	1	0	0	0	0	0	1	0	2	1	0	1	1	0	0	
2	0	0	1	0	1	1	0	0	0	1	2	1	0	0	0	1	2	0	0	1	0	0	0	0	0	1	0	0	2	2	0	0	1	0	0	0	0	0	1	0	1	1	1	0	1	0	0	1	0	1	1	0	0	0	1	0	1	0	0	0	1	1	0	0	0	1	0	0	1	0	0	0	0	0	1	0	0	2	0	1	0	1	0	2	1	0	1	1	0	0	1	0	0	1	0	0	1	0	0	
1	0	1	0	0	1	2	1	1	0	1	0	0	1	0	0	1	0	0	0	0	2	0	1	1	0	1	1	0	0	1	1	0	1	1	0	0	1	1	0	1	1	1	0	1	0	1	0	0	2	1	1	1	0	0	0	0	0	0	1	0	1	1	0	1	1	0	0	0	1	1	1	1	1	0	0	0	0	2	0	1	0	1	1	2	1	0	1	1	0	1	1	0	1	1	1	1	0	0	0	
1	0	1	1	1	0	1	0	0	0	0	1	1	0	2	1	1	1	0	1	1	1	0	0	0	1	1	1	1	0	0	0	1	1	2	0	1	1	1	2	1	0	0	1	0	0	2	0	0	0	1	1	1	2	2	1	1	0	0	1	1	0	1	0	1	1	1	0	1	2	0	0	1	1	0	1	1	0	2	1	1	0	1	1	1	1	0	0	1	1	0	1	0	1	0	0	0	1	0	2	
1	1	1	2	1	0	1	0	1	1	1	0	0	1	1	0	0	0	0	0	2	1	0	0	0	0	2	1	0	0	0	1	0	2	1	1	1	0	1	1	1	1	0	1	1	1	1	0	0	1	0	0	1	0	0	0	0	1	1	0	0	0	0	0	1	0	1	1	1	1	0	2	1	0	2	0	1	1	1	1	1	0	0	0	0	1	1	1	2	0	0	0	0	0	1	1	0	2	0	1	
0	0	0	1	1	1	1	1	1	0	0	1	0	0	1	0	1	0	1	1	0	2	1	1	1	1	0	0	1	0	0	0	1	2	1	1	0	1	0	1	0	0	1	1	0	1	0	2	0	0	1	2	1	0	2	0	1	1	0	1	0	0	1	0	1	1	1	1	2	0	0	0	0	1	1	1	1	1	1	0	1	0	1	0	0	0	0	1	0	0	0	1	1	1	1	1	1	0	0	0	
1	0	1	1	1	1	0	0	1	1	1	1	0	1	0	1	0	1	1	0	1	1	0	2	1	1	0	2	1	1	0	2	1	0	2	0	0	0	0	1	1	2	0	0	0	1	0	1	1	1	1	0	0	1	2	0	1	0	2	1	1	0	2	1	1	0	0	1	1	0	0	0	1	0	1	0	1	1	0	0	0	0	0	1	0	0	0	2	1	1	0	1	0	0	1	0	0	0	0	1	
0	1	1	0	0	1	1	1	0	0	2	1	0	1	2	0	1	1	0	0	0	1	1	0	0	1	0	1	1	1	1	2	1	1	1	2	0	0	1	0	1	1	0	0	1	0	0	0	1	1	2	0	1	1	1	0	0	0	1	0	1	1	0	2	0	1	0	1	0	1	1	1	1	1	0	0	0	1	0	0	0	1	1	0	0	0	0	1	1	0	0	0	0	0	1	1	0	0	1	1	
1	0	1	1	0	0	0	2	1	0	1	0	0	1	0	0	1	0	1	0	1	0	1	1	0	1	1	0	1	0	1	1	1	2	1	0	0	0	0	0	1	2	0	1	1	1	1	1	0	0	0	1	0	0	0	0	0	0	0	2	2	1	1	0	1	0	1	1	0	0	0	0	1	0	0	1	0	0	0	0	1	1	1	1	1	0	1	0	0	0	0	1	0	0	1	0	1	1	1	0	
0	0	0	0	0	0	0	1	0	1	1	0	2	1	0	1	1	1	1	0	2	0	1	0	0	1	0	1	0	0	1	0	1	1	1	0	0	0	1	0	1	2	1	1	0	0	0	1	1	1	0	1	0	1	0	1	0	0	0	0	1	0	0	1	0	0	1	0	0	1	0	1	0	0	1	1	0	1	1	1	0	1	0	0	0	0	1	0	1	1	0	0	0	1	0	0	1	1	1	0	
1	2	1	1	0	1	1	0	1	1	0	1	1	2	0	1	1	1	0	1	1	1	1	1	1	2	0	1	0	0	1	2	1	1	1	0	1	0	0	1	0	1	0	0	1	0	1	1	1	1	0	1	1	0	1	1	1	1	0	1	0	1	1	0	1	0	2	1	0	0	1	0	1	0	0	1	1	0	1	1	0	0	1	0	2	1	1	0	1	0	0	0	2	1	1	1	0	1	0	0	
0	0	0	1	0	0	1	1	0	1	0	1	0	2	1	0	1	0	2	1	0	1	1	0	0	1	0	1	1	0	1	1	0	0	2	0	2	0	0	1	0	0	1	1	0	2	1	0	1	0	0	1	0	0	0	1	0	1	0	1	1	2	1	1	0	0	1	0	1	2	1	2	1	0	1	0	1	0	0	0	1	1	0	0	0	0	0	0	0	1	0	1	1	0	0	1	1	1	1	1	
0	0	0	0	0	0	0	1	1	0	1	1	0	1	1	0	0	1	0	0	1	0	1	1	1	1	0	1	0	1	1	0	0	1	0	1	0	1	0	1	2	1	0	0	1	1	0	0	0	0	0	1	1	1	0	0	0	1	1	1	1	1	0	1	0	1	1	1	1	0	2	0	0	1	0	1	1	1	1	2	2	0	0	1	0	1	0	1	1	1	0	0	0	0	0	2	0	2	0	0	
0	2	0	1	0	1	1	0	0	1	0	1	0	0	0	0	1	1	0	1	1	0	0	1	1	1	1	1	0	0	0	2	0	1	2	1	1	2	0	0	1	1	0	1	0	0	1	1	0	0	1	0	0	0	1	0	0	1	0	0	0	0	0	0	0	1	1	2	1	1	0	0	1	1	0	1	0	1	1	1	1	0	1	1	1	1	1	1	0	0	0	1	0	1	0	0	0	0	0	0	
0	1	2	1	0	1	1	0	1	0	1	0	0	1	0	1	1	2	0	1	0	1	0	1	1	1	1	1	1	0	0	0	1	1	0	0	0	0	0	0	0	0	0	2	0	1	0	0	0	1	1	0	1	1	1	2	1	0	0	1	0	0	1	0	2	1	0	0	0	1	0	1	0	1	1	1	0	1	1	1	0	0	0	1	0	1	2	0	0	0	0	0	0	0	1	2	1	0	1	0	
0	1	0	1	0	2	1	1	2	1	0	0	0	1	0	2	1	1	0	0	1	0	0	1	0	0	1	1	1	0	0	1	1	1	0	1	1	1	2	0	1	0	2	1	1	0	1	0	0	0	0	1	1	1	0	0	0	0	1	1	2	0	0	0	0	0	0	0	0	0	0	1	1	0	1	1	0	0	1	0	0	0	0	1	0	1	0	0	1	1	0	1	0	0	0	1	1	0	0	0	
1	0	1	1	1	0	1	0	0	1	0	1	2	1	0	2	0	0	1	1	1	0	0	1	0	0	0	0	1	1	1	0	1	1	1	0	0	0	0	0	0	0	1	0	0	0	0	0	0	1	1	1	2	1	0	0	0	0	2	0	0	1	1	1	1	1	1	0	1	0	0	2	2	1	1	1	0	0	0	0	0	0	1	0	1	0	0	0	1	1	1	1	0	0	1	1	2	0	0	0	
1	1	1	0	0	0	1	0	2	1	0	1	1	0	1	2	0	0	1	1	0	1	0	0	1	0	0	0	0	0	0	0	0	1	1	0	0	0	0	1	1	1	0	0	0	0	0	1	0	1	1	0	0	0	0	1	1	0	0	1	0	1	0	0	0	1	1	0	1	2	1	0	0	0	0	1	1	0	1	0	0	1	0	1	0	0	1	1	1	0	1	0	0	0	1	0	1	0	0	1	
0	1	0	0	1	1	0	1	0	1	0	0	0	0	1	0	0	0	0	0	1	1	1	0	0	1	1	0	0	1	0	1	1	0	1	1	0	0	0	0	1	1	2	1	1	1	0	1	1	0	2	0	0	1	0	0	1	1	0	1	0	0	1	1	0	0	0	0	0	1	1	1	0	0	1	1	1	0	2	1	1	0	0	1	0	0	1	0	1	0	0	0	1	1	0	0	1	2	0	0	
1	0	1	0	0	0	0	0	0	0	0	2	0	0	0	0	1	0	1	1	1	1	0	0	0	1	0	2	0	0	0	0	0	2	1	0	1	1	1	0	1	1	0	0	2	1	0	0	0	0	0	1	1	1	2	1	1	0	1	1	1	1	0	0	0	0	1	1	0	1	1	0	0	0	0	1	1	1	2	0	1	0	0	1	0	1	0	2	0	1	1	1	1	0	0	0	1	0	0	1	
1	0	1	0	0	0	1	2	1	0	1	1	1	0	0	0	0	0	1	0	1	0	1	0	0	1	0	0	0	2	0	1	0	0	0	1	1	0	1	1	0	1	0	2	0	1	2	1	0	1	0	0	0	0	1	1	1	1	0	0	0	1	1	1	0	1	0	0	2	0	2	0	1	0	2	1	0	1	1	1	2	1	0	0	1	0	1	0	0	1	2	1	0	1	0	1	1	0	0	1	
2	0	2	1	0	1	1	0	1	1	1	1	0	1	2	0	1	0	0	0	0	0	1	1	0	0	1	0	0	1	0	0	0	1	1	1	0	0	0	2	0	0	0	2	2	0	1	0	0	1	0	0	0	0	1	0	0	0	0	1	1	0	0	0	1	2	1	1	1	2	0	1	0	1	2	0	1	0	0	1	1	1	1	0	1	1	0	1	1	1	1	0	0	1	0	1	1	0	0	0	
1	0	0	1	1	1	1	0	0	1	1	1	0	1	0	0	0	1	1	0	2	2	1	1	1	0	0	1	1	1	1	0	1	0	2	1	2	1	0	1	0	1	1	1	1	0	1	0	0	1	0	0	1	0	0	1	1	2	0	1	1	0	0	0	0	0	0	1	1	2	2	1	1	0	1	1	0	0	1	1	0	1	1	1	0	1	1	1	0	1	1	1	1	1	1	0	0	0	1	1	
1	2	1	0	1	1	1	0	0	0	1	0	2	1	1	0	1	0	0	1	0	1	0	0	1	1	0	2	0	1	0	1	0	0	1	0	0	0	1	1	1	0	0	1	0	1	0	1	1	0	0	0	1	0	0	1	1	1	0	1	1	1	2	1	0	1	0	0	0	0	0	0	1	1	1	1	1	1	1	0	0	1	1	0	2	1	0	1	1	0	0	0	1	1	1	1	2	1	2	0	
1	0	1	1	0	0	1	0	1	0	1	1	0	1	1	0	0	1	1	0	1	1	1	0	1	1	0	1	0	1	1	0	1	1	1	0	1	0	1	0	1	1	1	1	0	0	1	0	0	0	1	0	1	0	1	0	1	0	1	0	0	0	1	1	1	0	0	1	1	1	0	0	1	1	0	0	0	1	1	1	1	1	0	0	0	0	0	1	1	0	0	2	0	1	0	1	1	1	2	0	
1	2	0	2	1	2	0	0	0	1	2	1	1	0	0	0	0	1	1	0	0	1	0	0	0	2	0	0	1	0	0	0	0	0	0	0	0	1	0	0	0	0	1	0	0	0	1	0	0	2	0	0	0	2	1	1	1	0	1	1	0	1	2	0	0	1	2	2	1	1	1	0	0	0	1	0	1	0	0	0	1	1	1	1	2	0	0	1	1	0	1	0	0	1	0	2	1	0	0	1	
1	0	0	0	0	0	1	0	0	1	0	2	0	0	0	1	1	0	2	0	0	0	1	1	0	0	0	0	1	1	1	0	1	0	1	0	1	1	0	1	0	1	1	1	0	1	1	0	0	0	1	1	0	1	0	1	1	0	1	0	1	0	0	1	0	0	1	1	1	0	0	0	0	1	1	1	0	1	0	1	0	1	1	2	0	1	0	0	1	0	0	1	1	2	1	1	1	0	1	2	
1	0	1	0	1	0	0	0	1	1	0	2	0	0	0	0	1	2	1	1	1	1	0	1	1	0	0	0	0	1	1	0	1	0	1	0	1	1	1	1	0	0	1	1	1	1	0	1	0	1	2	2	0	1	1	0	1	0	0	2	2	1	1	0	0	1	1	1	0	1	1	2	0	2	0	0	0	1	1	0	0	0	0	1	0	0	1	0	0	1	0	1	0	1	1	0	1	0	1	1	
1	0	0	1	0	0	1	0	0	0	0	0	1	1	0	1	1	0	0	0	2	1	2	0	1	0	0	1	0	0	1	1	1	1	1	0	1	0	1	1	0	1	1	0	1	1	1	1	1	1	1	0	0	2	1	0	1	1	0	0	0	0	0	0	1	1	0	1	0	1	0	1	1	0	1	1	0	0	0	0	1	1	1	0	0	0	0	0	1	0	0	0	0	2	0	1	1	0	0	0	
0	1	1	1	0	1	0	1	1	0	1	0	0	1	1	1	1	0	0	1	0	1	1	0	0	0	0	0	1	1	1	0	0	0	1	1	1	1	1	1	1	1	0	0	0	1	0	1	0	0	0	1	0	1	0	1	1	1	1	0	1	0	0	1	1	0	0	0	0	0	0	1	0	0	0	1	0	2	1	1	1	0	1	1	0	0	0	2	2	0	1	1	0	1	1	0	1	0	0	0	
0	1	0	1	1	1	1	0	0	1	0	1	1	1	0	1	1	0	0	0	1	1	1	1	0	1	0	0	1	0	1	0	0	0	1	1	1	1	1	0	1	1	1	1	0	1	1	1	1	1	1	1	0	0	1	0	1	1	1	1	2	1	1	0	0	1	1	1	1	0	0	0	0	0	1	0	0	1	0	1	1	1	1	0	1	1	1	0	1	1	1	1	0	0	0	0	0	0	0	0	
1	1	0	1	0	1	0	0	1	1	0	0	0	0	1	1	0	0	1	2	1	1	1	1	0	0	1	1	2	0	1	1	0	1	0	1	1	0	0	0	0	0	0	1	1	0	0	0	1	2	1	2	0	0	0	1	1	1	0	1	1	0	1	0	0	0	2	0	0	1	1	0	1	0	1	1	1	1	1	0	2	1	1	0	1	1	0	1	0	2	0	1	1	1	0	1	1	0	0	0	
0	1	0	0	1	1	0	0	1	0	0	1	0	1	1	0	0	0	1	0	1	1	1	1	1	2	0	1	0	2	0	2	1	1	1	1	1	0	1	0	0	0	1	0	0	1	2	1	1	0	0	1	1	0	1	1	1	0	0	1	1	0	0	0	1	2	1	2	0	1	0	1	0	2	1	0	0	1	0	0	1	1	0	0	0	0	1	1	1	1	1	0	1	0	0	1	1	0	1	1	
0	0	0	1	0	1	1	0	0	1	0	1	1	0	0	0	1	0	0	1	1	1	0	1	1	1	1	0	1	2	1	0	0	0	1	1	1	1	2	1	0	0	1	0	1	1	0	0	0	1	1	0	0	1	0	0	0	1	0	0	0	0	0	1	0	0	0	2	2	1	1	0	0	0	0	0	1	1	1	1	1	1	0	0	0	2	1	0	1	0	0	0	0	0	0	1	1	1	0	0	
0	0	1	1	2	0	0	1	1	0	1	0	1	1	1	0	0	1	0	0	1	0	0	0	1	1	0	1	0	1	0	1	0	1	0	1	0	1	0	1	0	1	0	0	0	0	1	0	0	1	1	1	0	1	1	1	0	0	0	0	1	0	0	0	1	1	1	0	1	1	0	0	0	1	0	1	2	0	2	0	0	0	1	1	0	0	1	0	0	1	0	0	1	0	0	0	1	1	1	0	
1	0	2	0	1	1	0	1	0	0	1	1	1	1	0	0	1	1	0	1	1	1	1	0	0	0	1	1	1	2	1	0	1	2	1	2	0	1	0	0	0	2	0	0	1	1	2	0	0	2	0	0	0	0	0	2	1	0	1	1	1	0	1	1	0	0	0	1	0	0	1	0	1	1	0	0	1	1	0	0	0	2	1	0	0	0	0	1	0	1	1	0	1	0	0	1	1	1	0	0	
0	0	1	1	0	1	0	1	0	0	0	1	0	0	1	0	0	1	1	2	2	0	1	0	1	1	0	1	1	1	1	0	1	0	1	1	1	0	0	1	1	0	0	1	1	0	0	0	1	0	0	0	2	1	0	2	1	0	1	1	0	0	0	0	1	0	2	0	1	1	1	0	0	1	0	0	0	1	1	0	1	0	1	1	0	0	0	0	0	1	1	0	1	0	0	1	1	2	1	2	
0	1	0	0	1	0	0	1	1	0	1	0	1	0	0	0	0	0	1	1	1	2	0	1	1	2	0	1	0	1	1	0	0	0	1	1	0	2	1	0	0	1	1	2	1	1	0	0	1	1	0	0	1	0	1	0	1	0	0	1	0	0	0	0	1	1	1	0	1	1	0	1	1	1	0	0	1	1	2	1	0	0	0	0	0	1	1	1	0	0	0	1	0	0	0	1	1	1	0	0	
0	1	1	0	0	1	0	0	1	0	0	2	1	0	1	0	0	1	1	0	0	0	1	1	1	0	1	0	0	1	0	0	1	1	0	1	0	0	2	0	1	0	1	1	1	2	0	1	0	0	0	0	1	1	1	0	1	0	0	1	1	2	0	1	0	1	0	1	0	0	1	1	0	1	1	0	0	1	0	0	0	0	0	1	0	1	1	1	1	1	0	0	0	1	1	1	1	1	0	0	
1	1	0	0	2	0	0	1	0	0	1	0	2	1	0	1	1	0	1	0	1	2	0	1	0	1	0	1	0	0	2	0	1	0	0	1	1	1	2	1	0	1	2	1	1	0	1	1	0	1	1	0	0	2	0	1	0	1	0	0	0	0	0	1	0	1	2	1	0	1	1	2	2	0	0	1	0	1	1	1	0	0	0	1	1	1	1	2	0	0	0	1	0	0	0	0	1	0	0	0	
0	0	1	1	0	1	0	0	1	1	0	2	0	0	1	1	2	1	1	1	1	0	0	1	0	2	0	1	2	1	1	1	0	0	0	0	2	1	1	1	0	0	1	1	0	0	1	0	0	0	0	0	1	0	0	0	0	1	1	1	1	1	0	0	1	1	1	1	0	1	1	0	1	1	0	0	2	0	0	1	1	0	0	0	0	0	1	1	1	1	1	0	1	0	1	0	0	1	0	1	
1	0	1	0	0	1	1	2	0	1	1	1	0	0	2	0	0	0	1	1	1	0	0	1	0	1	0	0	1	0	0	1	1	0	1	0	1	1	1	0	1	1	1	0	1	0	1	1	1	2	1	1	1	2	0	1	1	1	0	0	0	2	1	1	0	1	1	0	1	2	1	1	0	2	0	1	1	1	0	1	1	1	0	0	1	1	1	1	1	0	1	1	1	0	1	0	0	1	0	0	
0	1	1	1	1	1	0	0	1	2	1	1	0	0	0	1	1	1	0	0	1	1	0	1	1	0	1	0	0	0	1	0	1	0	0	0	2	1	1	1	1	0	1	1	0	0	1	0	1	0	1	1	1	0	1	1	1	2	1	1	0	0	1	1	1	0	0	1	2	1	2	0	1	0	0	1	0	1	1	0	0	1	0	0	1	1	0	0	1	0	1	2	1	0	0	1	1	0	1	2	
0	1	1	0	1	0	1	1	0	1	0	0	0	0	1	0	0	0	1	1	0	0	0	1	2	0	1	1	0	0	1	0	1	0	0	1	0	1	1	1	1	1	0	0	0	1	1	1	1	1	0	0	0	0	0	1	1	0	1	0	0	0	0	2	0	1	1	1	0	1	1	0	1	2	1	0	0	0	1	1	1	1	1	0	1	1	1	0	1	0	1	1	0	0	1	1	1	2	0	1	
1	0	0	0	1	0	0	0	1	1	1	1	1	1	1	0	0	1	0	1	0	1	0	2	0	0	0	0	1	0	1	0	0	1	0	0	0	0	0	0	1	0	1	0	0	1	0	1	0	1	0	0	1	0	0	1	0	1	1	1	2	2	2	0	1	1	1	0	1	0	1	0	0	1	0	0	0	1	0	0	0	0	1	0	0	1	1	0	1	2	1	0	0	1	0	1	0	0	0	0	
1	1	0	0	0	0	0	1	0	0	0	0	1	1	0	1	0	0	1	0	1	0	0	1	0	1	1	0	1	0	1	0	1	1	1	1	0	0	0	0	2	1	0	0	0	1	0	0	0	1	0	1	0	2	1	0	0	0	0	0	1	1	0	0	0	0	2	0	1	1	0	1	1	2	0	0	0	1	2	0	0	1	1	0	0	1	0	0	1	0	0	0	1	1	0	0	1	0	1	0	
0	0	1	1	0	1	0	1	0	2	1	1	0	2	1	1	0	0	0	1	2	0	1	1	0	0	0	1	0	1	1	0	1	0	0	2	0	0	1	0	0	0	0	1	1	1	1	1	2	1	0	2	1	0	2	0	0	0	0	0	2	0	0	0	1	0	2	0	1	1	0	0	0	1	0	1	1	1	0	1	1	1	1	0	0	0	0	2	1	1	1	0	1	1	1	1	1	1	0	0	
1	2	0	1	0	0	0	0	1	0	0	1	2	0	0	1	0	0	0	0	1	0	0	0	0	0	2	0	0	0	0	0	1	1	0	1	1	0	0	0	0	1	0	1	1	2	0	1	0	0	0	0	0	1	0	1	2	1	1	1	0	1	0	2	1	1	0	0	0	1	0	1	0	0	1	0	0	2	1	0	1	1	0	1	0	0	1	0	0	1	1	1	0	0	0	0	0	0	0	2	
1	0	0	0	1	2	1	1	0	2	1	0	1	1	0	1	1	1	0	0	0	1	1	0	1	0	2	1	1	1	0	1	0	0	0	1	0	2	1	1	1	0	0	0	0	0	0	1	2	2	0	0	1	1	1	1	0	0	0	1	0	0	0	0	1	0	1	0	1	0	2	0	0	1	0	0	0	1	1	2	1	1	0	1	1	0	1	0	1	0	0	1	0	1	0	0	1	0	0	1	
0	2	1	1	0	0	0	0	2	0	0	0	1	0	0	0	0	0	2	1	1	0	0	1	1	1	0	0	1	1	0	1	1	1	1	2	1	0	0	0	1	1	0	1	1	1	1	0	0	0	1	1	2	0	0	1	0	1	1	1	0	0	0	1	0	0	0	0	0	1	0	0	0	0	1	0	0	1	0	0	1	1	1	0	0	1	0	0	1	0	1	1	0	0	1	1	2	0	0	0	
1	2	2	1	0	1	2	2	0	1	1	0	1	1	1	0	0	1	1	1	1	2	0	1	2	2	2	0	0	1	0	1	1	0	0	1	1	1	0	1	1	1	0	0	1	0	0	1	1	0	0	0	0	0	0	1	1	1	1	0	1	1	0	1	0	0	0	1	0	2	0	0	1	0	1	0	0	0	2	0	1	0	2	1	0	1	0	0	0	0	1	1	1	0	1	1	1	2	0	1	
2	0	0	2	0	2	1	2	0	0	0	0	0	0	0	0	0	1	1	0	0	1	0	0	0	2	1	1	0	1	0	0	0	0	0	0	1	0	1	1	2	0	1	0	0	1	1	1	0	2	0	1	0	0	2	2	1	1	0	1	0	1	1	0	1	0	0	1	1	1	0	0	1	0	1	0	1	0	1	0	1	0	1	0	1	1	0	1	0	0	1	1	0	1	0	0	1	0	0	1	
1	1	1	1	1	1	1	2	0	0	2	1	1	0	1	0	0	2	0	0	0	1	0	1	0	1	0	1	0	2	1	1	0	1	2	0	1	0	1	0	0	1	1	1	0	1	1	1	0	0	0	1	0	2	1	0	1	0	1	0	1	0	1	0	0	0	0	0	0	0	1	1	1	1	1	1	2	1	0	0	1	0	0	0	0	1	1	0	2	1	0	1	2	1	1	1	1	0	1	0	
0	1	1	1	1	1	1	1	0	0	0	0	0	1	1	0	1	0	0	0	0	1	1	0	1	1	1	0	0	1	1	1	1	2	0	0	0	1	0	0	1	1	0	2	0	1	1	0	0	0	1	0	1	2	0	1	1	1	0	2	1	0	0	1	1	0	0	0	0	0	1	0	0	1	1	0	2	1	0	1	1	1	0	2	1	1	1	1	2	0	0	0	0	1	0	2	0	1	1	1	
0	1	1	0	1	1	1	1	0	0	1	0	1	1	1	0	2	1	1	0	0	0	0	1	0	1	1	0	0	0	2	1	1	1	0	0	1	0	0	1	0	1	1	0	1	1	0	0	0	0	0	1	1	0	0	1	1	0	0	0	0	0	0	1	0	1	1	0	1	1	0	1	1	1	0	0	0	2	1	0	1	0	0	2	1	1	0	0	0	1	0	1	1	0	1	0	0	0	1	1	
0	0	0	0	0	0	1	1	1	1	1	0	1	0	0	0	2	1	0	0	2	1	0	1	1	1	0	1	1	0	0	1	1	1	2	1	1	0	2	1	1	0	0	1	2	0	2	1	1	2	1	1	0	1	0	1	0	0	0	1	0	1	0	0	1	1	1	0	0	1	0	1	0	0	0	0	1	0	0	1	1	0	1	0	0	0	0	0	0	1	1	1	1	0	1	1	1	0	1	1	
1	1	0	2	0	0	0	0	1	1	1	1	1	1	1	0	1	2	0	1	2	1	1	0	1	0	1	0	0	0	0	1	0	2	1	0	0	2	1	1	1	0	0	1	0	0	0	1	1	1	1	1	0	0	0	1	0	0	0	0	0	0	1	0	1	0	0	2	0	0	1	0	0	1	0	1	0	0	1	1	2	1	1	1	0	1	0	0	0	0	1	0	1	0	1	0	1	0	1	0	
0	0	1	1	1	0	0	1	1	1	1	0	0	1	0	2	1	1	0	1	1	0	0	1	1	1	0	0	0	2	1	0	1	1	0	0	1	0	1	1	0	0	0	0	2	1	1	2	0	1	0	1	1	1	0	0	0	2	0	0	1	0	0	0	0	0	0	1	2	1	0	1	1	0	2	1	0	0	0	0	1	1	0	0	1	1	1	0	0	0	1	0	0	2	1	0	0	0	1	1	
0	0	0	0	0	0	2	1	0	1	1	1	0	0	0	0	1	1	1	1	1	0	1	1	1	2	1	2	2	1	1	1	1	1	0	0	1	0	0	0	0	1	0	1	1	0	1	0	0	1	0	1	1	1	1	1	0	0	0	0	0	2	1	0	0	0	0	2	1	0	1	0	0	0	0	0	0	0	0	0	0	1	2	0	0	1	1	0	0	0	0	0	0	0	0	1	1	1	0	2	
0	0	2	2	0	0	0	1	0	0	1	1	0	1	1	1	0	0	0	0	0	1	0	1	1	0	0	0	2	0	0	0	0	1	1	1	1	0	0	1	1	0	1	0	0	1	0	1	0	2	0	2	0	0	0	1	1	0	0	1	2	1	1	0	0	2	2	0	1	0	0	1	1	0	1	1	1	0	1	0	1	0	1	0	0	2	1	2	0	0	0	0	1	1	1	1	1	0	0	1	
0	0	0	0	2	0	0	1	1	1	0	0	0	1	1	0	1	1	1	1	0	0	0	0	1	2	1	0	1	1	0	1	1	2	0	1	1	1	1	0	0	0	0	0	2	1	1	1	1	0	1	1	0	0	1	1	0	0	0	1	0	1	1	1	0	2	1	1	1	0	1	0	0	1	0	0	0	0	0	0	1	0	0	0	0	1	2	0	1	1	1	1	0	0	0	0	1	0	0	0	
0	1	1	1	0	1	0	0	0	1	0	0	2	0	1	0	1	1	2	1	0	0	1	0	0	0	0	2	2	0	2	0	2	1	0	1	1	1	0	1	1	1	0	1	0	0	0	0	2	1	2	0	2	0	0	0	0	1	0	0	0	0	2	0	1	0	1	1	2	0	1	1	0	0	1	0	2	0	0	0	1	1	1	1	0	0	0	0	0	1	0	0	0	1	0	1	1	0	1	0	
1	0	1	0	0	1	1	1	0	0	0	1	0	1	1	1	0	2	0	2	1	2	0	0	0	1	2	1	2	1	1	1	2	0	1	1	0	0	0	0	1	0	1	2	0	2	1	0	1	0	1	1	1	0	2	0	1	1	2	1	1	1	0	0	0	0	2	1	1	1	1	2	2	1	1	0	1	1	0	0	0	0	0	1	0	0	1	0	1	0	1	0	0	0	1	1	0	1	1	1	
0	0	1	1	0	0	0	1	1	2	0	0	0	1	1	0	0	0	0	0	0	2	1	1	0	2	0	0	1	1	1	0	0	1	0	0	1	1	0	1	0	1	1	1	0	0	1	1	1	1	0	0	1	0	1	0	1	1	1	0	1	0	2	0	1	1	0	1	1	0	0	1	1	1	1	0	1	0	0	0	1	1	0	0	0	1	1	1	0	0	0	2	0	1	1	1	0	1	1	0	
1	0	0	0	1	1	0	0	1	1	1	0	0	0	0	0	0	0	0	0	1	0	0	1	1	0	1	1	0	1	0	0	0	2	1	0	0	1	1	1	1	0	0	1	0	0	1	0	0	0	0	1	0	0	0	0	0	1	0	0	2	1	0	0	0	1	0	0	1	0	1	1	0	2	1	0	0	2	0	0	1	0	0	0	1	1	1	2	0	0	1	0	1	0	0	0	1	1	2	1	
0	0	0	1	1	0	1	1	0	0	0	1	1	1	1	0	1	0	0	1	1	0	0	1	0	1	1	2	1	0	1	0	2	0	1	0	1	1	0	0	1	0	1	1	0	0	2	0	0	1	0	0	0	0	0	0	1	1	0	2	1	0	1	1	1	1	0	0	1	0	0	0	1	1	1	1	1	1	1	1	1	1	1	0	0	1	1	1	1	1	1	1	1	1	0	0	0	2	0	0	
1	0	1	1	1	2	1	0	0	1	1	1	0	1	0	1	1	0	0	0	1	0	1	0	0	1	0	0	0	0	1	1	1	0	0	0	0	0	1	1	1	2	0	1	0	0	0	0	1	0	0	0	0	0	1	1	1	0	0	1	1	0	0	0	0	1	1	2	1	1	0	0	1	1	1	0	0	1	2	0	0	1	0	1	2	0	2	0	1	1	1	0	0	1	0	0	1	0	0	1	
1	1	1	0	1	0	1	1	0	0	0	0	0	1	0	0	0	1	0	1	1	1	1	1	1	0	0	0	0	0	1	1	1	1	1	1	1	1	1	0	0	0	1	1	0	1	1	1	0	1	1	0	0	1	1	0	0	1	1	1	0	0	0	0	0	0	0	1	0	1	1	1	0	1	0	1	1	0	0	1	1	1	0	1	0	1	0	1	1	0	1	0	0	1	0	1	1	0	0	1	
0	1	0	0	2	1	1	0	1	0	0	1	1	1	0	0	1	2	2	1	1	0	1	0	0	1	1	1	0	1	0	0	0	2	0	1	0	0	0	0	0	1	0	0	0	1	0	0	0	0	1	1	0	1	0	1	1	0	1	1	1	0	0	0	0	1	2	1	1	0	0	0	0	0	0	2	0	0	1	1	0	0	2	1	1	0	0	0	1	2	0	1	1	0	0	0	0	0	0	0	
1	2	0	1	0	0	0	0	1	2	2	0	1	0	1	0	1	1	0	0	0	0	0	2	0	0	1	1	1	0	1	1	1	0	1	0	2	1	1	0	0	1	1	0	0	0	0	0	0	0	1	0	2	1	0	0	1	1	0	0	0	0	0	1	0	0	1	1	0	1	1	0	1	1	0	1	1	0	0	1	0	0	0	1	2	0	1	1	0	0	0	0	1	0	0	1	1	0	0	1	
1	1	0	0	0	0	1	0	0	0	0	1	1	1	2	1	1	1	1	0	0	0	0	1	1	1	1	1	1	1	0	2	1	1	1	0	0	0	1	0	1	0	0	0	1	2	1	0	2	0	0	0	0	0	1	1	1	0	0	1	0	0	1	1	2	0	0	0	0	1	0	0	1	0	0	0	0	0	0	0	1	1	0	0	0	1	0	0	0	2	0	0	0	0	0	0	2	1	1	1	
1	1	0	0	0	1	1	1	1	0	1	1	0	0	0	1	0	2	1	1	1	0	0	1	0	1	1	0	2	1	1	0	1	0	1	0	0	1	0	1	0	0	0	0	1	0	1	0	0	0	1	1	1	0	1	0	0	1	1	0	2	1	0	0	0	0	1	1	0	1	1	0	0	0	0	0	0	1	0	0	0	1	0	0	0	0	0	2	0	0	0	1	1	0	1	0	0	0	1	1	
0	0	0	1	1	0	0	0	1	0	0	1	1	1	1	1	0	0	0	1	1	0	2	0	0	2	2	0	1	0	1	0	0	0	1	1	2	0	0	0	1	1	0	0	0	0	0	0	0	1	0	0	1	0	0	0	1	1	1	2	1	0	1	0	0	0	1	0	0	0	0	1	0	0	1	1	1	1	0	1	1	0	1	1	2	1	1	1	0	1	2	0	1	0	1	2	2	0	1	1	
0	1	1	0	0	0	0	1	0	1	0	1	0	2	1	0	1	0	1	0	0	1	1	1	0	1	1	1	0	0	0	0	1	0	1	1	1	1	1	1	1	1	1	1	1	1	1	1	1	0	1	0	1	0	0	0	0	1	1	1	0	1	1	1	1	0	2	1	0	0	0	0	0	1	0	0	0	0	0	1	0	1	1	0	1	0	1	0	0	1	0	0	0	0	0	0	0	0	1	1	
0	1	1	1	0	1	1	0	1	1	0	0	0	0	1	0	1	0	2	0	1	0	1	0	0	0	0	1	0	0	1	1	1	2	1	1	1	0	2	1	0	0	0	0	0	1	1	1	1	0	1	2	0	1	0	0	0	0	2	1	0	1	1	1	0	0	2	1	0	2	0	1	2	1	0	1	1	0	0	0	1	1	0	0	1	0	0	2	1	0	2	0	0	0	1	1	0	0	0	1	
1	1	0	1	1	0	2	0	0	0	0	1	1	0	0	0	1	0	2	0	0	0	1	1	0	1	1	0	1	0	0	2	0	1	0	2	1	0	0	0	0	1	0	0	1	1	1	0	1	2	0	0	0	0	2	0	1	1	0	0	0	1	0	0	0	1	1	0	0	2	0	0	0	1	1	1	1	0	1	1	1	0	0	1	1	0	0	0	0	0	1	0	0	0	0	0	1	1	1	1	
1	1	1	1	1	1	1	1	0	1	0	0	0	1	1	1	0	0	0	0	0	0	1	0	1	1	0	2	1	1	0	1	2	1	0	1	1	1	0	1	1	1	1	0	2	0	0	2	0	0	1	0	2	1	1	1	1	0	1	0	0	0	0	0	0	1	1	0	1	1	2	1	0	0	0	0	1	1	0	0	2	2	1	0	1	0	1	0	1	0	0	1	0	1	1	0	0	0	0	1	
0	0	0	0	1	1	0	1	1	2	1	1	0	1	0	0	1	0	1	1	1	0	1	0	1	1	0	1	1	1	1	0	1	1	0	1	0	0	1	1	0	1	0	0	2	1	0	0	1	1	0	0	0	0	1	0	1	0	1	2	0	1	0	1	0	1	0	1	0	1	0	0	1	0	0	1	1	1	0	1	1	0	1	0	0	0	0	0	1	0	1	0	0	0	0	0	1	0	1	0	
1	1	0	2	1	1	1	0	1	0	0	0	2	0	2	0	0	1	0	1	1	0	1	1	2	0	0	1	0	1	0	2	1	1	1	1	0	0	2	0	0	1	0	0	0	0	0	0	2	1	0	1	0	0	0	1	1	0	0	0	1	0	1	0	0	1	1	1	1	1	0	1	0	1	0	0	1	0	1	0	0	1	0	0	0	1	1	0	0	0	1	0	1	1	0	2	0	1	0	0	
1	0	1	0	1	1	0	1	1	2	0	1	2	1	1	1	1	1	0	1	0	1	0	1	2	1	1	0	1	1	0	0	0	1	1	0	1	1	0	0	1	0	0	1	0	0	1	0	1	0	1	0	0	0	0	1	0	0	1	2	0	1	0	1	1	0	1	1	1	0	2	1	1	0	1	0	0	0	0	0	1	1	1	0	1	0	0	1	1	1	0	1	1	0	1	2	0	0	0	0	
1	1	0	1	0	0	1	1	2	0	0	0	0	1	1	1	0	1	1	0	0	0	0	1	1	1	1	0	1	1	1	1	0	0	0	0	0	0	1	0	0	1	0	0	1	0	1	0	2	0	1	1	1	1	1	0	1	0	0	1	0	0	1	1	0	1	0	0	0	1	0	0	1	1	0	1	1	0	2	1	2	1	2	0	0	0	0	1	0	0	1	1	1	2	1	0	0	0	1	0	
1	0	1	0	0	0	0	0	1	1	0	1	1	0	0	1	1	1	1	0	1	0	0	2	0	1	0	1	1	0	0	2	0	0	2	1	0	1	2	1	0	1	1	1	0	0	1	0	1	0	1	0	1	0	0	1	0	1	0	1	1	1	1	0	1	1	1	0	1	0	1	0	2	1	0	1	0	0	0	1	0	0	0	0	2	1	1	0	0	0	0	1	0	1	1	0	1	1	2	1	
1	0	0	0	2	0	0	2	1	2	1	0	0	1	0	0	0	1	1	0	0	2	0	0	1	0	1	1	0	2	0	1	2	0	1	0	1	0	0	0	0	0	0	1	0	1	2	1	0	1	0	0	0	0	1	1	0	1	1	1	0	0	1	1	1	0	1	0	1	0	0	1	0	1	1	1	0	0	0	2	1	0	0	1	1	1	1	1	0	1	1	1	1	0	1	1	0	1	1	0	
0	0	0	0	1	0	1	1	1	1	1	1	0	1	0	1	0	1	1	1	2	1	1	2	2	0	0	1	0	0	0	0	2	1	2	0	0	0	1	0	0	1	1	1	1	1	1	0	0	1	0	1	0	1	0	1	1	0	1	1	1	1	1	0	1	0	1	0	1	0	1	0	1	0	1	0	1	2	1	0	1	0	0	0	1	0	0	1	1	0	0	2	0	1	1	0	1	1	1	0	
0	1	1	1	0	1	1	1	0	2	2	1	1	1	2	1	1	0	1	1	0	1	0	1	0	0	0	1	0	0	0	1	0	0	0	0	0	1	1	1	0	2	1	0	0	1	0	0	0	0	0	1	0	0	1	0	0	0	0	2	0	1	1	1	1	1	0	0	1	0	1	1	0	1	0	2	0	1	0	1	1	1	1	0	0	1	0	1	1	1	0	0	0	0	1	0	0	1	0	0	
1	1	1	0	1	0	0	0	0	1	1	0	1	0	0	1	0	2	0	1	1	0	0	0	1	2	0	1	1	1	0	0	0	1	0	0	0	1	0	2	0	1	1	2	0	1	0	1	1	1	1	0	1	0	0	1	0	0	1	1	2	0	0	1	2	0	1	2	0	1	0	0	1	2	1	0	0	1	0	1	1	1	1	1	0	2	0	0	1	1	0	0	0	1	1	1	1	0	0	0	
0	1	0	1	0	0	0	1	1	0	0	1	0	1	0	1	1	0	0	0	1	1	0	2	1	2	1	2	2	0	2	1	1	0	1	0	0	1	0	0	1	0	1	0	0	0	1	1	0	0	0	1	0	1	0	1	1	1	0	1	1	1	0	0	0	1	0	0	2	0	0	0	1	0	1	0	1	0	0	1	0	0	0	0	1	0	0	1	0	1	2	0	0	1	1	0	2	0	0	1	
0	0	0	0	0	2	0	0	0	0	1	1	1	1	0	1	0	0	0	1	1	1	0	0	1	0	0	0	0	1	0	1	0	0	0	0	0	0	1	1	0	0	1	2	1	1	0	1	0	1	0	0	0	1	2	1	0	1	0	0	1	0	0	0	0	0	0	0	1	1	0	0	0	0	1	0	0	1	1	2	2	2	2	1	0	1	0	1	1	1	0	0	1	1	0	0	0	0	1	1	
0	0	0	0	0	1	0	0	0	1	1	0	1	0	1	0	0	1	2	0	0	1	0	0	0	1	0	1	1	0	1	0	0	0	0	0	0	0	1	2	0	0	1	1	0	0	0	0	1	1	0	1	2	1	0	1	0	0	1	0	2	0	0	0	0	0	0	0	0	1	0	0	1	2	0	1	1	2	0	1	0	1	2	0	0	0	1	1	1	0	1	1	0	1	0	0	2	1	0	0	
0	1	2	0	2	0	0	1	1	0	0	2	0	0	1	0	2	1	1	0	0	0	1	1	2	0	1	1	0	2	1	1	1	0	1	0	1	1	0	0	1	0	0	0	1	1	0	1	1	1	1	0	1	0	1	1	2	0	0	1	1	1	0	0	0	1	1	1	0	1	1	0	0	0	1	1	2	0	1	2	1	1	1	0	0	0	0	0	1	1	1	0	0	0	0	0	0	1	0	0	
1	0	1	0	0	0	0	1	0	1	1	0	0	1	1	0	1	0	0	0	0	0	1	1	0	0	1	1	1	1	1	0	1	0	1	1	1	1	2	0	1	0	0	0	0	0	0	1	1	1	0	1	0	0	0	1	1	1	0	1	0	0	1	0	0	0	0	1	0	1	0	0	1	0	0	0	2	1	0	0	0	0	0	1	1	0	0	1	1	1	0	1	1	1	1	0	1	0	1	0	
0	1	1	0	0	2	0	0	2	2	2	2	0	1	1	0	0	1	0	1	0	1	0	1	2	1	0	0	0	1	1	1	1	1	0	0	0	0	1	0	1	0	0	2	1	0	0	0	1	1	0	1	2	2	1	1	1	0	1	1	1	1	0	0	1	0	0	0	1	1	1	1	0	1	1	0	0	1	0	0	1	1	0	0	1	1	2	1	0	1	0	0	1	1	1	1	1	1	1	1	
0	0	0	0	0	0	0	0	0	0	0	0	1	0	0	1	1	1	0	0	0	0	0	1	0	2	1	0	0	2	0	1	1	1	0	1	1	1	2	0	1	0	1	1	1	0	1	0	2	0	1	1	1	1	1	0	1	2	1	1	1	0	1	1	0	1	0	1	1	1	2	0	1	2	0	0	0	1	1	1	0	0	1	1	0	1	0	1	1	1	1	0	0	2	0	0	1	1	0	0	
0	1	0	1	0	0	0	2	0	0	1	0	0	0	0	0	0	1	1	0	0	0	1	0	1	0	1	0	0	1	0	0	0	0	1	0	0	1	1	0	1	1	1	0	0	1	1	0	1	1	1	1	0	0	1	1	0	0	0	1	0	1	0	0	1	0	1	0	2	0	1	1	1	1	1	1	0	0	0	0	1	1	0	0	0	2	0	0	0	0	0	0	1	1	2	1	1	1	0	1	
0	0	1	1	1	0	1	1	1	1	0	0	0	1	1	1	0	0	1	1	0	1	0	2	1	0	0	0	2	1	0	0	0	0	0	1	0	0	0	0	0	0	0	1	1	0	0	1	0	2	1	1	1	0	1	0	1	0	0	0	0	1	0	0	0	0	0	0	0	1	1	1	0	1	1	0	1	2	1	1	0	0	1	0	0	0	0	1	0	2	0	1	0	1	0	1	0	1	1	1	
1	1	2	1	1	1	0	0	0	0	0	0	1	1	2	1	0	0	1	0	0	1	0	0	0	1	1	0	1	0	1	1	1	2	0	0	0	0	1	0	1	1	1	0	0	1	1	0	0	0	1	0	0	1	0	0	1	0	0	0	0	1	1	0	0	0	1	1	1	0	1	1	1	0	1	0	0	1	0	1	0	1	0	0	1	1	0	0	1	0	1	1	0	0	0	1	2	0	1	0	
0	2	0	0	1	0	1	0	1	1	0	0	0	1	2	2	2	0	0	0	0	0	0	0	0	2	0	1	1	1	0	1	1	0	1	2	1	1	0	1	0	0	1	0	1	0	1	1	1	0	1	1	1	1	1	1	1	1	1	0	1	1	2	0	1	0	0	1	0	0	0	0	1	0	0	0	1	0	1	0	0	0	0	0	2	0	1	0	1	0	0	0	1	0	1	1	1	1	1	0	
0	0	2	2	1	1	1	0	0	0	1	2	1	0	1	1	0	0	0	1	0	1	0	1	0	1	1	0	1	1	2	1	1	1	1	1	0	0	0	1	0	1	0	2	0	0	1	1	0	0	1	1	1	2	1	1	0	1	0	0	1	0	0	0	0	0	1	0	0	0	1	0	1	0	2	2	0	2	0	1	1	1	1	1	0	0	0	0	1	0	1	1	0	0	0	0	1	0	0	0	
0	1	1	0	0	0	0	1	1	0	1	0	2	0	1	1	1	0	1	1	1	0	0	1	0	0	2	1	1	1	1	0	0	1	1	1	2	0	1	1	0	0	1	1	1	0	0	0	1	1	1	2	0	1	0	1	1	0	0	0	1	0	1	0	0	1	1	1	0	0	1	0	0	0	1	0	1	1	0	1	1	0	1	0	1	0	0	0	0	0	0	1	1	0	1	0	1	1	0	1	
0	0	0	1	1	1	0	1	0	0	1	0	1	0	0	1	0	0	0	0	1	0	1	0	1	1	0	1	0	0	1	0	1	0	2	0	1	1	1	1	1	1	1	2	0	0	1	1	0	0	0	0	2	1	0	0	0	0	1	0	0	0	0	0	0	1	1	0	1	0	0	0	2	0	1	1	1	0	0	0	0	0	0	0	0	1	0	1	1	1	1	0	1	0	1	0	0	1	1	1	
1	0	0	0	1	0	0	0	1	0	1	0	0	2	0	0	1	1	0	0	0	0	1	1	0	0	0	0	0	0	0	1	1	0	0	0	0	1	0	0	0	1	0	1	0	1	2	0	2	0	0	1	0	0	0	0	0	1	0	0	1	0	0	0	1	1	1	1	1	1	0	0	1	1	0	2	1	1	1	1	1	1	0	0	0	1	1	1	0	2	2	0	0	2	0	0	0	0	1	0	
1	0	0	2	0	0	1	1	1	1	0	1	1	0	1	1	0	1	1	0	0	1	1	0	1	1	1	0	1	1	2	1	0	0	0	1	0	1	1	1	1	0	1	0	1	0	1	2	0	1	0	1	0	1	0	0	0	1	1	1	1	0	1	0	1	1	0	0	1	0	0	0	0	0	2	1	0	0	2	1	1	1	2	0	0	2	1	0	1	0	0	0	0	0	1	1	0	1	1	1	
1	1	0	0	0	1	0	1	0	0	0	0	0	1	1	1	0	0	0	1	1	2	1	2	1	1	0	1	1	0	0	1	1	1	2	0	1	0	1	0	1	0	0	0	0	0	1	2	1	1	0	1	1	2	1	1	0	1	0	1	0	1	1	0	0	0	1	0	0	0	1	1	1	0	1	0	0	0	1	1	0	1	0	0	1	1	0	0	1	1	2	1	1	0	0	1	0	1	1	1	
1	1	0	0	1	0	0	0	0	0	0	1	0	0	1	2	0	0	0	0	0	0	0	0	0	1	0	1	0	0	1	1	0	0	0	0	0	1	1	0	0	0	0	1	0	0	1	0	0	0	1	1	1	0	1	1	0	1	1	1	0	0	1	2	1	1	1	1	0	1	1	0	0	0	2	1	0	1	0	1	0	1	0	0	0	0	2	0	1	1	0	1	0	1	0	1	0	1	0	1	
0	1	0	1	1	0	0	2	1	0	0	1	1	1	1	2	0	0	1	2	0	0	1	1	0	0	1	1	0	1	0	1	0	1	1	0	0	0	1	1	0	1	0	0	0	1	1	0	1	0	1	1	2	1	0	1	1	0	1	0	1	0	1	1	1	1	1	1	1	2	1	0	0	1	1	1	0	0	1	0	1	0	1	0	0	0	1	0	1	1	0	0	2	1	0	1	1	1	1	0	
1	1	1	0	1	1	1	1	0	0	1	1	0	1	0	1	0	1	0	0	1	2	0	0	1	1	0	1	0	0	1	1	0	0	1	0	0	1	1	0	1	1	0	0	1	0	1	2	1	1	0	1	1	0	1	0	2	0	1	0	0	0	1	1	1	1	0	0	1	1	0	1	1	0	0	1	1	1	1	0	2	1	0	1	1	0	1	1	1	1	1	0	1	0	0	0	1	0	0	0	
2	0	1	1	0	1	0	1	0	0	0	2	1	1	0	1	0	1	1	1	1	0	0	0	1	0	0	0	1	1	2	0	0	0	0	0	1	1	0	0	0	0	1	0	0	0	0	0	0	0	1	2	1	0	0	2	1	1	0	1	0	1	0	1	2	1	1	1	0	0	0	0	0	1	0	1	2	1	0	1	0	2	1	1	0	0	0	1	0	0	0	1	1	0	1	0	1	1	1	1	
0	0	0	2	0	0	0	0	0	1	0	0	0	0	1	1	1	1	1	1	0	0	0	0	0	1	1	1	1	0	0	2	0	0	1	0	1	0	0	1	1	1	0	0	1	1	0	0	2	1	0	2	0	0	0	1	1	2	0	1	1	1	0	0	2	0	1	0	1	1	1	0	0	0	1	0	1	0	1	2	1	1	1	0	0	1	0	0	1	0	0	2	0	1	2	0	0	0	1	0	
0	1	1	1	1	0	0	1	0	1	2	1	0	0	0	0	2	0	0	1	0	0	1	0	2	0	0	0	0	1	1	2	1	1	0	0	2	0	2	0	0	1	0	0	0	0	1	1	1	0	0	1	0	0	1	0	0	0	1	0	0	2	1	1	0	1	1	0	1	0	0	1	0	1	0	0	0	1	1	0	1	0	1	0	0	0	1	1	0	0	0	1	0	0	0	0	0	0	0	1	
0	0	0	1	0	2	1	1	0	0	0	0	0	0	1	1	1	0	1	1	1	2	0	0	1	1	0	1	0	2	0	1	1	1	0	0	2	0	0	1	1	1	0	1	0	0	0	1	1	1	1	0	0	0	0	0	0	0	0	0	0	2	0	1	0	1	0	0	0	0	1	1	2	0	1	1	1	1	0	0	1	0	0	2	1	0	1	1	1	0	0	0	1	1	2	0	0	1	0	0	
1	1	1	1	0	0	0	1	0	1	0	0	0	0	0	0	1	1	0	2	0	1	0	0	0	0	1	0	1	2	0	0	0	2	0	1	1	0	1	0	2	0	1	1	1	0	0	0	0	1	1	1	0	0	0	0	2	0	1	1	0	0	0	1	1	0	1	1	1	0	1	0	0	0	0	1	1	1	1	0	1	0	0	1	1	0	0	0	0	1	1	1	1	0	1	2	1	0	1	0	
1	1	2	0	0	1	1	1	0	1	0	1	0	1	0	1	0	1	0	0	0	0	0	0	0	0	1	1	0	1	0	1	1	0	1	2	1	1	1	1	1	1	0	0	1	1	2	1	0	1	1	0	0	1	0	1	1	2	1	2	1	1	1	1	0	0	0	0	2	1	1	0	1	1	1	1	0	1	0	0	0	0	1	0	1	0	1	1	2	1	2	0	0	0	0	0	2	0	0	0	
1	0	1	0	1	0	0	1	1	1	0	0	1	0	0	0	0	1	1	1	0	0	0	1	0	0	0	1	1	1	1	1	0	0	1	1	1	2	0	0	0	1	1	1	1	1	1	0	1	0	1	0	1	1	1	1	0	0	1	0	1	0	2	0	1	0	0	1	1	0	2	0	0	1	1	0	1	1	1	0	1	1	0	0	2	1	1	1	1	1	1	0	0	1	1	0	2	1	2	0	
0	0	0	0	1	1	1	0	1	1	1	1	0	0	0	0	2	0	0	1	0	1	1	1	1	1	1	0	1	1	0	1	0	1	1	0	2	0	0	1	0	0	1	0	1	1	0	1	0	0	0	0	0	0	2	0	1	1	0	0	0	1	0	0	0	0	1	0	1	1	0	1	0	1	1	0	1	1	1	0	0	1	1	0	0	1	0	2	1	0	1	0	1	0	0	1	0	0	0	0	
1	0	0	0	1	0	1	0	2	0	1	0	0	1	0	1	1	0	1	1	1	0	1	1	1	0	2	1	1	0	1	1	0	0	1	0	0	1	1	1	1	0	0	1	0	0	1	1	0	0	1	1	0	1	0	1	0	1	1	1	0	1	1	0	1	0	1	0	0	1	0	0	1	0	1	0	1	0	0	0	0	0	0	0	1	1	0	0	2	1	0	0	1	2	0	1	0	1	1	1	
1	1	0	1	0	1	1	1	0	0	1	0	1	2	0	0	0	0	1	1	1	1	1	1	2	2	1	0	0	0	0	1	1	0	1	0	0	0	1	0	1	2	0	1	1	0	0	0	1	0	1	0	0	1	0	0	0	1	1	0	2	0	2	0	0	0	0	0	1	0	0	1	0	0	0	1	1	1	1	1	2	0	1	1	2	0	0	0	0	1	0	1	0	1	0	1	2	1	1	0	
0	1	0	1	1	0	0	0	0	1	0	0	1	1	1	1	0	1	1	1	0	0	0	0	0	0	0	1	2	0	0	0	1	1	0	1	1	0	2	0	1	0	1	0	0	0	0	1	0	1	0	1	0	1	0	0	1	0	0	1	1	0	1	0	0	1	1	0	0	2	0	0	0	2	0	1	0	2	2	0	1	0	0	2	1	1	1	0	0	2	0	1	1	1	0	0	1	1	1	0	
1	1	0	0	1	1	1	0	1	0	0	0	1	1	1	1	0	1	1	1	0	2	1	0	1	0	0	1	1	0	1	0	1	0	0	1	1	0	0	1	1	1	1	1	0	0	0	0	0	1	1	0	0	0	0	1	0	0	1	0	0	1	1	1	1	2	0	0	1	0	1	0	1	0	1	1	1	1	1	0	0	0	1	1	1	1	0	0	1	1	1	2	2	0	1	1	0	1	0	1	
1	0	0	0	2	1	1	1	0	0	0	1	1	0	1	1	0	0	1	1	0	1	0	0	0	0	1	0	1	1	0	1	0	2	1	1	0	1	0	1	0	2	0	0	0	1	1	0	1	0	0	0	0	0	1	1	0	1	0	2	0	1	1	1	0	0	1	1	1	0	0	0	0	1	1	1	0	1	0	0	0	0	0	1	1	0	1	1	0	0	0	1	1	1	0	1	1	0	0	0	
1	1	0	0	1	0	2	2	2	0	0	0	1	0	0	0	0	1	1	1	0	0	0	2	1	0	2	2	1	0	1	1	0	0	1	1	1	0	0	1	0	1	1	2	1	1	0	1	0	1	1	0	1	0	0	1	1	0	0	2	1	0	1	2	1	1	0	1	0	1	0	1	0	1	0	1	0	0	1	0	1	1	0	2	1	1	0	1	1	0	0	2	0	1	0	0	2	1	1	1	
1	0	1	1	0	1	1	0	1	1	1	0	1	1	0	0	0	0	0	1	2	1	0	2	0	0	1	0	1	1	1	0	0	0	2	2	2	0	0	2	1	0	1	1	1	1	0	0	0	0	0	0	0	0	1	0	0	0	0	0	0	0	0	0	0	2	0	0	1	0	2	0	0	0	0	0	0	0	0	0	1	0	0	0	0	0	1	0	0	1	1	0	0	1	1	0	2	1	1	0	
0	1	0	1	0	1	1	0	2	1	0	1	0	0	1	1	0	0	1	0	0	1	0	1	1	0	0	0	0	1	0	0	2	0	0	2	0	1	0	0	0	1	1	0	1	0	1	0	1	1	1	0	0	1	1	0	0	0	1	2	1	1	1	1	1	0	1	1	0	1	0	0	1	1	1	0	2	1	1	1	0	0	1	2	2	1	0	0	1	0	1	0	0	1	1	1	0	0	2	1	
0	0	1	0	0	0	0	0	0	1	1	2	0	1	0	0	1	1	1	1	1	1	1	0	0	0	1	2	1	0	0	1	1	0	0	1	0	0	0	1	0	1	0	0	2	0	1	1	1	0	0	0	1	1	1	0	1	0	1	0	1	1	0	1	0	1	0	1	2	1	1	1	2	1	1	0	1	1	1	1	1	1	1	0	0	0	1	1	1	1	1	0	1	0	1	0	0	1	0	1	
2	2	1	0	1	0	1	0	1	1	1	1	0	2	0	1	0	0	1	0	1	0	1	0	0	0	0	0	1	1	0	1	1	1	1	0	0	0	1	0	1	0	0	1	1	0	1	0	0	2	1	1	0	0	1	0	1	1	1	1	1	0	0	0	0	1	1	1	1	0	1	2	1	0	0	1	0	0	0	1	1	0	0	1	0	1	0	1	1	1	0	1	1	1	1	1	0	0	1	0	
0	0	1	0	1	0	1	0	1	0	0	0	0	1	1	1	1	0	1	0	0	0	0	0	0	1	0	0	1	2	2	0	1	0	1	0	0	0	0	0	1	0	0	0	0	2	1	0	1	0	0	1	1	0	0	2	0	0	0	1	0	0	1	0	0	0	1	1	1	0	0	0	1	2	1	0	0	1	0	1	1	0	0	1	0	1	0	0	0	0	1	1	1	0	1	1	1	0	1	0	
2	0	2	1	0	0	1	0	1	1	1	0	1	0	0	0	0	0	1	0	0	0	0	1	0	0	0	1	0	0	0	1	0	1	0	0	0	0	1	0	0	0	2	1	1	0	1	0	1	1	0	1	1	1	0	0	1	1	0	0	0	0	1	0	0	0	0	1	2	0	1	1	0	0	0	1	0	2	1	0	0	0	1	0	1	1	1	0	0	0	1	2	0	0	0	0	0	1	0	0	
1	0	2	1	0	0	1	1	2	2	0	0	0	1	0	0	1	0	0	0	1	0	0	1	1	0	1	0	0	1	1	0	0	0	1	0	1	1	1	0	0	0	1	1	2	1	0	0	0	1	0	0	2	1	1	1	0	0	0	0	1	0	1	0	0	0	0	0	0	1	1	0	0	0	1	2	0	0	0	1	1	0	0	0	1	0	1	0	0	1	1	1	0	0	1	2	2	1	0	0	
0	1	1	1	0	2	0	0	1	0	0	1	0	0	0	1	0	1	1	1	1	2	1	0	0	1	0	0	0	1	0	1	1	0	1	1	0	0	1	1	1	1	1	0	1	0	0	0	0	0	0	1	0	1	1	0	0	0	1	0	0	1	0	0	2	1	1	1	1	0	0	2	1	1	1	1	2	1	1	1	0	0	1	0	1	0	0	1	0	0	0	1	0	0	1	0	1	1	1	0	
0	0	1	0	0	0	1	2	0	0	0	1	1	0	1	1	1	0	0	0	1	0	0	0	0	1	0	1	2	1	1	0	1	0	0	0	1	2	2	0	2	0	1	1	0	0	0	0	1	1	1	1	0	0	1	1	0	1	0	1	1	1	0	0	1	0	1	0	0	0	0	0	0	0	0	0	1	1	0	0	0	1	1	1	2	1	0	1	0	2	0	1	1	1	1	0	1	1	0	0	
0	0	0	1	0	1	1	0	0	1	1	1	2	0	0	0	1	0	0	0	0	1	1	0	0	1	1	1	0	1	1	0	1	1	0	1	0	1	1	0	1	0	0	0	1	0	0	1	0	1	0	1	1	1	1	1	0	0	1	1	1	2	0	0	1	0	1	0	0	0	0	2	0	1	1	1	0	0	1	1	1	0	0	0	1	2	1	1	2	2	0	0	0	1	1	1	0	0	1	1	
1	1	1	0	0	1	1	1	1	1	0	2	1	0	0	0	0	0	0	1	0	1	0	1	0	2	0	0	0	1	0	0	1	0	2	0	1	0	0	0	1	1	0	1	1	1	0	0	1	0	1	0	1	0	0	1	0	2	1	1	0	1	1	0	0	1	1	0	1	2	1	1	1	0	0	0	2	0	1	1	1	0	0	1	0	0	0	0	0	0	0	0	1	1	1	1	0	1	0	1	
0	1	0	2	0	0	0	0	0	0	0	1	1	0	0	0	0	0	0	2	2	1	1	1	1	1	0	1	0	0	0	1	1	1	0	0	1	2	0	0	1	0	2	0	0	1	0	1	1	0	0	1	1	0	1	0	0	0	1	1	1	0	0	1	1	1	0	1	0	1	1	0	1	0	0	0	1	0	1	1	0	0	1	0	0	2	1	0	1	1	1	1	0	0	0	1	1	1	0	0	
1	0	0	0	0	2	2	1	0	0	0	1	0	0	1	0	1	0	1	1	0	2	1	1	0	0	0	0	1	0	0	1	0	0	1	1	1	0	1	2	1	1	2	0	0	0	2	0	1	0	0	1	0	1	1	1	1	1	1	0	0	1	0	0	0	0	0	1	0	0	1	2	1	1	0	2	1	0	1	1	0	0	0	1	0	0	1	1	2	0	1	1	0	0	1	0	0	0	0	1	
0	0	0	1	0	0	2	1	0	0	0	1	1	2	0	0	1	0	0	0	1	1	0	0	0	0	1	1	0	1	1	0	1	0	0	1	0	0	1	0	0	0	1	0	2	1	0	0	0	0	2	0	1	0	0	1	0	1	0	1	1	0	1	2	0	0	0	1	1	0	0	0	2	1	1	0	0	1	1	1	0	1	1	0	1	0	1	0	0	1	0	0	0	0	1	0	0	0	0	0	
0	0	1	0	1	0	0	1	1	0	0	1	0	0	0	0	0	1	1	1	0	1	1	0	1	0	0	1	1	1	0	0	1	0	0	1	0	1	0	1	0	0	0	1	0	1	0	0	1	0	0	0	0	0	1	0	1	1	1	1	0	0	1	1	0	1	0	0	0	0	1	1	1	1	1	1	0	0	1	0	1	1	0	0	2	0	1	0	1	1	2	1	0	1	1	0	0	0	1	2	
1	1	1	1	1	0	1	1	1	0	0	1	1	0	0	0	0	1	0	0	1	1	1	1	2	0	0	1	1	0	1	0	0	1	0	0	0	1	0	1	0	0	0	1	1	1	0	0	1	0	1	0	0	1	1	2	0	1	0	1	0	1	0	0	0	1	1	0	1	0	0	0	1	0	0	1	0	0	1	0	0	1	1	0	0	2	1	0	1	0	1	0	1	1	0	0	0	1	1	0	
1	2	1	1	0	0	0	2	0	0	0	0	1	1	1	0	0	0	1	0	1	1	1	0	1	0	0	0	0	1	2	0	0	0	0	0	1	0	2	0	1	2	0	0	0	1	0	1	1	1	2	1	0	0	2	0	1	0	1	1	0	1	0	1	0	0	0	0	0	1	0	0	0	0	1	0	0	2	0	1	0	0	1	1	0	0	0	1	1	0	0	0	1	1	1	1	0	0	1	0	
0	0	0	0	1	1	1	1	0	0	1	1	0	1	1	0	0	1	1	1	1	0	0	0	1	0	0	0	0	0	0	1	1	1	1	1	0	0	0	1	0	0	0	0	0	0	1	1	0	0	1	1	1	0	1	1	0	2	0	1	1	1	0	0	1	1	0	1	1	0	0	1	1	1	0	1	1	1	0	0	1	0	0	0	0	0	1	1	0	0	2	0	1	0	1	0	0	1	1	1	
0	1	0	0	0	0	1	0	1	2	1	1	1	1	0	2	1	1	1	0	1	2	0	0	0	0	2	1	1	0	0	1	1	0	0	1	1	2	1	1	0	0	0	1	0	0	0	1	1	0	1	1	1	1	1	1	1	0	0	0	0	0	0	0	0	0	1	1	1	1	1	0	0	0	0	1	2	1	0	0	1	0	1	0	0	0	0	1	1	0	0	0	1	2	0	1	1	1	1	1	
2	1	0	1	0	0	1	1	2	1	0	0	1	0	1	2	1	0	1	1	1	0	1	0	0	1	2	1	1	1	0	1	1	0	0	0	1	1	0	0	0	0	0	1	1	2	0	1	0	1	0	0	0	1	0	0	1	0	0	1	1	1	0	1	1	0	0	1	1	0	2	0	1	0	2	1	1	0	1	1	1	1	0	1	1	1	0	0	0	1	1	0	1	0	1	1	1	0	0	0	
1	2	1	1	0	0	1	0	0	1	1	0	0	0	1	0	1	1	1	1	0	1	0	0	0	1	0	1	0	0	1	1	1	0	0	0	1	1	1	1	0	0	0	1	0	2	0	2	0	0	0	1	2	1	0	1	1	0	1	0	1	0	0	1	0	0	0	0	0	1	0	1	0	0	0	1	1	1	0	0	0	1	0	0	1	1	2	0	1	0	0	1	0	0	1	0	0	1	1	0	
1	0	1	1	1	0	0	1	1	1	0	1	0	1	0	1	1	1	0	1	1	1	0	1	0	2	1	2	1	1	0	0	0	0	1	1	1	1	0	0	1	1	0	0	1	1	1	1	1	2	0	2	1	0	0	0	0	1	0	0	0	0	0	1	1	0	2	1	0	0	2	0	1	2	1	0	2	0	1	0	1	2	0	0	1	1	1	2	1	0	1	1	0	0	0	0	2	0	0	0	
0	1	0	0	1	1	1	1	0	0	1	1	1	1	0	1	0	1	0	0	0	1	0	1	0	0	0	1	1	1	1	0	1	0	1	1	1	1	0	1	1	0	1	0	1	0	1	0	1	2	0	1	0	0	2	0	1	1	1	2	2	1	1	0	0	1	0	0	0	0	0	1	0	0	1	2	2	1	0	1	0	1	0	0	0	1	0	0	1	1	0	1	1	0	1	1	0	0	2	0	
0	2	0	1	2	0	0	0	0	0	1	1	1	2	2	1	0	2	2	1	0	2	0	0	1	0	0	0	1	1	2	1	0	1	1	0	0	0	1	1	0	0	1	1	0	1	1	0	0	1	0	2	0	2	0	1	0	0	1	1	0	0	0	0	1	1	1	0	0	1	0	0	0	1	1	1	0	0	2	0	0	1	0	0	0	0	1	0	0	0	0	0	1	1	0	0	2	1	0	1	
0	0	0	0	0	1	0	0	0	0	0	1	0	0	1	1	0	1	0	1	0	1	1	1	1	0	1	0	1	1	0	2	0	0	1	0	1	0	0	0	1	0	0	0	0	1	0	0	0	1	2	1	0	1	1	0	1	0	0	1	1	0	0	0	1	2	1	0	1	1	0	1	1	1	1	1	0	0	1	1	2	0	0	0	0	0	0	0	0	1	0	1	0	0	1	2	0	2	1	0	
0	0	0	0	0	1	0	0	0	1	0	0	0	0	1	1	1	2	1	1	0	2	0	1	1	0	0	0	0	1	0	1	0	0	0	0	2	1	0	1	1	1	1	0	1	1	0	1	1	1	1	1	0	1	0	2	1	2	0	1	1	1	1	0	0	0	0	0	2	1	1	0	1	0	1	0	1	0	0	1	0	1	2	0	0	1	1	0	0	0	1	1	0	1	1	0	1	1	0	1	
1	0	1	0	1	1	1	0	0	2	0	1	0	0	1	1	1	0	1	1	1	0	1	0	0	1	1	0	0	1	0	1	0	1	0	0	0	1	0	1	2	1	1	2	1	1	1	1	1	1	1	0	0	1	1	0	1	0	1	0	1	2	0	0	1	2	1	1	2	0	0	0	0	1	0	2	0	1	1	0	0	0	1	0	1	1	1	1	1	1	1	0	0	0	1	1	0	0	1	1	
0	1	1	0	1	0	1	0	0	1	0	0	1	0	0	0	1	0	1	1	0	2	1	1	0	1	0	1	1	0	0	0	0	0	1	0	1	1	0	0	0	1	0	1	0	0	1	1	1	1	1	0	0	0	0	1	0	0	1	1	2	1	1	1	0	1	1	1	0	1	0	0	0	0	1	0	2	0	2	0	0	2	1	2	0	2	0	1	1	1	0	0	0	0	1	1	0	0	1	0	
1	0	1	0	0	0	1	1	0	0	0	1	0	0	1	0	0	0	1	1	1	1	0	2	0	1	1	0	0	1	1	1	1	1	1	0	0	1	0	0	1	1	0	1	0	1	0	0	0	1	1	0	1	1	0	0	2	0	1	1	1	0	1	1	0	1	0	1	1	0	0	1	0	0	0	1	1	0	0	0	2	0	0	0	1	0	1	1	0	1	0	0	1	0	0	1	1	2	1	0	
0	0	0	0	0	0	1	0	0	0	1	1	1	0	1	1	0	1	0	0	1	1	0	1	0	0	0	1	1	1	1	1	1	0	0	0	1	1	1	1	1	1	0	1	1	0	1	0	1	1	1	0	0	0	0	1	1	1	0	0	2	1	0	1	0	1	2	1	0	0	1	1	1	2	0	1	0	0	1	0	0	1	1	1	1	1	1	1	0	1	1	0	2	1	0	0	0	0	2	1	
0	0	1	1	0	1	0	1	1	1	0	1	0	1	0	1	0	1	0	0	0	0	2	0	0	0	0	0	0	1	0	0	0	1	0	1	1	0	0	1	0	0	1	1	1	0	1	1	1	1	1	1	0	0	0	1	1	2	1	1	1	0	1	1	1	0	0	1	0	1	0	0	1	1	1	0	0	1	0	0	0	0	1	0	0	1	0	0	0	0	0	0	0	0	0	1	1	1	0	0	
1	0	1	0	1	0	1	1	1	0	1	1	1	1	0	1	1	0	1	1	2	1	0	0	1	0	2	0	1	2	0	1	1	0	0	0	1	1	2	1	1	0	0	1	0	1	0	0	1	0	1	1	1	0	0	0	1	0	0	1	0	1	0	0	0	1	1	0	1	1	0	2	1	2	1	0	1	1	0	1	1	2	0	0	0	1	0	1	1	0	0	1	0	0	0	0	0	0	0	1	
1	1	1	1	1	2	0	0	0	2	1	0	1	0	2	0	1	0	1	1	0	0	0	0	0	0	0	0	2	1	2	1	0	0	1	1	2	0	1	1	1	1	1	1	1	0	0	0	0	0	0	1	1	1	1	2	1	1	0	0	1	0	1	1	1	0	1	0	0	1	1	2	1	1	0	1	0	1	1	1	1	1	2	0	2	0	1	0	1	0	0	1	1	0	0	0	1	0	0	1	
1	1	1	0	1	1	1	1	0	1	0	1	0	1	1	2	0	0	0	1	1	1	0	1	1	2	0	1	0	0	1	0	0	1	0	1	0	1	1	0	1	0	1	0	0	1	0	0	0	1	0	0	1	0	0	0	0	0	1	1	0	1	1	1	0	0	0	2	1	0	1	0	1	0	0	1	1	2	0	1	0	0	1	1	1	1	0	0	1	2	0	1	0	1	2	1	1	1	1	0	
1	0	1	1	1	0	1	0	0	1	0	0	0	1	1	1	0	1	1	1	1	0	0	0	0	1	0	1	0	1	2	0	0	0	1	0	2	1	1	1	1	2	1	0	1	1	1	0	1	0	1	1	1	0	1	1	1	0	0	1	2	0	1	0	0	1	0	1	0	0	0	1	1	0	0	2	1	1	0	1	1	1	1	0	1	0	0	1	1	0	0	0	1	1	1	0	0	1	0	0	
2	1	1	0	0	2	0	1	1	0	0	0	0	0	0	1	0	0	1	1	0	0	0	1	0	1	1	1	0	0	0	0	0	1	1	1	1	0	1	0	1	0	1	1	0	1	2	0	1	0	0	2	1	0	1	0	1	0	1	1	1	0	0	2	1	2	0	0	0	0	1	2	0	1	1	0	0	1	1	0	0	1	1	1	0	2	0	1	1	1	0	0	1	0	0	1	1	0	1	1	
1	0	0	0	0	0	0	1	0	0	0	0	1	1	0	0	1	0	1	0	0	0	0	0	1	1	1	0	1	0	0	1	0	0	0	1	1	1	1	0	1	0	0	1	0	0	1	0	1	1	0	1	0	0	1	1	0	1	1	1	0	0	0	0	1	0	0	0	1	2	0	0	0	0	1	0	1	1	1	1	1	1	0	2	1	0	0	1	1	0	1	1	0	0	0	1	0	0	1	1	
1	1	0	1	0	1	0	0	0	2	1	0	0	2	2	1	0	1	0	0	0	0	0	1	0	1	1	1	1	1	0	0	0	1	0	0	2	0	0	1	0	0	0	1	0	0	1	0	2	1	1	1	1	1	0	1	1	0	0	0	1	0	0	0	0	0	1	0	1	1	1	0	1	0	0	1	1	1	0	0	0	1	0	0	0	1	1	0	0	1	0	0	1	1	1	0	1	1	0	1	
0	1	0	1	0	1	2	0	0	0	0	1	1	0	0	1	0	1	0	1	0	1	0	1	0	0	0	1	2	0	0	1	0	0	1	1	1	1	0	1	1	0	0	1	0	0	0	1	0	1	1	0	0	0	0	2	0	1	0	2	1	1	0	0	0	0	0	1	1	1	0	0	0	0	0	0	1	0	0	1	1	0	0	1	1	1	0	1	1	0	0	0	1	1	1	2	1	1	0	1	
0	0	0	1	1	1	1	0	0	0	0	1	0	1	0	0	1	0	1	0	0	0	0	1	1	0	1	1	1	1	0	1	1	1	0	0	1	0	0	1	1	0	1	0	0	1	1	1	1	1	0	1	0	0	1	0	1	0	1	1	1	0	1	1	1	0	0	1	0	1	0	1	0	0	0	1	1	0	0	0	0	0	1	0	0	2	1	0	1	0	1	2	1	1	0	0	1	0	0	0	
1	0	0	1	0	1	1	1	0	1	0	2	1	0	1	0	1	0	0	0	1	0	0	0	1	0	1	1	0	0	1	1	1	0	1	0	1	0	0	0	1	1	1	0	1	2	0	1	0	1	0	0	0	0	2	1	1	0	1	1	1	1	0	1	0	0	2	1	1	0	0	0	0	1	0	1	2	0	1	1	0	0	1	0	1	0	1	0	0	0	0	1	1	0	0	2	1	0	1	1	
1	0	1	1	1	1	0	1	1	1	1	0	1	0	2	0	0	0	0	1	0	1	1	1	0	1	1	0	1	0	0	1	1	1	0	1	1	0	0	0	0	0	1	2	2	0	1	0	2	0	1	1	0	1	0	1	1	0	0	0	1	0	0	0	1	1	0	1	0	1	1	1	1	1	0	1	1	1	0	0	1	1	0	0	0	0	2	0	1	1	2	1	0	0	0	0	0	2	1	0	
0	0	1	1	0	1	0	0	0	1	0	0	0	1	0	0	0	0	1	1	1	1	0	0	0	0	1	1	1	0	1	0	0	0	0	0	0	0	1	0	1	1	0	2	0	0	0	1	1	0	1	0	0	1	1	1	1	0	2	1	0	1	1	0	1	0	1	0	0	1	0	0	0	0	0	0	1	0	0	2	0	1	1	1	0	1	0	1	0	1	1	0	1	2	1	1	0	0	1	1	
0	0	0	0	1	0	0	2	0	0	0	0	0	0	1	1	1	0	0	0	1	0	0	0	1	1	2	1	0	1	1	1	0	1	2	0	0	1	0	1	0	1	1	1	1	0	1	0	1	0	1	1	1	1	0	1	1	1	2	1	1	0	0	0	0	2	0	1	0	0	1	1	0	0	1	0	0	0	1	0	0	0	1	1	1	0	0	2	0	0	1	0	0	1	0	1	1	1	0	2	
1	1	1	1	0	0	0	0	0	0	0	0	0	0	0	1	0	1	2	0	1	2	1	0	0	1	1	0	0	1	1	0	0	1	0	0	0	0	2	0	0	1	0	1	0	1	0	2	1	1	1	0	1	0	1	1	1	0	1	0	1	0	0	1	1	1	1	1	1	0	1	0	2	1	1	0	1	1	0	0	1	1	0	0	0	1	0	0	1	1	1	0	1	1	1	0	0	0	0	1	
0	1	2	2	1	1	1	1	2	0	1	0	0	1	0	0	0	0	0	0	1	0	0	1	0	0	0	0	0	0	0	0	0	1	1	0	1	0	0	0	2	0	1	1	0	2	1	1	0	0	1	1	0	0	2	1	0	0	1	1	1	2	1	1	0	0	0	1	0	1	1	0	0	1	0	0	0	0	2	2	1	0	0	1	1	1	2	1	1	1	1	1	1	0	1	1	1	1	0	0	
0	0	1	0	2	1	0	0	0	1	0	1	1	1	0	1	1	0	1	0	0	0	1	1	0	0	1	1	1	1	0	0	1	1	0	0	0	1	0	1	0	1	0	0	1	1	0	1	0	0	1	1	1	1	0	0	1	1	1	1	0	1	0	0	1	0	2	0	1	0	1	0	1	2	0	1	0	0	1	1	1	0	0	2	0	1	0	0	1	1	2	0	0	1	1	1	1	1	1	0	
0	0	0	2	0	1	1	0	0	0	1	0	0	0	1	0	0	0	1	0	0	0	1	0	1	1	0	1	0	2	1	0	1	0	0	0	1	1	2	1	1	0	0	2	1	1	0	1	1	0	1	0	1	1	0	1	1	0	0	1	1	0	0	0	2	1	1	0	1	0	0	0	0	0	0	1	2	0	1	2	1	1	0	1	0	0	1	1	0	0	0	0	0	0	0	0	0	2	1	0	

16	50005	99914	100106	249046	150610	
